src,pid,d1,d2,cell,v00,sigma_00_cell_total,n_single_agent_wells_replicated,block_factor_s,block_factor_se,sigma_well_rep_interior,sigma_well_rep_interior_pooledfile,sigma_indep_rep_interior_axisfactor,sigma_well_rep_block_own,n_own,sigma_well_rep_at_e0,sigma_total_rep_interior_noblock,sigma_block_calib_stratum,sigma_axis_calib_stratum,sigma_iso_lb,sigma_iso_lb_clipped,sigma_d2_rms_upper,sigma_d2_robust,iso_resid_lag1_corr,mean_e_interior,sigma_hill_h1,sigma_hill_unclipped_df4,rmse,rmse_bliss,alpha,sigma_hill_h1_check,sigma_iso_cal,sigma_estimate
18,1,BMS-754807,LY3009120,HEK293,100.0,0.05651751105504666,7,1.0118612933730946,0.017681924021717192,0.026186941532152338,0.02539245165957114,0.026186941532152338,0.02119426369666469,7,0.05000249993750312,0.036702051532079095,0.06782882054669732,0.04162325474631826,0.022467746262293493,0.022467746262293493,0.04397378167471747,0.027493807612307457,0.04573185805188244,0.5257126592269393,0.045378605765826426,0.06003025284960923,0.0593501479454611,0.0790714958304356,-3.086232392629645,0.0453786057658251,0.042084739201423554,0.026186941532152338
18,2,BMS-754807,Trametinib,HEK293,100.0,0.05651751105504666,14,0.9829681345093213,0.012911981299525574,0.02641914878201236,0.02547889689300625,0.02641914878201236,0.03586180177283291,14,0.05000249993750312,0.037026787561933595,0.06782882054669732,0.04162325474631826,0.024241923655404035,0.024241923655404035,0.046409147809295156,0.04190675252264298,-0.10884168400011301,0.5024808599885876,0.052902350777779966,0.0699832319643551,0.0407823003631728,0.0410502888418684,-0.1967084970821328,0.05290235077778002,0.03395582865921253,0.02641914878201236
18,3,BGB324,Everolimus,HEK293,87.400315535996,0.05651751105504666,7,0.9027684469077919,0.017679386507890606,0.030089771501539523,0.026904394445480376,0.030089771501539523,0.04014588858794405,7,0.05000249993750312,0.042160786678952275,0.06782882054669732,0.04162325474631826,0.04610636467729712,0.04610636467729712,0.06444568236776514,0.04875154943805637,0.06995101132782634,0.43260571387900837,0.039811290848692255,0.052665387479050634,0.1035713750399209,0.1035836316500384,0.0451364655175735,0.039811290848693295,0.06210594691590867,0.030089771501539523
18,4,Cisplatin,Ipatasertib,HEK293,100.0,0.05651751105504666,7,1.0266242699229475,0.017691039468449302,0.02529743398792753,0.02506571632184335,0.02529743398792753,0.0285138543906403,7,0.05000249993750312,0.035458157529842896,0.06782882054669732,0.04162325474631826,0.015493408796200933,0.015493408796200933,0.04290805888129822,0.020504661674022543,0.004927951979114269,0.5784771447113852,0.04569374214448885,0.060447139093114347,0.0426479209753255,0.0496301739963257,0.7334460565070225,0.045693742144481644,0.02824034985990559,0.02529743398792753
18,5,Cisplatin,Everolimus,HEK293,91.2149392694228,0.05651751105504666,14,0.9642030491479464,0.012915772262797401,0.02146819758473934,0.02374494762146492,0.02146819758473934,0.034165579396581054,14,0.05000249993750312,0.030104662165390823,0.06782882054669732,0.04162325474631826,0.018669261584425736,0.018669261584425736,0.03243779113451145,0.01737342187996597,0.07122619317208193,0.64261424730134,0.03249605032669472,0.04298823387813674,0.0421500585099918,0.0430717567262895,0.2377784978605331,0.03249605032668973,0.029929315301293138,0.02146819758473934
18,6,NVP-LCL161,Trametinib,HEK293,100.0,0.05651751105504666,7,1.1115748061388984,0.01767876397032901,0.04797378192025256,0.035020545761825984,0.04797378192025256,0.04048661438226965,7,0.05000249993750312,0.06718531954760369,0.06782882054669732,0.04162325474631826,0.046597922922229,0.046597922922229,0.05005470851227551,0.03237956547410179,0.1878111092109807,0.04218961953981003,0.0008211565879233557,0.001086288059543772,0.0695921843464583,0.0695921851032405,-4.999993389303865,0.0008211565879545571,0.05264690276155673,0.04797378192025256
18,7,BMS-754807,LY3009120,HeLa,100.0,0.008390626843874389,7,0.9944489450479528,0.010611749401578243,0.016921755315680152,0.02615511953320793,0.022558030960712055,0.01576132858895917,7,0.030004166377354993,0.022558030960712055,0.019044047465096366,0.01328639763732724,0.012188920901608745,0.012188920901608745,0.042636447998461204,0.03201617957650674,-0.20222901395700876,0.4983505710148976,0.030329707539097008,0.04012243174288575,0.0669952775687458,0.1071215668773399,-4.575041750498497,0.030329707539096987,0.025268686449066265,0.016921755315680152
18,8,BMS-754807,Trametinib,HeLa,97.8832417068701,0.008390626843874389,14,0.9691797532870852,0.007748748798172659,0.015878183144855222,0.025492374836688134,0.021166318106592086,0.018256636121100882,14,0.030004166377354993,0.021166318106592086,0.019044047465096366,0.01328639763732724,0.007869260632985382,0.007869260632985382,0.03555594863885149,0.023065955167180064,0.11785996842006494,0.5277699546103642,0.02946892690292614,0.03898372599454171,0.1019723861196767,0.1050933636326461,-0.7662650247895255,0.02946892690292607,0.0197109970439189,0.015878183144855222
18,9,BGB324,Everolimus,HeLa,99.7039738085436,0.008390626843874389,7,1.0164258317047503,0.010608436750401963,0.023505544485502492,0.030826207947014534,0.031337623722149044,0.02574595955947066,7,0.030004166377354993,0.031337623722149044,0.019044047465096366,0.01328639763732724,0.020605194057225884,0.020605194057225884,0.06384995388539168,0.032731702828312705,-0.15785581160163578,0.2657593237847982,0.028466983589867673,0.037658279577473294,0.0912710801407245,0.1060844712382705,-4.999993389303865,0.028466983589888042,0.030676301913666507,0.023505544485502492
18,10,Cisplatin,Ipatasertib,HeLa,100.0,0.008390626843874389,7,0.984560069307333,0.011427611119581592,0.020050248893513766,0.028279974461171208,0.026730028247625267,0.03480429949212498,7,0.030004166377354993,0.026730028247625267,0.019044047465096366,0.01328639763732724,0.01657012353477869,0.01657012353477869,0.06631516456156428,0.0368883822161966,-0.3194149728482124,0.4377270660163954,0.04398522592395126,0.058186984577883134,0.056154741759306,0.0597179805460834,0.9999933893038648,0.04398522592395121,0.025913080674050758,0.020050248893513766
18,11,Cisplatin,Everolimus,HeLa,99.890762630416,0.008390626843874389,14,1.0078772578185318,0.00804972676214491,0.02036687752269917,0.028505335901498764,0.027152256301567403,0.03024967376105294,14,0.030004166377354993,0.027152256301567403,0.019044047465096366,0.01328639763732724,0.01920262926321042,0.01920262926321042,0.06853452225075639,0.03787564063190731,-0.15603694552113376,0.43906314990648926,0.03382092999302354,0.04474088493523288,0.0265191119486996,0.0490185068138432,-4.999993389303865,0.033820929993016356,0.027114066119015744,0.02036687752269917
18,12,NVP-LCL161,Trametinib,HeLa,100.0,0.008390626843874389,7,1.0275081428343467,0.010608783275550681,0.024710769930145097,0.03175478901478026,0.03294474230291452,0.018983776183638796,7,0.030004166377354993,0.03294474230291452,0.019044047465096366,0.01328639763732724,0.01647357544382554,0.01647357544382554,0.026959814047511892,0.025448643045514533,-0.17507334060309204,0.1827866866221862,0.012636587527428416,0.016716634009038094,0.0371271967643445,0.0376092046421372,-2.566531005737769,0.01263658752743153,0.023068371985227872,0.024710769930145097
18,13,BMS-754807,LY3009120,Hep G2,100.0,0.03416991991438975,7,1.02814910384021,0.013785252070188207,0.025621322499823053,0.022398850323900057,0.021079126903424325,0.02479866412685685,7,0.025621322499823053,0.021079126903424325,0.02526375211217922,0.004033737747694232,0.011113261637737964,0.011113261637737964,0.053468695116108036,0.02550426733965503,-0.00510972423292852,0.7951229463861254,0.035621355798902764,0.047122624403422624,0.0624226467928586,0.1176984041849683,-4.999993389303865,0.035621355798896304,0.019644586100415987,0.025621322499823053
18,14,BMS-754807,Trametinib,Hep G2,99.3268181040946,0.03416991991438975,14,0.9879862359325025,0.013185315243287407,0.025621322499823053,0.01999032228299009,0.018499569728942334,0.02629924456998699,14,0.025621322499823053,0.018499569728942334,0.02526375211217922,0.004033737747694232,0.0023261357151377195,0.0023261357151377195,0.05635565532868389,0.005440634380047036,-0.12408179323981335,0.9768980032067018,0.029012285773083624,0.038379646560558284,0.0239229768344609,0.0872733617130093,-4.999993389303865,0.029012285773083547,0.004043802719109735,0.025621322499823053
18,15,BGB324,Everolimus,Hep G2,98.168683616066,0.03416991991438975,7,1.006265645105854,0.011869004675464381,0.025621322499823053,0.027606929691242788,0.02654738522256781,0.018901427094121043,7,0.025621322499823053,0.02654738522256781,0.02526375211217922,0.004033737747694232,0.02621834813330594,0.02621834813330594,0.04032095294074644,0.028712311264185445,0.05985106304506057,0.4218205951476677,0.016502604457151328,0.021830893689244242,0.0820194386549754,0.0829261111270635,-0.4376666167873628,0.016502604457150453,0.03716826196158969,0.025621322499823053
18,16,Cisplatin,Ipatasertib,Hep G2,100.0,0.03416991991438975,7,1.0211644233691644,0.014218226846107934,0.025621322499823053,0.025252165667934038,0.02408927076727264,0.025690714093591676,7,0.025621322499823053,0.02408927076727264,0.02526375211217922,0.004033737747694232,0.008518156068019082,0.008518156068019082,0.07123922728357322,0.022791975937278733,-0.16622271398075214,0.6031600438962242,0.05317243689248087,0.07034052231039024,0.0662276377948262,0.0737417548916685,0.9999933893038648,0.05317243689248338,0.014348628508010648,0.025621322499823053
18,17,Cisplatin,Everolimus,Hep G2,99.574782032173,0.03416991991438975,14,1.0091420264566053,0.009721748706457384,0.025621322499823053,0.024169049349575766,0.02295134073731681,0.022705316370836684,14,0.025621322499823053,0.02295134073731681,0.02526375211217922,0.004033737747694232,0.008009756783425078,0.008009756783425078,0.06328664104565467,0.03038628404346431,0.06497428409663095,0.6520677911199775,0.044533584005656233,0.05891239413468503,0.0610668720433866,0.0715953997604304,0.9999933893038648,0.044533584005660314,0.012936000700214126,0.025621322499823053
18,18,NVP-LCL161,Trametinib,Hep G2,91.2085867512804,0.03416991991438975,7,0.9472925652956637,0.022620354597431534,0.025621322499823053,0.02062391905045752,0.019182469397291214,0.02793320079642135,7,0.025621322499823053,0.019182469397291214,0.02526375211217922,0.004033737747694232,0.01586974733670611,0.01586974733670611,0.060565246499514405,0.01900565441615501,-0.11674469624991679,0.8425734043809239,0.021194083010840404,0.028037136456371382,0.0407526170835133,0.0506299989155353,-2.7823188218857835,0.021194083010850167,0.02355293988741431,0.025621322499823053
192,1,Everolimus,Dactolisib,BT-549,90.0,0.10191092770933748,7,0.9722844284020937,0.020739204814489418,0.03744770288624908,0.04958224358739829,0.03556893304490065,0.030680147159046788,7,0.05011310312201802,0.044320191648447346,0.0596174125289379,0.06045263970021971,0.012419532667075543,0.012419532667075543,0.030482235263619803,0.030263031168559117,-0.1733741749274174,0.49000000000000005,0.03056673694613683,0.04043599217510399,0.0836853586413374,0.0993665483840988,-2.737882740332937,0.0305667369461368,0.022290528225777265,0.03744770288624908
192,2,Trametinib,Dactolisib,BT-549,96.7742652946235,0.10191092770933748,14,1.017164975851498,0.014078286668189065,0.042220500581801275,0.06308216666257171,0.03556893304490065,0.06156982255829647,14,0.05011310312201802,0.05903592346562792,0.0596174125289379,0.06045263970021971,0.03261913554944072,0.023432171401248418,0.03916707077044292,0.03556608419708836,0.2942382696800218,0.3061253237097454,0.021052463369099845,0.0623376694967809,0.0625909745238946,0.0628887027335953,-0.9495502788412972,0.021052463369099775,0.04835018000497552,0.042220500581801275
192,3,Refametinib,Dactolisib,BT-549,86.0,0.10191092770933748,7,0.9676004235533667,0.020739204814489418,0.042645025578123746,0.06421424997279235,0.03556893304490065,0.0365559632307547,7,0.05011310312201802,0.06024409023433971,0.0596174125289379,0.06045263970021971,0.03723302401014951,0.026099269653920693,0.037302721825029826,0.03631563740227092,0.3621333052989008,0.2824489795918367,0.01265868025176605,0.04174846581468065,0.0458180546662885,0.0458291153478507,-0.1357198110388355,0.012658680251766034,0.051486586386991946,0.042645025578123746
192,4,Indibulin,Dactolisib,BT-549,97.6105394264701,0.10191092770933748,7,1.063721942157902,0.020739204814489418,0.04136010767971374,0.060759452782616526,0.03556893304490065,0.036410910255597756,7,0.05011310312201802,0.0565472511360014,0.0596174125289379,0.06045263970021971,0.025173472903727328,0.016441757986095668,0.05479625888641452,0.05336258809888588,-0.18665486048111576,0.3491645731570405,0.024643158853356682,0.03524184684779385,0.072830097518878,0.0789670540222829,-3.12695974983207,0.024643158853356606,0.03905089670260752,0.04136010767971374
192,5,GSK269962,Trametinib,BT-549,116.213190593399,0.10191092770933748,7,1.102827926536287,0.01790606751141703,0.04770256659557461,0.07714412817936224,0.03556893304490065,0.035324889493542073,7,0.05011310312201802,0.07387216675547614,0.0596174125289379,0.06045263970021971,0.022659393332961124,0.013706848601388131,0.034231358562473904,0.03579493485240452,-0.1370506299624933,0.053064341302488514,0.0003670635420771436,0.1102794417096232,0.0382860301965786,0.0384344482125153,0.9999933893038648,0.000367063542077112,0.03524327729255007,0.04770256659557461
192,6,Navitoclax,Trametinib,BT-549,113.037128199045,0.10191092770933748,7,1.039699926666896,0.01790606751141703,0.049359314771782764,0.08120618752467496,0.03556893304490065,0.05143041288443662,7,0.05011310312201802,0.07810457989700526,0.0596174125289379,0.06045263970021971,0.034459367850302965,0.01879083860411815,0.04302582668143017,0.04889326941855236,-0.055285725433964754,-0.013221186579670455,0.012637561258006557,0.11442284865737852,0.0363554905509976,0.0363555363337102,0.9999933893038648,0.012637561258006502,0.04340203347140117,0.049359314771782764
192,7,Ponatinib,Trametinib,BT-549,92.4937317175094,0.10191092770933748,7,0.9228522580721938,0.01790606751141703,0.04721338180853852,0.0759308287886303,0.03556893304490065,0.04780339490401238,7,0.05011310312201802,0.07260420972039633,0.0596174125289379,0.06045263970021971,0.0686442208492464,0.03417556876360191,0.047457995906313055,0.04755980511684843,0.51148443805769,0.05249960709016425,0.024338608672920793,0.10649811116243534,0.0944770990118507,0.096647716965242,0.9999933893038648,0.024338608672920748,0.08834618137113491,0.04721338180853852
192,8,Olaparib,Trametinib,BT-549,98.2471195749507,0.10191092770933748,7,0.94996257908009,0.01790606751141703,0.04901476943300694,0.08036708009885811,0.03556893304490065,0.0401335158925201,7,0.05011310312201802,0.07723178149059672,0.0596174125289379,0.06045263970021971,0.04591170634986836,0.030464846914964015,0.031603932269940925,0.029565668024209287,0.538456204636048,0.005513073237174866,0.019540287550999094,0.057180477862217076,0.0579980484999544,0.0579981403803134,0.9999933893038648,0.019540287550999062,0.05392343933155225,0.04901476943300694
192,9,ABT-199,Trametinib,BT-549,89.0775177601337,0.10191092770933748,7,0.8891115022937651,0.01790606751141703,0.0485980925235575,0.07934844334355884,0.03556893304490065,0.023779932832886222,7,0.05011310312201802,0.0761712279646388,0.0596174125289379,0.06045263970021971,0.055601130629397165,0.04012768811244085,0.03874098618673739,0.03586632596703532,0.4405202992597528,0.03394238418906474,0.005110828093885281,0.0590404801466649,0.0958484641551577,0.0959966292253687,0.9999933893038648,0.005110828093885258,0.06452978267907988,0.0485980925235575
192,10,SCH772984,Trametinib,BT-549,99.9843292937735,0.10191092770933748,7,0.9991861555061363,0.01790606751141703,0.046886746440209424,0.0751168758690543,0.03556893304490065,0.013419877419188913,7,0.05011310312201802,0.0717525299130415,0.0596174125289379,0.06045263970021971,0.025766503650628807,0.013155467138344016,0.03207568498588156,0.029403070399873017,0.04963745472754151,0.09660510673136773,0.014269493232257121,0.022308903784712123,0.0400402678699519,0.0400930226262784,0.4370293263001831,0.014269493232257069,0.0364659720443409,0.046886746440209424
192,11,Entinostat,Trametinib,BT-549,112.82087636559,0.10191092770933748,7,1.0587758473914377,0.01790606751141703,0.049393784925357266,0.08128998111909455,0.03556893304490065,0.03450765417250346,7,0.05011310312201802,0.07819169737854366,0.0596174125289379,0.06045263970021971,0.03754942263004193,0.014496034020340519,0.045322089404872465,0.05369786543535013,-0.0896277776257701,-0.027071944532096673,2.0526575514527765e-06,0.10956106565182938,0.0275324006106507,0.0275325679322371,-4.999993389303865,2.052657551452776e-06,0.04830832588134921,0.049393784925357266
192,12,Iniparib,Trametinib,BT-549,107.376425288042,0.10191092770933748,7,1.0168120344883342,0.01790606751141703,0.04915670358961602,0.08071309128339976,0.03556893304490065,0.03348534551727065,7,0.05011310312201802,0.07759177542186686,0.0596174125289379,0.06045263970021971,0.03431636822721823,0.016650312596335374,0.042192958108266246,0.04681456600532851,-0.014570515514274044,-0.0016680393129130298,0.01361996718693164,0.08784420384510888,0.0232582546575229,0.0232582711890736,0.9999933893038648,0.013619967186931576,0.04244429076562952,0.04915670358961602
192,13,Everolimus,Dactolisib,CAL-85-1,93.086727625381,0.11177270677210581,7,0.9496167421411895,0.036430268330129766,0.08329496217291263,0.058664183089143715,0.08190120400006022,0.02259667277702861,7,0.08616038771545487,0.0904509019286998,0.05496699875849168,0.04822783440143841,0.05255016258880691,0.05064337189062796,0.08220723930000122,0.08351892226069513,-0.16180721178069174,0.3449949389564639,0.05710654137154906,0.0755448533520701,0.0871268707704751,0.0954963004179568,0.9999933893038648,0.057106541371549004,0.07182513259551354,0.08329496217291263
192,14,Trametinib,Dactolisib,CAL-85-1,94.2297035189803,0.11177270677210581,14,0.9985436826251339,0.025258168478546207,0.08379923586714741,0.06356632122229516,0.08212951139921137,0.07787426111090358,14,0.08616038771545487,0.0922952354882889,0.05496699875849168,0.04822783440143841,0.05888807963078999,0.05368447712982035,0.08977195439909152,0.09534238414699849,-0.19907407331199525,0.2861963571796134,0.05551856222276411,0.09439614094063625,0.0952584804202421,0.1013373746929579,0.9999933893038648,0.05551856222276409,0.08263313700695187,0.08379923586714741
192,15,Refametinib,Dactolisib,CAL-85-1,90.0526461623718,0.11177270677210581,7,0.9810780978736644,0.036430268330129766,0.08423111171401496,0.06750346711913086,0.08232562904487076,0.10744197463082703,7,0.08616038771545487,0.09385458693363345,0.05496699875849168,0.04822783440143841,0.07374943845491937,0.062347621681803155,0.10203597966973202,0.09955606471286124,-0.2559813788933271,0.22626540225400216,0.0564714068326501,0.11213426291380937,0.1051126683424443,0.1082063924520176,0.9999933893038648,0.056471406832650076,0.09755820757064214,0.08423111171401496
192,16,Indibulin,Dactolisib,CAL-85-1,113.992795788307,0.11177270677210581,7,1.0581609093584021,0.036430268330129766,0.08455410331912987,0.07031634861223653,0.08247265379020818,0.08787934331635112,7,0.08616038771545487,0.09500920123112198,0.05496699875849168,0.04822783440143841,0.07554929117979356,0.03555085123742844,0.09392704773269951,0.08634900622284161,0.10382521975355569,0.15172386494082274,0.05169452432576499,0.08042506665895942,0.0955873089475691,0.0990741073117951,-3.580105188165533,0.051694524325764914,0.098562410457146,0.08455410331912987
192,17,GSK269962,Trametinib,CAL-85-1,105.264616237185,0.11177270677210581,7,1.0382029301714726,0.03246348289318434,0.08514845681956341,0.07524386414340464,0.08274398323302208,0.10079297880717542,7,0.08616038771545487,0.0971092249025792,0.05496699875849168,0.04822783440143841,0.08100073431809426,0.049912249627080005,0.10490085773580453,0.10490177886358232,0.03127364768619952,0.06706306795369886,0.015779997686129848,0.15934688121715312,0.0953292175350498,0.0980204129980816,0.9999933893038648,0.015779997686129817,0.10366375142543063,0.08514845681956341
192,18,Navitoclax,Trametinib,CAL-85-1,103.373510667775,0.11177270677210581,7,1.0635026653657014,0.03246348289318434,0.08500692582201104,0.07409714877874364,0.08267928116605694,0.08740744606275247,7,0.08616038771545487,0.09661196880823324,0.05496699875849168,0.04822783440143841,0.0880233556742553,0.04183773768471821,0.12418790523676165,0.08980799773213506,-0.2322557927720067,0.08571965777167118,0.0029154903469027576,0.1557611087502128,0.1412835223268131,0.1412840781651953,-4.999993389303865,0.0029154903469027094,0.11506538356914538,0.08500692582201104
192,19,Ponatinib,Trametinib,CAL-85-1,89.3295592930257,0.11177270677210581,7,0.9295398557766391,0.03246348289318434,0.08424604874825395,0.06763588938922899,0.08233242170558748,0.02986665156671886,7,0.08616038771545487,0.09390819817747652,0.05496699875849168,0.04822783440143841,0.07312923376310466,0.0436470498678919,0.09066759650840862,0.08187542909046262,0.10588770412891325,0.2222778984219834,0.039620549935398375,0.08626549405139074,0.1188496528453072,0.1352654602735728,-4.999993389303865,0.03962054993539831,0.0995773059694695,0.08424604874825395
192,20,Olaparib,Trametinib,CAL-85-1,93.7135898364217,0.11177270677210581,7,0.8992982693253186,0.03246348289318434,0.0847330269235363,0.07183161297620311,0.08255422828049078,0.10850074836888345,7,0.08616038771545487,0.09564468711155051,0.05496699875849168,0.04822783440143841,0.07198837281241723,0.05114685829298927,0.09053946927082046,0.10500374373134443,-0.040990325347254275,0.14137605145734686,0.0443762943395172,0.09474204871811413,0.0830926708651815,0.0832721646569699,-4.498216014725485,0.04437629433951717,0.09008499991557871,0.0847330269235363
192,21,ABT-199,Trametinib,CAL-85-1,91.6795576473686,0.11177270677210581,7,0.9124545101640912,0.03246348289318434,0.08511665714537439,0.07498757809093043,0.08272944078326139,0.061800883423113524,7,0.08616038771545487,0.0969976497683338,0.05496699875849168,0.04822783440143841,0.07867840703114758,0.06062146018740763,0.09132685190973222,0.08408666330677388,-0.042725076184435475,0.10502382172630079,0.055797451871426,0.09059207422633107,0.1135722805742352,0.1150436523721341,0.9999933893038648,0.05579745187142596,0.09290768629772053,0.08511665714537439
192,22,SCH772984,Trametinib,CAL-85-1,96.2610670440707,0.11177270677210581,7,1.0322112649064379,0.03246348289318434,0.08396567506191255,0.06510943332528399,0.08220502850988445,0.08722954921873903,7,0.08616038771545487,0.092898337555514,0.05496699875849168,0.04822783440143841,0.05727852198213895,0.02845608012408231,0.09831279093458374,0.1034499034712359,-0.5008819277533015,0.270015388573229,0.0281426041458631,0.12228550968946336,0.1376870302594464,0.1533591812460323,-4.999993389303865,0.028142604145863052,0.08843799701768613,0.08396567506191255
192,23,Entinostat,Trametinib,CAL-85-1,126.791297765198,0.11177270677210581,7,1.059228437347301,0.03246348289318434,0.08496269495385082,0.07373551930562783,0.08265907236062539,0.10293470965032608,7,0.08616038771545487,0.09645621235281798,0.05496699875849168,0.04822783440143841,0.059143540383983714,0.04259815953571194,0.0940293253162347,0.09556117599682838,-0.3483470323286204,0.11241114291222148,0.027948154097961062,0.15695963804501567,0.0775582507250905,0.0775583233511297,-4.999993389303865,0.02794815409796106,0.07833994826757383,0.08496269495385082
192,24,Iniparib,Trametinib,CAL-85-1,102.224928413916,0.11177270677210581,7,1.0781626349446487,0.03246348289318434,0.08528645310855558,0.0763471548378464,0.08280712421829611,0.07836717261300494,7,0.08616038771545487,0.09759241313503253,0.05496699875849168,0.04822783440143841,0.0688279669383713,0.03321446124800579,0.09817114908571063,0.10858952894698827,-0.1900730007302905,0.05477955919227092,0.018534596228274372,0.16488808305432362,0.0776300444793452,0.078167148414519,-4.1547682039552125,0.018534596228274323,0.08939242720283204,0.08528645310855558
192,25,Danusertib,Dactolisib,CAL148,93.6812552072758,0.060907426985693604,7,0.9523774030676665,0.01861987303302458,0.04190882506796036,0.053964086306145125,0.03763321097007775,0.038664949771967994,7,0.04190882506796036,0.04700621033691821,0.0442717170003777,0.041390742950196346,0.06189106936007429,0.05289080979846801,0.10117860821078825,0.06807799476617861,0.3255929737676351,0.4738509200598232,0.03997829007749889,0.08806058586074339,0.0625300205290156,0.063936670689334,0.5004397502839831,0.03997829007749888,0.08025005026326451,0.04190882506796036
192,26,Dasatinib,Dactolisib,CAL148,95.7900706439168,0.060907426985693604,7,0.9470505862536378,0.01861987303302458,0.04190882506796036,0.06471483479033706,0.0386781788591591,0.042188284561443676,7,0.04190882506796036,0.0520382288311257,0.0442717170003777,0.041390742950196346,0.04291430610110633,0.029080633757923555,0.057186738755080055,0.0471015818130104,0.33140276934124047,0.30468273678486074,0.00901053187323577,0.05405901889418461,0.0741210438488462,0.0743822811476104,0.9999933893038648,0.009010531873235708,0.051916783295743014,0.04190882506796036
192,27,SNS-032,Dactolisib,CAL148,95.5716276106393,0.060907426985693604,7,0.9269468641818862,0.01861987303302458,0.04190882506796036,0.04980664856039882,0.037273245026305475,0.032263136587053376,7,0.04190882506796036,0.04517809456133028,0.0442717170003777,0.041390742950196346,0.05530086139056089,0.05367602943814991,0.06670822048098543,0.0559116752533392,0.26395557984275236,0.5440261731561118,0.05436263137729258,0.07586917722951733,0.0735945192011872,0.0804260833581267,0.9999933893038648,0.054362631377292525,0.07859239625647421,0.04190882506796036
192,28,Indibulin,Dactolisib,CAL148,96.1429401592114,0.060907426985693604,7,1.0095990859059178,0.01861987303302458,0.04190882506796036,0.05964094573896622,0.03816498467548111,0.03763261321007809,7,0.04190882506796036,0.04961356272479219,0.0442717170003777,0.041390742950196346,0.03632948108812899,0.02221147009613877,0.0936851344422734,0.06045020823775183,0.08972545688946588,0.4029709567070427,0.014320615318670769,0.08419595942322458,0.0589326751399725,0.0616929362042977,-4.355706946133794,0.014320615318670741,0.05089087765528475,0.04190882506796036
192,29,Dinaciclib,Dactolisib,CAL148,109.329337879562,0.060907426985693604,7,1.063137432061251,0.01861987303302458,0.04190882506796036,0.052843110185586226,0.037533658869342706,0.05563652530046387,7,0.04190882506796036,0.04650607418929162,0.0442717170003777,0.041390742950196346,0.03892888096076573,0.0361481904287365,0.07475493874012493,0.05776776997526101,0.18158926795192423,0.5018147146416416,0.029024640880550127,0.0683696714854276,0.0656426390047413,0.0663180113467723,0.6284360739375645,0.029024640880550078,0.055210712470670636,0.04190882506796036
192,30,TAK-901,Dactolisib,CAL148,109.484768499394,0.060907426985693604,7,1.044233509599617,0.01861987303302458,0.04190882506796036,0.05367406640967554,0.03760727978130304,0.04326368487542828,7,0.04190882506796036,0.046876322265950475,0.0442717170003777,0.041390742950196346,0.11594013223732559,0.11567496195273373,0.10894033602749958,0.06510315802009062,0.598304020275263,0.5073735240128018,0.11393315663240933,0.16523230802806915,0.1219484830021809,0.1345200258086463,-4.999993389303865,0.11393315663240933,0.1476964472238434,0.04190882506796036
192,31,Trametinib,Dactolisib,CAL148,100.521568822248,0.060907426985693604,13,1.0161119992624172,0.012792817297049905,0.04190882506796036,0.0629677450369557,0.03849752540007934,0.052384630402368036,13,0.04190882506796036,0.0511941344082472,0.0442717170003777,0.041390742950196346,0.037057829391236786,0.02502130064577821,0.05621284620507219,0.05606309149710818,0.18663987123790277,0.34783578988893565,0.01914838543612288,0.07406918052154683,0.0493436175827809,0.0494870803811386,-0.5689359375164734,0.019148385436122857,0.051277343753192865,0.04190882506796036
192,32,Teniposide,Dactolisib,CAL148,103.220953583923,0.060907426985693604,7,1.0076696104918035,0.01861987303302458,0.04190882506796036,0.055103845462460235,0.03773629574145734,0.018997914540945775,7,0.04190882506796036,0.04751992069165089,0.0442717170003777,0.041390742950196346,0.032409403204426625,0.020707327204909858,0.06538936886952426,0.05388550876600914,0.05080359884556655,0.47567902062365525,0.01901537037506694,0.09877153247329436,0.0534748383551523,0.0823259698073399,-4.999993389303865,0.019015370375066905,0.050763617114280755,0.04190882506796036
192,33,Floxuridine,Dactolisib,CAL148,96.9408391935907,0.060907426985693604,7,0.9383277982209279,0.01861987303302458,0.04190882506796036,0.05878150738741522,0.03808155728710238,0.0263815141822456,7,0.04190882506796036,0.049211269487451664,0.0442717170003777,0.041390742950196346,0.026154505316768363,0.019259879384773537,0.05509351414012305,0.028965715855091292,0.2112965441203473,0.4021171798528312,0.017710518723544493,0.04158738668425755,0.062175682598949,0.0746711532771553,0.9999933893038648,0.017710518723544434,0.03649479288553109,0.04190882506796036
192,34,Refametinib,Dactolisib,CAL148,97.84347258393,0.060907426985693604,7,1.0103316593153513,0.01861987303302458,0.04190882506796036,0.06203137700031818,0.038402397555680534,0.04329285171716321,7,0.04190882506796036,0.050745626643111635,0.0442717170003777,0.041390742950196346,0.024671145620445915,0.01685747126765115,0.053741663673141316,0.04670850532682539,-0.13253530954316653,0.37554215134865715,0.02438455550879761,0.05534811859032629,0.0487866884323356,0.0622921064490847,-4.999993389303865,0.0243845555087976,0.03701295770791748,0.04190882506796036
192,35,Navitoclax,Dactolisib,CAL148,103.748908963178,0.060907426985693604,14,1.0211073679329834,0.01198336872529385,0.04190882506796036,0.06243119636560144,0.03844287056421946,0.04654050715918732,14,0.04190882506796036,0.05093679532869177,0.0442717170003777,0.041390742950196346,0.023974719562462492,0.01195715701541299,0.07232483736059313,0.05115386652344529,-0.11892602816375891,0.3608380089640612,0.008142631344196028,0.08041128807883897,0.0532182675458423,0.0704574499740646,-4.999993389303865,0.00814263134419599,0.036565396415603954,0.04190882506796036
192,36,BIIB021,Dactolisib,CAL148,97.7242568531305,0.060907426985693604,7,1.0060738621883156,0.01861987303302458,0.04190882506796036,0.0558009358075751,0.03780026365056708,0.025767986681494763,7,0.04190882506796036,0.04783662128616642,0.0442717170003777,0.041390742950196346,0.022539067186852526,0.01345750781368996,0.08068719893373877,0.04482728000882783,-0.014942354338323407,0.4804945714989541,0.013081963930373199,0.07393149642577916,0.049310312308804,0.0503728617264455,-1.4608917941852553,0.013081963930373182,0.033925240877498236,0.04190882506796036
192,37,GSK269962,Trametinib,CAL148,87.2844905483066,0.060907426985693604,7,0.9478247583733334,0.015081391266284076,0.04190882506796036,0.07669865876534407,0.04002397619883588,0.03864858734377013,7,0.04190882506796036,0.05805135186220773,0.0442717170003777,0.041390742950196346,0.04572602561046268,0.03486406106854037,0.040023470372616686,0.03957481720744715,0.29187889068149014,0.07664151575257579,0.015160700032243433,0.023479439331395978,0.0913304773840952,0.0969873410231654,0.9999933893038648,0.015160700032243346,0.056097665557422315,0.04190882506796036
192,38,GDC-0068,Trametinib,CAL148,92.4979217117866,0.060907426985693604,14,0.9518366196628536,0.011724898398424062,0.04190882506796036,0.06548578290624169,0.038759194263007155,0.037674743307992815,14,0.04190882506796036,0.05241361831846051,0.0442717170003777,0.041390742950196346,0.036753752276409264,0.02590469035662141,0.041827413738383876,0.03645083495359561,0.35286088558642464,0.30875507032248684,0.021073045418040594,0.03864234490695683,0.0549720693123598,0.0657387441902581,-4.999993389303865,0.021073045418040542,0.05083429079871472,0.04190882506796036
192,39,Nintedanib,Trametinib,CAL148,93.8641703112011,0.060907426985693604,7,0.9303829439606233,0.015081391266284076,0.04190882506796036,0.08056427897029493,0.04049584664030414,0.04694884555632454,7,0.04190882506796036,0.060061865856945104,0.0442717170003777,0.041390742950196346,0.04644952540670584,0.029121051453862675,0.03151808933272577,0.02970408336334375,0.4732379022532199,0.012754899191035535,0.026002491195345832,0.06941722755073969,0.0651805885712027,0.0651806385136749,0.9999933893038648,0.026002491195345798,0.057685049036938205,0.04190882506796036
192,40,Everolimus,Trametinib,CAL148,104.134889941085,0.060907426985693604,14,1.0585265327351316,0.012126437263664564,0.04190882506796036,0.06471118051525963,0.038677796731066784,0.04179312645195891,14,0.04190882506796036,0.052036453670090445,0.0442717170003777,0.041390742950196346,0.01722741081254169,0.0143680919762792,0.031339614955079836,0.03171235766938473,-0.15778006611552997,0.26064559340199733,0.012805048129292205,0.0684784372680247,0.0507188202010329,0.050720125343106,-4.999993389303865,0.012805048129292193,0.02748824209599142,0.04190882506796036
192,41,Olaparib,Trametinib,CAL148,111.859616149203,0.060907426985693604,7,1.1101740270596379,0.015081391266284076,0.04190882506796036,0.08182142910996623,0.04065307548131678,0.01697218217746783,7,0.04190882506796036,0.060722081435083945,0.0442717170003777,0.041390742950196346,0.030200360870446565,0.007865319849566578,0.04354109553108072,0.03158109791081366,-0.1287614027035431,-0.027728016062751933,2.9849331884240265e-06,0.11721201185066815,0.0337043081476096,0.0337043081719946,-4.999993389303865,2.9849331884240265e-06,0.03956399436305718,0.04190882506796036
192,42,SCH772984,Trametinib,CAL148,110.358911338418,0.060907426985693604,7,1.0432306037914199,0.015081391266284076,0.04190882506796036,0.07974770620443333,0.04039470194275608,0.040779629164414626,7,0.04190882506796036,0.05963465785325133,0.0442717170003777,0.041390742950196346,0.02988554596773582,0.012106678339200106,0.04045450997202057,0.03322184489288327,0.19247280050540963,0.01757992096972551,0.007298007849309495,0.09121634509434667,0.0374932540305342,0.0394480385223824,-4.999993389303865,0.007298007849309428,0.04163510783292839,0.04190882506796036
192,43,ABT-199,Trametinib,CAL148,96.5703931067638,0.060907426985693604,7,0.9520786082449069,0.015081391266284076,0.04190882506796036,0.08262800758795494,0.040754909300745705,0.035365621942185135,7,0.04190882506796036,0.06114723388223522,0.0442717170003777,0.041390742950196346,0.05379164408042856,0.0257682422482401,0.04078318803464091,0.03487730125871987,0.3888669143752784,-0.04213390248670002,0.013219719305988519,0.06997936836301893,0.0741872301535616,0.0741873155896399,0.9999933893038648,0.013219719305988495,0.061877850352477046,0.04190882506796036
192,44,Tosedostat,Trametinib,CAL148,92.8649088421286,0.060907426985693604,7,0.9488299419200815,0.015081391266284076,0.04190882506796036,0.07996097536182116,0.04042104344942958,0.02670950541737939,7,0.04190882506796036,0.059746108411995576,0.0442717170003777,0.041390742950196346,0.047370620374392484,0.02777553354703617,0.037193080173197425,0.041511643508165094,0.410128962827208,0.019821903096507415,0.015629967208775263,0.04486264023561353,0.0663908904432147,0.0676677539507411,0.9999933893038648,0.015629967208775214,0.05853792990800403,0.04190882506796036
192,45,Navitoclax,Trametinib,CAL148,97.6221293591213,0.060907426985693604,14,0.987422392048673,0.010861871177164887,0.04190882506796036,0.07986942654762279,0.04040972946958684,0.054170071622353086,14,0.04190882506796036,0.05969825570760997,0.0442717170003777,0.041390742950196346,0.041365865585523104,0.023805492812561512,0.038396682534425526,0.0383959200225936,0.3479778641213804,0.01723807159045696,0.011615286633689279,0.0601912625364771,0.0658547719653529,0.066046170842837,0.9999933893038648,0.011615286633689225,0.052796607020218794,0.04190882506796036
192,46,Iniparib,Trametinib,CAL148,106.59073259125,0.060907426985693604,7,1.0567374495728286,0.015081391266284076,0.04190882506796036,0.08226030858871149,0.04070839351791213,0.09182500821069439,7,0.04190882506796036,0.06095326819216635,0.0442717170003777,0.041390742950196346,0.051045121948063175,0.02366702342454061,0.043886792633985004,0.04943525064819231,0.37512774276152683,-0.03185653833294808,0.005157763048650539,0.13657298253837388,0.0599381633327457,0.0599382264227401,0.9999933893038648,0.005157763048650501,0.06268462323856464,0.04190882506796036
192,47,Entinostat,Trametinib,CAL148,100.360193779816,0.060907426985693604,7,1.0127961541175503,0.015081391266284076,0.04190882506796036,0.08107103935411014,0.040559006319337294,0.027128456299530312,7,0.04190882506796036,0.060327638531803854,0.0442717170003777,0.041390742950196346,0.046397108159882246,0.01532340621046789,0.05116254173446176,0.02778634436052425,0.48892366527964537,-0.018322441583415377,0.001752375180141611,0.04865534895130064,0.0433292315049285,0.0454814567873912,-4.999993389303865,0.0017523751801416109,0.05376647949569612,0.04190882506796036
192,48,Pictilisib,Trametinib,CAL148,105.99164232092,0.060907426985693604,7,0.9773588733127747,0.015081391266284076,0.04190882506796036,0.07758194401155742,0.040130235260064075,0.04909923964433238,7,0.04190882506796036,0.058508045587118016,0.0442717170003777,0.041390742950196346,0.03284804255688097,0.020598477067302116,0.061059812475620305,0.04265318013002695,0.24013034501886787,0.06553298883252813,0.0183938838080672,0.07100195604169783,0.0534563233940385,0.0537911880474877,-1.1818746617728209,0.01839388380806715,0.04201828295901332,0.04190882506796036
192,49,GDC-0068,Dactolisib,CAL148,97.8015479349779,0.060907426985693604,14,0.9695451401011569,0.013174005714592587,0.04190882506796036,0.05205017046773994,0.037464345317880066,0.03664532531832189,14,0.04190882506796036,0.046155444682694044,0.0442717170003777,0.041390742950196346,0.03170837675935471,0.024329749603322428,0.051883478338870026,0.03914057772755976,0.23625455318735258,0.5265084958708312,0.019933586721214105,0.056756853810315366,0.0558235683840229,0.0568874715330494,0.6806720410912046,0.019933586721214036,0.04482587390717307,0.04190882506796036
192,50,KX2-391,Trametinib,CAL148,102.077219335142,0.060907426985693604,7,1.0002516758941995,0.015081391266284076,0.04190882506796036,0.06464937875030607,0.038671336808285356,0.03059086358250097,7,0.04190882506796036,0.05200643783824032,0.0442717170003777,0.041390742950196346,0.04907096271826381,0.013749272657743901,0.1371145283790586,0.04142243582552999,0.38100193611294886,0.32432832828423264,0.007075973248929738,0.082762832830395,0.0366426927632472,0.0477462388284069,-4.999993389303865,0.007075973248929684,0.06200789556443453,0.04190882506796036
192,51,Linsitinib,Trametinib,CAL148,96.1116819562823,0.060907426985693604,7,0.9840887127052247,0.015081391266284076,0.04190882506796036,0.08213392969058235,0.04069244162176691,0.03722006342412053,7,0.04190882506796036,0.0608866593998997,0.0442717170003777,0.041390742950196346,0.03964210761856335,0.01818762758654619,0.03089492859794313,0.024040046196864673,0.3548444356798413,-0.026315467899350242,0.008862425149926887,0.08500546820256295,0.0452541381864377,0.0452541877174739,0.9999933893038648,0.00886242514992686,0.04849752038874969,0.04190882506796036
192,52,Ponatinib,Trametinib,CAL148,96.7503714600412,0.060907426985693604,7,1.0313161053613864,0.015081391266284076,0.04190882506796036,0.08184219173045859,0.040655687504242685,0.024452640911793208,7,0.04190882506796036,0.0607330103898628,0.0442717170003777,0.041390742950196346,0.029906083906826832,0.00789365446239536,0.028853430913074157,0.029852072999342116,0.16146749319029832,-0.0285557690923826,2.0489297643431546e-06,0.09766202816474412,0.0319619559388915,0.0319621638382267,-4.999993389303865,2.0489297643431546e-06,0.0381202802002843,0.04190882506796036
192,53,AVN944,Dactolisib,CAL148,99.557944070315,0.060907426985693604,7,1.0396309075315127,0.01861987303302458,0.04190882506796036,0.05820499240213716,0.03802617159303728,0.032247464444834194,7,0.04190882506796036,0.048942860034873234,0.0442717170003777,0.041390742950196346,0.02781122228289262,0.016427503562908747,0.06222500165482628,0.05281830362069592,0.02149637548737785,0.4106536957502011,0.0066096252208247,0.07895741473402478,0.0409327956019301,0.0411802757822826,0.3189232517471402,0.006609625220824679,0.04109699587122297,0.04190882506796036
192,54,Everolimus,Dactolisib,CAL148,107.701235243242,0.060907426985693604,14,1.0550013751249279,0.013751471558598963,0.04190882506796036,0.04495517431466535,0.03688578839937795,0.04401456522036561,14,0.04190882506796036,0.04314483077115666,0.0442717170003777,0.041390742950196346,0.007230570815246843,0.002837887796973673,0.03964299181739234,0.03237553960180542,-0.09327635170046579,0.6293749801050693,0.01859864631243049,0.06140817166831542,0.1696167542762158,0.2104136543081818,-4.999993389303865,0.01859864631243043,0.01810377577561259,0.04190882506796036
192,55,Danusertib,Dactolisib,CAL51,93.136274642025,0.04801650185794944,7,0.9439588923053925,0.01731060367576714,0.026685356421986814,0.05134059836371404,0.025742574770088296,0.018159483790516896,7,0.042151350632378,0.03618535470094183,0.04038215549223917,0.04276100639109327,0.025498752085955645,0.024315255980293903,0.03766899003456654,0.030577020549233804,0.18521093403921815,0.5097705378325335,0.013701843096988669,0.018637750521164335,0.0550496650948761,0.0580304398092702,0.5617826984449007,0.013701843096988596,0.03964744516007418,0.026685356421986814
192,56,Dasatinib,Dactolisib,CAL51,98.1476917067,0.04801650185794944,7,0.985662211800532,0.01731060367576714,0.022608629797159788,0.04280215667569089,0.021487718578996114,0.0123190810957834,7,0.042151350632378,0.03154968865312033,0.04038215549223917,0.04276100639109327,0.004513116154857621,0.004513116154857621,0.03120622928292259,0.025696181588322386,-0.14155630543304265,0.6349153094774781,0.01392384910243936,0.01841952100892223,0.0190926637798742,0.0282887792316761,-0.822022386400527,0.013923849102439342,0.01228661379827217,0.022608629797159788
192,57,SNS-032,Dactolisib,CAL51,99.3028847271763,0.04801650185794944,7,0.9568373591622295,0.01731060367576714,0.022567258043318623,0.042714735083402074,0.021444184386887798,0.032341828836926705,7,0.042151350632378,0.031503373354054245,0.04038215549223917,0.04276100639109327,0.018447123550280164,0.0159970572100564,0.04500235096214318,0.03652184862619048,0.02804466337526372,0.6749473089581368,0.022509339442747613,0.035960289784337206,0.0321445607750661,0.0331639663943588,-0.5010324199718384,0.022509339442747564,0.03152377788244668,0.022567258043318623
192,58,Indibulin,Dactolisib,CAL51,95.6084993186965,0.04801650185794944,7,1.0102835506926267,0.01731060367576714,0.02485157443394096,0.04751659771335839,0.02383637263240406,0.02449837846026282,7,0.042151350632378,0.03408389550914995,0.04038215549223917,0.04276100639109327,0.018056872835044768,0.016339940848989102,0.057842894177390976,0.03548319258433615,-0.2540367127307124,0.5800052029052368,0.008620346452198932,0.02859553866901541,0.0657613693433736,0.0893216366465571,-4.999993389303865,0.008620346452198861,0.031810467138660974,0.02485157443394096
192,59,Dinaciclib,Dactolisib,CAL51,108.0,0.04801650185794944,7,1.076355101502559,0.01731060367576714,0.02567174323940623,0.049229845161957414,0.02469028775399576,0.015119321652970464,7,0.042151350632378,0.03502082608683165,0.04038215549223917,0.04276100639109327,0.0148367856478584,0.01069340723686016,0.06669790934587914,0.03631563740227103,-0.015682231633796985,0.5859183673469387,0.013672750840766267,0.06577060653210637,0.0243697716232623,0.0257789561035913,-0.6376221526185802,0.013672750840766232,0.023743219536147348,0.02567174323940623
192,60,TAK-901,Dactolisib,CAL51,105.486236740161,0.04801650185794944,7,1.0329495772035089,0.01731060367576714,0.024766522725361485,0.0473386379450623,0.023747685283643127,0.07868301472165848,7,0.042151350632378,0.03398702724088442,0.04038215549223917,0.04276100639109327,0.01727914230648025,0.012167158784837812,0.037664790949003296,0.03038280031376433,-0.22169159461592494,0.5775548452363473,0.030487745301679605,0.09567085674658382,0.0366664249934502,0.0397148027153592,-0.753789054319597,0.03048774530167956,0.0355416566569278,0.024766522725361485
192,61,Trametinib,Dactolisib,CAL51,94.7886438270024,0.04801650185794944,13,0.9853897580698882,0.012240778590161042,0.029024028959655567,0.056187196754011536,0.028159654924661957,0.02873575076373,13,0.042151350632378,0.03889668089904078,0.04038215549223917,0.04276100639109327,0.019421395694080395,0.016423201866695523,0.036221426918868094,0.027378186242902683,0.10774872751403126,0.4343818399334952,0.008531803089829594,0.023916857606422492,0.0317511259937573,0.0357859758992441,0.9999933893038648,0.00853180308982958,0.027975026534682822,0.029024028959655567
192,62,Teniposide,Dactolisib,CAL51,96.4263921559494,0.04801650185794944,7,0.9530646493056796,0.01731060367576714,0.025476660497892815,0.048822791515539886,0.02448738733613706,0.029727103077544212,7,0.042151350632378,0.03479751956519139,0.04038215549223917,0.04276100639109327,0.023505164333385075,0.019950686380313887,0.042082736662976974,0.0387032994277181,-0.004501503925474083,0.5517152087562556,0.025437465976063223,0.04221474167972833,0.0361255732901524,0.0397536804174801,0.5158391831550305,0.025437465976063157,0.037864029133811025,0.025476660497892815
192,63,Floxuridine,Dactolisib,CAL51,94.0843561497077,0.04801650185794944,7,0.9120523625682079,0.01731060367576714,0.025982442411209634,0.04987758319603712,0.025013180966781064,0.019883705981525435,7,0.042151350632378,0.03537703613787778,0.04038215549223917,0.04276100639109327,0.026653011701044914,0.02366622585457768,0.03943549514732269,0.03322258744582043,0.2620695749013666,0.5114565098461774,0.015772693556115075,0.03147488938207574,0.069981263897472,0.1026028073908843,0.9999933893038648,0.01577269355611499,0.03758108118125993,0.025982442411209634
192,64,Refametinib,Dactolisib,CAL51,103.474858513636,0.04801650185794944,7,1.011737886491977,0.01731060367576714,0.028637230525541794,0.055387615398772995,0.027760815560752827,0.02765366632445814,7,0.042151350632378,0.03844610386424198,0.04038215549223917,0.04276100639109327,0.01811918659542688,0.011811557053739727,0.0363244568560533,0.03472809166307089,0.003573514608774152,0.44498208813767487,0.008234095131651216,0.028245132009778868,0.0327815636353137,0.0344269079482137,-1.4447190290637433,0.008234095131651138,0.029581006019679515,0.028637230525541794
192,65,Navitoclax,Dactolisib,CAL51,108.259543051447,0.04801650185794944,14,1.0514067892925354,0.011721839954423859,0.03054325802581681,0.05932104596344198,0.02972309740347961,0.03313623316360629,14,0.042151350632378,0.04067373031508352,0.04038215549223917,0.04276100639109327,0.018291447543524998,0.01558143470726159,0.03968327617593611,0.036047522325378424,-0.15771214384857601,0.39281700336468306,0.013684540683546815,0.05494783808755252,0.0365658497014801,0.0438292824581506,-4.999993389303865,0.013684540683546752,0.028547963410977588,0.03054325802581681
192,66,BIIB021,Dactolisib,CAL51,102.966206302257,0.04801650185794944,7,1.0206361073672112,0.01731060367576714,0.027093785451500447,0.052189241144493116,0.026165724116046372,0.02314511896631199,7,0.042151350632378,0.036656515779440714,0.04038215549223917,0.04276100639109327,0.01836744605853544,0.012706079914425737,0.046645251486686384,0.028985185126483144,0.17864539501231524,0.5018110539741902,0.007833299564047842,0.046722696973960996,0.0275899913738561,0.050036659931323,0.9999933893038648,0.007833299564047812,0.0260457300330205,0.027093785451500447
192,67,GSK269962,Trametinib,CAL51,90.4868048796478,0.04801650185794944,7,0.9890242365157212,0.014963881159174292,0.038599690239814466,0.07581008110606936,0.03795402475409876,0.05522405262669659,7,0.042151350632378,0.05024675008045075,0.04038215549223917,0.04276100639109327,0.042521835837682764,0.025687427027404786,0.0489354186020671,0.03822158889044665,0.19178796577131768,0.08867150517421313,0.02442073071983952,0.05239853037154305,0.0481825273319403,0.0515201858457546,0.9999933893038648,0.024420730719839467,0.049976918107462756,0.038599690239814466
192,68,GDC-0068,Trametinib,CAL51,103.933573045947,0.04801650185794944,14,1.0454897986034049,0.011053133505162384,0.037129241685681984,0.07281309225328533,0.03645754375405586,0.028781777503329775,14,0.042151350632378,0.04848446067875791,0.04038215549223917,0.04276100639109327,0.025012766596914916,0.014407794794514095,0.0346980403000266,0.02686682841508716,0.05163597010770674,0.13235269144598164,0.0034999150103782847,0.066145098994544,0.0281714769495752,0.0313839069799558,-2.8416239044339013,0.0034999150103782665,0.037043595298887816,0.037129241685681984
192,69,Nintedanib,Trametinib,CAL51,99.7851663951829,0.04801650185794944,7,0.9474506492991769,0.014963881159174292,0.03856029610743219,0.0757298474476326,0.03791395975518732,0.0675658638340849,7,0.042151350632378,0.050199466525076855,0.04038215549223917,0.04276100639109327,0.03727599664664823,0.030353349593765056,0.02884230672041358,0.029586476690236556,0.41194661554101536,0.08988183534219642,0.014273119558301807,0.07015780152147638,0.0763796852929504,0.0785607169345627,0.9999933893038648,0.014273119558301765,0.050871800492283334,0.03856029610743219
192,70,Everolimus,Trametinib,CAL51,94.9317424215681,0.04801650185794944,14,1.0020381115982586,0.011320048135737662,0.02985651070906773,0.05790569037454789,0.029016945741166308,0.03665934089432635,14,0.042151350632378,0.039869045735799725,0.04038215549223917,0.04276100639109327,0.018920481930371734,0.017786114998574482,0.030928291066692284,0.02710491210247552,0.012438153728077798,0.360727791290501,0.027011136486453136,0.043667682511690356,0.0304660141970218,0.0327711992911761,0.9999933893038648,0.027011136486453063,0.026172762200604303,0.02985651070906773
192,71,Olaparib,Trametinib,CAL51,107.582718502418,0.04801650185794944,7,1.0690349504147607,0.014963881159174292,0.04048605028158212,0.07964863539622939,0.039870944004724906,0.02187977935252906,7,0.042151350632378,0.05251510426664506,0.04038215549223917,0.04276100639109327,0.026733942431250473,0.013968207018144645,0.03578890992490296,0.03907319592610405,-0.0024936477035395984,0.015442207403454086,0.007715949058869886,0.0883224230959622,0.0326268195271289,0.0327132371842514,0.9999933893038648,0.007715949058869825,0.03712701556231252,0.04048605028158212
192,72,SCH772984,Trametinib,CAL51,103.279994755236,0.04801650185794944,7,1.0283877697542319,0.014963881159174292,0.03939013651048092,0.07741934815101191,0.03875764134644206,0.0336322425546635,7,0.042151350632378,0.05119627885096593,0.04038215549223917,0.04276100639109327,0.025373893202023004,0.015524742066550046,0.03609735031602515,0.03254420865277095,-0.10958951179875397,0.05688860547219497,0.018000428758079765,0.085065281107482,0.0358073077058939,0.0414416265511796,-4.999993389303865,0.018000428758079744,0.037925148180581104,0.03939013651048092
192,73,ABT-199,Trametinib,CAL51,95.7883011114687,0.04801650185794944,7,0.9671832224104111,0.014963881159174292,0.040773176955924376,0.08023236184474937,0.04016246839406457,0.03189654543708459,7,0.042151350632378,0.05286106264899394,0.04038215549223917,0.04276100639109327,0.033447637326206675,0.02207041003096696,0.03243254214353316,0.027517431019217966,0.21696248078149785,0.017416831821720567,0.008916946262704019,0.052096621448630955,0.0504770431236042,0.0506714539699137,0.9999933893038648,0.008916946262703958,0.04123964273933579,0.040773176955924376
192,74,Tosedostat,Trametinib,CAL51,99.5935341733297,0.04801650185794944,7,0.9773106010288479,0.014963881159174292,0.03712294875587532,0.07280025651188109,0.03645113486239431,0.02987833878484215,7,0.042151350632378,0.048476930880445177,0.04038215549223917,0.04276100639109327,0.018368590322859868,0.01387574596106476,0.02592356357600927,0.024856483753070143,-0.10987641152508554,0.1367194876564383,0.014721546382921146,0.028379505050317787,0.0343146206217638,0.0388239672565485,0.9999933893038648,0.014721546382921093,0.0270528827995886,0.03712294875587532
192,75,Navitoclax,Trametinib,CAL51,101.087704532515,0.04801650185794944,14,0.9803723753588275,0.010906535247441675,0.03934770184331519,0.07733298527971115,0.03871451341261495,0.053041383725645444,14,0.042151350632378,0.051145266852048774,0.04038215549223917,0.04276100639109327,0.03746486107786051,0.022075055758570848,0.039676485825764066,0.03238984121602608,0.19822374625248257,0.06307247507265883,0.024056553299540522,0.05418065012201091,0.0437777365377261,0.0437786362074541,-0.1096915628434803,0.02405655329954046,0.04926141867553802,0.03934770184331519
192,76,Iniparib,Trametinib,CAL51,104.233482684358,0.04801650185794944,7,1.0079855353847134,0.014963881159174292,0.040855745307614384,0.08040019744647972,0.04024628968073664,0.030405089807019017,7,0.042151350632378,0.05296058100673328,0.04038215549223917,0.04276100639109327,0.03171433257494024,0.016905374922987246,0.02822142023654094,0.02530596808857099,0.2917388944802139,0.004729690475096123,0.004511786206869934,0.07337981833222072,0.0251611880462302,0.0251612239081341,0.9999933893038648,0.004511786206869865,0.03799839561976843,0.040855745307614384
192,77,Entinostat,Trametinib,CAL51,100.81738742976,0.04801650185794944,7,1.0416681001286034,0.014963881159174292,0.0408812183836577,0.08045197397826577,0.040272148253568806,0.010211480248675124,7,0.042151350632378,0.052991286162457615,0.04038215549223917,0.04276100639109327,0.02645615121245338,0.016772760437814324,0.031078254432794866,0.027823080367364184,0.01623597471172812,0.00526741478580235,0.00020566044589566762,0.08439638826034469,0.0250398629281738,0.0259130209400633,-4.999993389303865,0.00020566044589560286,0.034908420891808886,0.0408812183836577
192,78,Pictilisib,Trametinib,CAL51,98.4795900685694,0.04801650185794944,7,1.0133004130635437,0.014963881159174292,0.03619470034918634,0.07090591924754844,0.0355053269495227,0.052532877185844554,7,0.042151350632378,0.047367433740981575,0.04038215549223917,0.04276100639109327,0.028320986867516437,0.011620319385344911,0.045282689903955634,0.037316189533090016,-0.1531429087651841,0.17541260136007267,0.008643930693187717,0.0869530189580638,0.0448051841370201,0.0458192429623025,-1.4379456846417311,0.008643930693187665,0.04229290324672042,0.03619470034918634
192,79,GDC-0068,Dactolisib,CAL51,95.7443697700147,0.04801650185794944,14,0.9391252668340268,0.011904407055504837,0.026889870312046472,0.05176566963215116,0.025954518562743396,0.03496424266656283,14,0.042151350632378,0.036421147932968405,0.04038215549223917,0.04276100639109327,0.024709819859695722,0.0202491678726906,0.03781142845364755,0.03404364240583857,0.15817538188185692,0.49867661783482115,0.02065993645765365,0.031186063758461946,0.0393842295586505,0.0456307483241798,0.7474951360047252,0.02065993645765362,0.0386501283999974,0.026889870312046472
192,80,KX2-391,Trametinib,CAL51,94.7852446792438,0.04801650185794944,7,0.9733820814308998,0.014963881159174292,0.030839067514543062,0.059930095874581105,0.030026987754213016,0.014470986918240251,7,0.042151350632378,0.041021011584216935,0.04038215549223917,0.04276100639109327,0.03040561462357192,0.02098604494761732,0.0678435672732374,0.03570732963544527,0.21030891509474178,0.4055247562626546,0.01791719880407437,0.04810738721014196,0.0543913224612549,0.0577669973621378,0.9999933893038648,0.01791719880407428,0.039969205136057534,0.030839067514543062
192,81,Linsitinib,Trametinib,CAL51,99.3732546408885,0.04801650185794944,7,0.9513686432560052,0.014963881159174292,0.04010234266305452,0.07886834345369804,0.03948125878806495,0.01755037183025244,7,0.042151350632378,0.05205304944822025,0.04038215549223917,0.04276100639109327,0.03452705702629819,0.02246786895259959,0.03038137617830899,0.02991982193244812,0.3434665795886882,0.041359186239571355,0.006211652587205375,0.05445132457523689,0.0494852461390033,0.0496069383263065,0.9999933893038648,0.006211652587205326,0.04274873761201186,0.04010234266305452
192,82,Ponatinib,Trametinib,CAL51,100.414256263798,0.04801650185794944,7,1.0128924127614591,0.014963881159174292,0.0356314135202016,0.06975539096486182,0.03493092523642508,0.02989098325112516,7,0.042151350632378,0.046695364377329976,0.04038215549223917,0.04276100639109327,0.03401036559998287,0.015540198942086495,0.06085541043507773,0.0416806747417467,-0.08299689649434319,0.20123743766636773,0.020169791612493177,0.07254427303084152,0.0598977039480986,0.0622985253737961,-4.450468776520965,0.02016979161249314,0.051011800031615546,0.0356314135202016
192,83,AVN944,Dactolisib,CAL51,106.777232475742,0.04801650185794944,7,1.0729211036498227,0.01731060367576714,0.027076267141608764,0.05215286205152459,0.026147584032733807,0.033655118867286435,7,0.042151350632378,0.0366362851139497,0.04038215549223917,0.04276100639109327,0.025063891077278775,0.00823312278898497,0.052309472336299116,0.03237995517623309,-0.13523617726835288,0.49413044129083666,0.020667207591095964,0.06520175857096042,0.0283596178039765,0.0356305348666326,0.8761150282328934,0.020667207591095926,0.03819484206834732,0.027076267141608764
192,84,Everolimus,Dactolisib,CAL51,102.905642170313,0.04801650185794944,14,1.0407304827449426,0.012239824206132267,0.021550758866279284,0.04056063216618258,0.020371723445443406,0.0346498227216049,14,0.042151350632378,0.03037088688811275,0.04038215549223917,0.04276100639109327,0.005734437779175691,0.0028747339439996493,0.02744770519696067,0.023760639422843177,-0.08799637595447558,0.6437025140730263,0.0160746997499621,0.040985389228375385,0.0624854139965069,0.0767178806669257,-2.5432221405990445,0.01607469974996206,0.013698151697590569,0.021550758866279284
192,85,Danusertib,Dactolisib,DU4475,90.2726551341057,0.10013317354054166,7,0.9016632520002499,0.02674869010477742,0.04403395830891015,0.055685003003801865,0.03861354527741871,0.035537907621210604,7,0.06381897304899695,0.06571098381950864,0.07248803755745621,0.07389256528068996,0.043610278045440744,0.03346809500983694,0.05044167742520601,0.039652687720619396,0.27621685691735814,0.46685909913878265,0.02004849105287689,0.034811920961720165,0.0747151328887499,0.0783613786426478,0.8557936252550515,0.020048491052876836,0.060265466119185394,0.04403395830891015
192,86,Dasatinib,Dactolisib,DU4475,94.4929376289478,0.10013317354054166,7,0.9341018616372064,0.02674869010477742,0.04910632913104854,0.06277512711418366,0.04265079898609633,0.046920424962367875,7,0.06381897304899695,0.07503514173753689,0.07248803755745621,0.07389256528068996,0.05534509458173525,0.026742228865012936,0.06632670156153034,0.05485672699489068,0.3274424065109048,0.3472015132032815,0.019635505421624212,0.11195096191456975,0.0743284262153717,0.074328540664961,-4.999993389303865,0.019635505421624157,0.06876626181290185,0.04910632913104854
192,87,SNS-032,Dactolisib,DU4475,100.0,0.10013317354054166,7,0.9583169468545041,0.02674869010477742,0.03554866877452435,0.04359264707677315,0.03196967783103913,0.03420374030901225,7,0.06381897304899695,0.04941812502963268,0.07248803755745621,0.07389256528068996,0.02150702404642105,0.01596056337769231,0.06492784456610276,0.03631563740227103,0.04594291720382479,0.703877551020408,0.014430254177903013,0.05483389873702341,0.0342527520510506,0.0364464678123877,0.7921602967948188,0.01443025417790301,0.031094724360691734,0.03554866877452435
192,88,Indibulin,Dactolisib,DU4475,95.6546579907951,0.10013317354054166,7,1.0157441631804804,0.02674869010477742,0.042937325744092786,0.05414113999441822,0.037746163558798666,0.027866141619992398,7,0.06381897304899695,0.06366318663555096,0.07248803755745621,0.07389256528068996,0.04619128672739676,0.03666931563310875,0.10419747134158192,0.06886196408226573,-0.08407893130430209,0.5056144635286269,0.009882200343119329,0.05706583996339679,0.1101521177500438,0.1164655905857439,-4.999993389303865,0.009882200343119294,0.06533283694565871,0.042937325744092786
192,89,Dinaciclib,Dactolisib,DU4475,120.812569433423,0.10013317354054166,7,1.1539046212139619,0.02674869010477742,0.03966083602454601,0.049498883166797285,0.035168650175287405,0.039534498101758325,7,0.06381897304899695,0.0574564678654165,0.07248803755745621,0.07389256528068996,0.012757424151026462,0.011141974071599996,0.09631845608194806,0.04065553185773874,-0.03791713823435953,0.6052946568247998,0.008116663942459057,0.17114021906893903,0.0449226468708967,0.0462950444872372,-4.999993389303865,0.008116663942459018,0.020174293141710615,0.03966083602454601
192,90,TAK-901,Dactolisib,DU4475,98.9950801460086,0.10013317354054166,7,1.036165939889016,0.02674869010477742,0.043982113254223965,0.05561211385531186,0.0385724900850475,0.037621260565467676,7,0.06381897304899695,0.06561446368299462,0.07248803755745621,0.07389256528068996,0.03406993213497135,0.01030176187407623,0.05784255192330834,0.043583375660365575,0.18129287618486675,0.47130542932932584,0.018813119949298823,0.09021948052454004,0.0461805338676195,0.063060131181299,-4.999993389303865,0.0188131199492988,0.05080975288068962,0.043982113254223965
192,91,Trametinib,Dactolisib,DU4475,88.6725854388066,0.10013317354054166,13,0.8714836868467152,0.021901627889156727,0.03676093114900006,0.04534485298398359,0.03290796340842671,0.03900148256537146,13,0.06381897304899695,0.05182321971591572,0.07248803755745621,0.07389256528068996,0.0401365477333248,0.03288260773666155,0.06697111113082976,0.03151667929152783,0.30110788194411353,0.6869718857676721,0.04733313667203956,0.06587168966313842,0.0748191482384426,0.0783062348035503,0.8295139610681257,0.04733313667203954,0.05437894884308904,0.03676093114900006
192,92,Teniposide,Dactolisib,DU4475,94.9082083357097,0.10013317354054166,7,0.9474216009309685,0.02674869010477742,0.03600470581602933,0.044253017148323665,0.032322139623288566,0.019709040846615872,7,0.06381897304899695,0.05032685881586604,0.07248803755745621,0.07389256528068996,0.02610562130937474,0.011674500202834963,0.051044939256547295,0.03916859302970444,0.097577776085415,0.6624998852224299,0.03840167292402623,0.08111785590787211,0.0447547311338632,0.0484606618170699,-1.483016620774158,0.03840167292402619,0.04228555051046546,0.03600470581602933
192,93,Floxuridine,Dactolisib,DU4475,94.1325576826803,0.10013317354054166,7,0.9174161714998728,0.02674869010477742,0.04963144373903812,0.06350505457409433,0.043070833042097065,0.030655169736037303,7,0.06381897304899695,0.07598879203358527,0.07248803755745621,0.07389256528068996,0.044306168891357564,0.025301944834533803,0.061051108276621774,0.051296588638784515,0.37966737766479225,0.33946601206593496,0.018199718302235858,0.08241235092767442,0.0555398047460388,0.0556555930161021,0.9999933893038648,0.01819971830223582,0.053097194208531893,0.04963144373903812
192,94,Refametinib,Dactolisib,DU4475,94.0527112919273,0.10013317354054166,7,0.9768721141333155,0.02674869010477742,0.03587462841268069,0.04406481048303745,0.032221541545737385,0.036538227484409935,7,0.06381897304899695,0.05006816191251074,0.07248803755745621,0.07389256528068996,0.02446727357039292,0.01511671333176974,0.06353361364771747,0.033764309091313775,0.1999919276024837,0.6962262557539128,0.028495880485020723,0.045010764590948,0.0456529958741597,0.0457164593021316,0.1590234791001711,0.028495880485020705,0.03624203003057211,0.03587462841268069
192,95,Navitoclax,Dactolisib,DU4475,124.055943169648,0.10013317354054166,14,1.0512740267090068,0.018358640594875096,0.043324206413919215,0.05468631158050579,0.03805191850405456,0.05086701396290721,14,0.06381897304899695,0.06438714069066515,0.07248803755745621,0.07389256528068996,0.019503753878848736,0.011072726661236331,0.060871946478333834,0.052190270794672165,-0.2151707107892638,0.4927625467403365,0.012076279821677133,0.13115591914561203,0.0435665471853583,0.0689603602080546,-4.999993389303865,0.012076279821677065,0.03647459432719358,0.043324206413919215
192,96,BIIB021,Dactolisib,DU4475,104.177994081228,0.10013317354054166,7,1.003834275763814,0.02674869010477742,0.04150145648337428,0.052112568893427386,0.036613881242618974,0.037851548993528265,7,0.06381897304899695,0.060960766707424965,0.07248803755745621,0.07389256528068996,0.04075988450428407,0.025753858547310687,0.10066724679165381,0.04899526119872863,-0.029797014261353175,0.555879217526063,0.01752251984033817,0.10407137178395734,0.0408089822552269,0.0492933191685947,-4.999993389303865,0.017522519840338154,0.05173228002886119,0.04150145648337428
192,97,GSK269962,Trametinib,DU4475,83.5857830819439,0.10013317354054166,7,0.9165330705724465,0.0291241844749936,0.04563154640726313,0.05792653654652084,0.039880873032929025,0.016551025067988688,7,0.06381897304899695,0.06867201769598073,0.07248803755745621,0.07389256528068996,0.0540050968685094,0.03789494312327092,0.08819643867168937,0.054175548343962876,0.37854137513433583,0.4848387988404217,0.03552300940998144,0.05427511695396694,0.075748601728623,0.0852361826319661,-4.999993389303865,0.0355230094099814,0.0674772061905941,0.04563154640726313
192,98,GDC-0068,Trametinib,DU4475,105.079106575993,0.10013317354054166,14,0.9821495739705658,0.01850237375172455,0.045620856328522794,0.05791156553127737,0.039872378992580663,0.03327937481077995,14,0.06381897304899695,0.06865228550510623,0.07248803755745621,0.07389256528068996,0.04499161735513244,0.024301856430043213,0.07484056674183025,0.044380054741472164,0.41986630674817194,0.46551950890475624,0.02256838911765915,0.10443521224410428,0.0516943054602897,0.0539086489612777,-4.284705029607911,0.022568389117659113,0.05806048313169838,0.045620856328522794
192,99,Nintedanib,Trametinib,DU4475,98.5330135565833,0.10013317354054166,7,0.9546334408659652,0.0291241844749936,0.04475853242952596,0.05670269824082078,0.03918780640937722,0.04998761068109925,7,0.06381897304899695,0.06705703962805079,0.07248803755745621,0.07389256528068996,0.03628071350588068,0.024923338650279212,0.07124989435182633,0.043525259309177715,0.15103237199881972,0.5023874849285106,0.025049933099786502,0.12735350286341515,0.0628306385158067,0.0644595018198274,-3.793832014900681,0.025049933099786478,0.048012855936999825,0.04475853242952596
192,100,Everolimus,Trametinib,DU4475,92.9411615021025,0.10013317354054166,14,1.0207011834361372,0.019973806482554212,0.035723595521578756,0.04384613085428177,0.03210480080751537,0.039916660121822545,14,0.06381897304899695,0.04976728663011103,0.07248803755745621,0.07389256528068996,0.02272504995634335,0.013157084995242303,0.06513428775778711,0.04888505769544803,-0.12832025721707038,0.6641578135392381,0.018452611672422643,0.06171306403634516,0.0266863394790515,0.0268146229415053,-0.1473159044032365,0.0184526116724226,0.03271225850420057,0.035723595521578756
192,101,Olaparib,Trametinib,DU4475,110.193838148009,0.10013317354054166,7,1.115802446936488,0.0291241844749936,0.04328273806733548,0.05462790385861683,0.03801913257253725,0.037700125872748416,7,0.06381897304899695,0.06430962327082412,0.07248803755745621,0.07389256528068996,0.016494388907056404,0.008596925584039163,0.07184055066250143,0.05158805946783327,-0.2383031373045307,0.5287459572964834,0.004938138248928153,0.10706546096448714,0.0800455262035024,0.0915710066818372,-4.999993389303865,0.004938138248928145,0.026633851806760908,0.04328273806733548
192,102,SCH772984,Trametinib,DU4475,109.667097135369,0.10013317354054166,7,1.1030933724897105,0.0291241844749936,0.032922772069699804,0.039757720449746736,0.02995329584450771,0.029580312381360035,7,0.06381897304899695,0.044076179584409104,0.07248803755745621,0.07389256528068996,0.009444673164787977,0.008360648301440635,0.05924696312775772,0.025534125717341306,-0.048516799928073256,0.7768708088860478,0.020588487957857893,0.06740320748463981,0.0524632887107396,0.0756949223807923,-4.999993389303865,0.020588487957857855,0.01456424828109253,0.032922772069699804
192,103,ABT-199,Trametinib,DU4475,88.2809534886568,0.10013317354054166,7,0.9056636984484133,0.0291241844749936,0.044419249660397335,0.05622638776753881,0.038918796530272956,0.031238459571508153,7,0.06381897304899695,0.06642740979762657,0.07248803755745621,0.07389256528068996,0.041163305883821465,0.028584028228969587,0.07401333705242207,0.04142692142357989,0.22585232476467404,0.5177135681216987,0.03836984308896094,0.0539540802841723,0.0590300778809377,0.0649747843550309,-3.842551902277562,0.03836984308896088,0.05319570923282762,0.044419249660397335
192,104,Tosedostat,Trametinib,DU4475,103.688830666389,0.10013317354054166,7,0.959272515535604,0.0291241844749936,0.040719542392215,0.051004185458199534,0.03599903657935378,0.030242794248307014,7,0.06381897304899695,0.05947799944121587,0.07248803755745621,0.07389256528068996,0.018631982616091884,0.015758350301067665,0.05787517291485486,0.03853692958828918,0.006852360042303587,0.5850773223502357,0.03242163151477735,0.04613575876774859,0.0659426836623637,0.0753263267608715,-4.999993389303865,0.0324216315147773,0.02846862042810764,0.040719542392215
192,105,Navitoclax,Trametinib,DU4475,103.861457657415,0.10013317354054166,14,1.009760703495613,0.019075104033236034,0.0402295462089508,0.05030816865086747,0.03561440260927813,0.06122234428996269,14,0.06381897304899695,0.0585444495390101,0.07248803755745621,0.07389256528068996,0.025022676215735753,0.019656223444994254,0.06231518437938501,0.029644647018161205,0.37034460425627785,0.6072952081455755,0.02321327371102611,0.07132187162977513,0.0639477708976138,0.0923336256213644,-4.999993389303865,0.023213273711026036,0.036789553762782354,0.0402295462089508
192,106,Iniparib,Trametinib,DU4475,93.0337051139216,0.10013317354054166,7,1.0529836809567161,0.0291241844749936,0.045241173698108206,0.057379598627140566,0.03957081186896141,0.0290883609573723,7,0.06381897304899695,0.06795076516741821,0.07248803755745621,0.07389256528068996,0.03984670236251905,0.025114025792608845,0.07395049717939983,0.046810457496242956,0.18238917498292403,0.49479108236298847,0.032106271416763824,0.06321621616703474,0.0420731034280451,0.050622211678166,-4.999993389303865,0.03210627141676378,0.05399365683265521,0.045241173698108206
192,107,Entinostat,Trametinib,DU4475,107.659251459984,0.10013317354054166,7,1.07547047538146,0.0291241844749936,0.04336087419295102,0.05473795236155035,0.03808091159358281,0.029693240662400585,7,0.06381897304899695,0.06445566840981287,0.07248803755745621,0.07389256528068996,0.017658671242384415,0.012864408688075693,0.0874271975618768,0.04052657781335449,-0.2601003638911664,0.5389470128334637,0.004556229102967209,0.10298959525007244,0.0948563422405551,0.1063714818671896,-4.999993389303865,0.004556229102967205,0.02691215790490383,0.04336087419295102
192,108,Pictilisib,Trametinib,DU4475,103.475801613634,0.10013317354054166,7,1.0213618734736503,0.0291241844749936,0.04077294662691254,0.051079975542111446,0.03604098899067755,0.039705869774317025,7,0.06381897304899695,0.05957953867450829,0.07248803755745621,0.07389256528068996,0.018511842661455967,0.008174044298424492,0.06162106672926031,0.03422417254177687,-0.06390074293786037,0.5822007055494245,0.016239693054151155,0.04072655391926071,0.0615335787384761,0.0836580099094175,-4.999993389303865,0.016239693054151128,0.02835894676774825,0.04077294662691254
192,109,GDC-0068,Dactolisib,DU4475,86.7996143378449,0.10013317354054166,14,0.8970056631333184,0.01784636800806668,0.04829316304604668,0.06164343511776252,0.042001062968068575,0.05544104923653728,14,0.06381897304899695,0.07355451747345851,0.07248803755745621,0.07389256528068996,0.06263953113236205,0.035951138268170216,0.06412005506099515,0.06149596262451885,0.3618989669907919,0.359532074543085,0.027271545170577904,0.042650532212475396,0.0831655536708714,0.08413299530364,0.9462674844996096,0.027271545170577866,0.07848163368992814,0.04829316304604668
192,110,KX2-391,Trametinib,DU4475,97.8166152043643,0.10013317354054166,7,0.909370076593603,0.0291241844749936,0.03791933409017903,0.04701011552098738,0.033808435821625904,0.02343929706804872,7,0.06381897304899695,0.05409206235468065,0.07248803755745621,0.07389256528068996,0.04746322996857448,0.030073557103948257,0.11918567686354743,0.023856001356859825,0.4881214426800896,0.6676077414379837,0.03196151277135837,0.09565679138710996,0.0654003062894754,0.0654089194434106,-0.1946327427040965,0.0319615127713583,0.05912584498269604,0.03791933409017903
192,111,Linsitinib,Trametinib,DU4475,101.635402809476,0.10013317354054166,7,1.0133578087973223,0.0291241844749936,0.0448596778623883,0.05684461809066636,0.039268039725302566,0.046658667810835205,7,0.06381897304899695,0.06724452137114541,0.07248803755745621,0.07389256528068996,0.03891541738834904,0.019909689082411933,0.0740384161175971,0.04907488620973052,0.2985674782387476,0.48826288390308814,0.028313151031037116,0.1441680525365113,0.04912194949967,0.057803629428367,-4.999993389303865,0.028313151031037112,0.05355419042863568,0.0448596778623883
192,112,Ponatinib,Trametinib,DU4475,87.7991627713975,0.10013317354054166,7,1.0767151447416659,0.0291241844749936,0.04131192818477088,0.0518441584105524,0.03646473173945928,0.05323548182438497,7,0.06381897304899695,0.06060211648354853,0.07248803755745621,0.07389256528068996,0.047135127043089316,0.019514752058280724,0.07737415169573136,0.05530204494756222,0.0984747377587683,0.5727705681293717,0.023299179025090454,0.06639163516711563,0.067921957124142,0.0875934366201747,-4.999993389303865,0.023299179025090395,0.06782659723471104,0.04131192818477088
192,113,AVN944,Dactolisib,DU4475,110.46291663107,0.10013317354054166,7,1.1056482523603512,0.02674869010477742,0.04468589530281815,0.05660075785752754,0.039130197740177876,0.05561965456390098,7,0.06381897304899695,0.06692233842077215,0.07248803755745621,0.07389256528068996,0.04005092297346092,0.02626271251966623,0.08775525038902496,0.08218298284433828,0.09804571782719075,0.438752471099623,0.003366351574323782,0.15461394849384108,0.0581778563941315,0.0637352802133408,0.9999933893038648,0.003366351574323734,0.05595811382847919,0.04468589530281815
192,114,Everolimus,Dactolisib,DU4475,115.486288245847,0.10013317354054166,14,1.1122783581518532,0.019155618662849747,0.03392014494626116,0.04122130519389386,0.030716391010111792,0.04034516975013782,14,0.06381897304899695,0.046129129470508935,0.07248803755745621,0.07389256528068996,0.010576609184723642,0.0008181588031968554,0.04528671736508366,0.026914178957648756,-0.0015925682408526678,0.7012734771587826,0.0320489002514222,0.10343626030386478,0.1930921697753024,0.2139528840362995,-4.999993389303865,0.03204890025142217,0.023169303730459945,0.03392014494626116
192,115,Everolimus,Dactolisib,HCC1599,62.152651224754,0.1513037271292839,7,0.9796358888849641,0.05983557602544242,0.16325415111444685,0.08180939613354452,0.15843710394038413,0.18258731437435283,7,0.16349515224474442,0.1605623453945996,0.0,0.022415970913496893,0.1888874858962104,0.08391677410807727,0.1671610780312159,0.14383373989038245,0.17200479236331576,-0.18142507546585643,0.10592250430101408,0.27654455021043217,0.1389440115522794,0.1434883722848882,0.9999933893038648,0.10592250430101403,0.20889948301008449,0.16325415111444685
192,116,Trametinib,Dactolisib,HCC1599,112.52152274184,0.1513037271292839,14,1.0354735030013664,0.04287956801043436,0.16183281064968383,0.07422873841869015,0.15791128703743784,0.20641906464795168,14,0.16349515224474442,0.1596388074262912,0.0,0.022415970913496893,0.11232879836503208,0.0832013614183693,0.13752688361559567,0.12443036242153709,-0.026226327280795027,0.09929598543955874,0.02864194128776953,0.19895977432199757,0.1391484264614897,0.1397621679945211,0.9999933893038648,0.02864194128776945,0.14113452678734534,0.16183281064968383
192,117,Refametinib,Dactolisib,HCC1599,100.86153807483,0.1513037271292839,7,0.9971102821310321,0.05983557602544242,0.1618298501666661,0.0742122134209366,0.1579101948026415,0.1080331418193467,7,0.16349515224474442,0.15963688668315215,0.0,0.022415970913496893,0.09994447773729771,0.08212719622820493,0.11490416794798929,0.10643616879120082,0.07366932301896385,0.10426984523119137,0.03903564063220199,0.09726357260656865,0.1358651734518659,0.136604239231438,0.9999933893038648,0.039035640632201975,0.12102704027408566,0.1618298501666661
192,118,Indibulin,Dactolisib,HCC1599,90.3175939774027,0.1513037271292839,7,1.1252434878848439,0.05983557602544242,0.16256701336321377,0.07822809085450771,0.15818254536136814,0.14885392472240835,7,0.16349515224474442,0.16011552387062966,0.0,0.022415970913496893,0.17724889227045237,0.08076400622986157,0.1967044188010854,0.22137308219533838,0.08151160487176048,-0.04726321008376195,0.08460410501227965,0.281343026561678,0.1371209597147387,0.1387962764231135,0.9999933893038648,0.08460410501227963,0.2121982987611781,0.16256701336321377
192,119,GSK269962,Trametinib,HCC1599,116.199555091935,0.1513037271292839,7,0.9474921403518689,0.05754725376425197,0.1630304166271096,0.08065912504411119,0.1583541458416539,0.10152630270660705,7,0.16349515224474442,0.16041678854752484,0.0,0.022415970913496893,0.0949735047062106,0.05656631667801754,0.09528619106002265,0.08383788059534356,0.10557908694557303,-0.01665327359845369,0.06239019768150115,0.11739961176167334,0.1006000373726698,0.1025603522907451,0.9999933893038648,0.062390197681501086,0.10702168177263265,0.1630304166271096
192,120,Navitoclax,Trametinib,HCC1599,117.947138889238,0.1513037271292839,7,1.0171980290034213,0.05754725376425197,0.16275756500921287,0.07923592304950315,0.15825307095030638,0.11722760131065313,7,0.16349515224474442,0.16023936878950062,0.0,0.022415970913496893,0.09041366110240973,0.05877809640460177,0.09722142783701213,0.08740933437232294,0.045680580091909465,0.01925446992048533,0.06880632896292266,0.12174054991063578,0.0995029661009198,0.1017950332264915,0.9999933893038648,0.06880632896292262,0.10697698949094554,0.16275756500921287
192,121,Ponatinib,Trametinib,HCC1599,104.767218221989,0.1513037271292839,7,1.0265257705187607,0.05754725376425197,0.16177697280749592,0.07391648832879785,0.15789068842681378,0.10580355171862729,7,0.16349515224474442,0.15960258220466306,0.0,0.022415970913496893,0.17323092157501693,0.09374400690669821,0.1856512167745373,0.14433781781885677,0.23484700592641106,0.06458896753112527,0.08111758298977116,0.16516765399323935,0.1142159607913157,0.1142340999296275,-0.4325964551818569,0.08111758298977113,0.20061944564453157,0.16177697280749592
192,122,Olaparib,Trametinib,HCC1599,91.5279830877561,0.1513037271292839,7,0.9387780592834843,0.05754725376425197,0.16220790861339085,0.07629591052574124,0.15804977538371712,0.2419998151645218,7,0.16349515224474442,0.1598822658252593,0.0,0.022415970913496893,0.151437485029244,0.09677746059786821,0.15504910056304635,0.1257796860737018,0.053730670190659566,0.06008011711670508,0.029250266792271294,0.21961339932156526,0.1855607272701891,0.1872520107757202,0.9999933893038648,0.02925026679227121,0.17110132210690882,0.16220790861339085
192,123,ABT-199,Trametinib,HCC1599,94.6809085562602,0.1513037271292839,7,0.9627575591855895,0.05754725376425197,0.16307925084851285,0.08091145314998287,0.15837224699249852,0.06346844199375823,7,0.16349515224474442,0.1604485532729771,0.0,0.022415970913496893,0.13257889716501484,0.05815001865204339,0.12133625072721423,0.118673913078902,0.33067389333829933,-0.06163470967520122,0.044005865936419364,0.12000811892676716,0.0899356207255336,0.0909335731621312,0.9999933893038648,0.044005865936419315,0.14218071628280596,0.16307925084851285
192,124,SCH772984,Trametinib,HCC1599,96.2610670440707,0.1513037271292839,7,0.9481710701733438,0.05754725376425197,0.1602919342605578,0.06510943332528399,0.15734448507925952,0.20682280499051056,7,0.16349515224474442,0.1586407325111234,0.0,0.022415970913496893,0.05727852198213895,0.02845608012408231,0.09831279093458374,0.1034499034712359,-0.5008819277533015,0.270015388573229,0.0281426041458631,0.12228550968946336,0.1376870302594464,0.1533591812460323,-4.999993389303865,0.028142604145863052,0.08648986479628244,0.1602919342605578
192,125,Entinostat,Trametinib,HCC1599,108.732694355698,0.1513037271292839,7,0.9908002704872038,0.05754725376425197,0.16219862670576557,0.07624537702397159,0.15804634604667592,0.1986466607780716,7,0.16349515224474442,0.1598762390540345,0.0,0.022415970913496893,0.1353066210287715,0.09053102539838653,0.14568138095121097,0.13312789811462714,0.014045674420354174,0.053160162543869426,0.12765468630095966,0.21105214574290812,0.1309633071446461,0.1336558131790895,0.9999933893038648,0.12765468630095964,0.15570237693970765,0.16219862670576557
192,126,Iniparib,Trametinib,HCC1599,106.108117559169,0.1513037271292839,7,1.0308139390941216,0.05754725376425197,0.1625194637902654,0.07797475506503183,0.15816495464123434,0.11732045283966303,7,0.16349515224474442,0.16008462774902477,0.0,0.022415970913496893,0.1322415588614246,0.08239528471534856,0.1331777999372264,0.14070123212695781,0.16663799023101958,0.023845044192871402,0.05457820772869795,0.18303213992342726,0.0982289087671286,0.0993469244963445,0.9999933893038648,0.05457820772869791,0.14765778713140096,0.1625194637902654
192,127,Everolimus,Dactolisib,MCF-10A,88.5709017904699,0.13171255068564966,7,0.9466908851419289,0.021215719336099646,0.032120718430602824,0.04825070438474224,0.024202241923290565,0.020079742152166954,7,0.0600020832971656,0.05353037954953108,0.08572382292230643,0.08406157161438199,0.016843937011481354,0.016843937011481354,0.026665858005248774,0.025099332504181115,-0.10688092137522363,0.48734847731037356,0.018143500049841742,0.024001594522084627,0.0538110289950351,0.091064376108685,0.9999933893038648,0.018143500049841686,0.025484963230916403,0.032120718430602824
192,128,Trametinib,Dactolisib,MCF-10A,87.704347113533,0.13171255068564966,14,0.9947855716022066,0.015493323432436886,0.03966254471481479,0.05736356245205747,0.028746486220150663,0.0526538875335196,14,0.0600020832971656,0.06610087941200771,0.08572382292230643,0.08406157161438199,0.03250003416159597,0.02513550692971935,0.033759413005901746,0.026745342824019157,0.32453698783237706,0.38399029050715633,0.024399788493418235,0.0473059494675365,0.0517169500592353,0.060653776869308,0.9999933893038648,0.024399788493418197,0.050122841483637194,0.03966254471481479
192,129,Refametinib,Dactolisib,MCF-10A,96.7509321096407,0.13171255068564966,7,0.9216000824243645,0.021215719336099646,0.04005469478981011,0.057845947344767404,0.028987140282562166,0.02254821276512172,7,0.0600020832971656,0.06675449578502896,0.08572382292230643,0.08406157161438199,0.03179520603496588,0.02622635461316331,0.034657849262868336,0.02916321109044565,0.45348360847047925,0.38380466293126014,0.02221502944268647,0.04648432718020014,0.0679953052529411,0.0746822067927586,0.9999933893038648,0.022215029442686458,0.046058981417321905,0.04005469478981011
192,130,Indibulin,Dactolisib,MCF-10A,93.8593436309256,0.13171255068564966,7,1.0860131541945859,0.021215719336099646,0.03800389546901612,0.05533138807400314,0.02773276982662427,0.030001264147080868,7,0.0600020832971656,0.06333631727224788,0.08572382292230643,0.08406157161438199,0.03188375196783236,0.018722018430981334,0.05904178803162343,0.048050482048575795,0.06905666143968221,0.4251538325823222,0.02141331139851287,0.04104870731037569,0.0766827429572159,0.0883210106474418,-3.9492660794003887,0.021413311398512783,0.052394928798416084,0.03800389546901612
192,131,GSK269962,Trametinib,MCF-10A,120.0,0.13171255068564966,7,1.1013478966748749,0.021214348395825006,0.04779884081934905,0.0674956725867341,0.03380284529727401,0.061364544444042546,7,0.0600020832971656,0.07966194518215132,0.08572382292230643,0.08406157161438199,0.03265487935781095,0.03054730791531656,0.04091191418428405,0.03631563740227099,0.19919670660920918,0.1977551020408163,0.01390553883008435,0.14324746561864007,0.091692745853685,0.1107552134270745,0.9999933893038648,0.013905538830084257,0.046140203813089524,0.04779884081934905
192,132,Navitoclax,Trametinib,MCF-10A,113.611873642807,0.13171255068564966,7,1.0678362348322155,0.021214348395825006,0.04992184709063041,0.07017468560170993,0.03514025498672777,0.033436473168008,7,0.0600020832971656,0.08320040760016818,0.08572382292230643,0.08406157161438199,0.018300608957521888,0.012493013319325697,0.03451619697394592,0.0353845721298304,0.02358857524100703,0.1660346688763595,0.010784032995407623,0.12104235161957375,0.0603238079950161,0.0722250663377884,-4.999993389303865,0.01078403299540762,0.03081455204684715,0.04992184709063041
192,133,Ponatinib,Trametinib,MCF-10A,81.0443547743983,0.13171255068564966,7,0.8891377964329383,0.021214348395825006,0.0496437601914747,0.06982308774309806,0.034964722095315294,0.04081463291079574,7,0.0600020832971656,0.08273691447306954,0.08572382292230643,0.08406157161438199,0.0723358968509073,0.04899783122199817,0.04970023342808318,0.049319391454463325,0.5611474612838163,0.16592817448834768,0.025470836737942253,0.05760067108914642,0.118322806568165,0.128521112474062,0.9999933893038648,0.02547083673794221,0.08819757556660614,0.0496437601914747
192,134,Olaparib,Trametinib,MCF-10A,97.8069825675051,0.13171255068564966,7,0.9046923034370609,0.021214348395825006,0.05120881871122738,0.07180437563534427,0.0359539008426477,0.03452815441622457,7,0.0600020832971656,0.0853454274274608,0.08572382292230643,0.08406157161438199,0.05133864978050035,0.037399040918097815,0.042395886015107936,0.04881741291548564,0.3805975188361215,0.14375615794412683,0.020963331371463098,0.08824266459070981,0.096800276685642,0.097116315679852,0.9999933893038648,0.020963331371463046,0.0659333389655654,0.05120881871122738
192,135,ABT-199,Trametinib,MCF-10A,92.2438954369288,0.13171255068564966,7,0.8750313617363574,0.021214348395825006,0.051763440012010144,0.07250791908679625,0.03630517150877937,0.03254731417566246,7,0.0600020832971656,0.08626982416099717,0.08572382292230643,0.08406157161438199,0.06948344149507635,0.04434250809058921,0.03945268237016048,0.036856808881021504,0.5238488564091498,0.12151318365589267,0.016849938763723565,0.13299649656155643,0.120603470257189,0.1206036741656315,0.9999933893038648,0.016849938763723503,0.08257046485302491,0.051763440012010144
192,136,SCH772984,Trametinib,MCF-10A,95.7303944241535,0.13171255068564966,7,1.0571148253060414,0.021214348395825006,0.0450759880104511,0.06407880612056989,0.03209734014162129,0.042108676276346776,7,0.0600020832971656,0.07512368865777905,0.08572382292230643,0.08406157161438199,0.027906691988598988,0.013561923881120982,0.03239193941146127,0.02989668336944035,0.14884034539876523,0.26446895126732795,0.017443052767445327,0.04919441087452331,0.0422496288183918,0.0422704618537726,-0.0796083129488701,0.017443052767445275,0.04702196860727238,0.0450759880104511
192,137,Entinostat,Trametinib,MCF-10A,116.891816456403,0.13171255068564966,7,1.1088848273204965,0.021214348395825006,0.052214353875016196,0.07308043166570473,0.036591027162666157,0.042587143321347366,7,0.0600020832971656,0.0870213695113227,0.08572382292230643,0.08406157161438199,0.01988974049133295,0.012321229068640875,0.0327658763426527,0.035013003093626635,-0.11339166838186228,0.11183558895415743,0.003878700200605217,0.17488966941174683,0.0442395461052743,0.0442404521834017,-4.999993389303865,0.003878700200605157,0.0326885445415944,0.052214353875016196
192,138,Iniparib,Trametinib,MCF-10A,116.282556340611,0.13171255068564966,7,1.0468650608969303,0.021214348395825006,0.05154983403150046,0.07223687242633611,0.03616984006312756,0.02681549353809731,7,0.0600020832971656,0.0859138035196266,0.08572382292230643,0.08406157161438199,0.030590810871280117,0.013917761738125598,0.038809519097729034,0.035891465536831715,0.2004351369907378,0.11503324435405884,0.011458994999977266,0.17097014661297472,0.0349422366141455,0.0352026308815314,-4.999993389303865,0.01145899499997721,0.044949040420141695,0.05154983403150046
192,139,Everolimus,Dactolisib,MDAMB-436,53.7931845502535,0.3407594847646182,7,0.8041957253504161,0.08110698469423461,0.1834075934479784,0.06338337693235178,0.10835775194390986,0.0903266834594369,7,0.1834075934479784,0.20076566795284898,0.19963009345180013,0.20701761468864407,0.08049366379624537,0.08049366379624537,0.050010388475599604,0.0523865359485016,0.33541568392659127,0.26387814834291,0.029299427284630353,0.038759499075876204,0.2646947526563699,0.3191085395699285,0.9999933893038648,0.029299427284630305,0.09220962797760567,0.1834075934479784
192,140,Trametinib,Dactolisib,MDAMB-436,97.6415094339623,0.3407594847646182,14,1.0687530582328992,0.0504548398614692,0.1834075934479784,0.07023591984817358,0.11899261769295792,0.1622872619851522,14,0.1834075934479784,0.22524758330863365,0.19963009345180013,0.20701761468864407,0.0866474766075116,0.045717693152672025,0.05057139244607656,0.04889884537584068,0.5496241060876281,0.12868379986709577,0.010170535267911835,0.23570287772988774,0.1321401436668116,0.1321402426797635,0.9999933893038648,0.010170535267911784,0.10678887292650473,0.1834075934479784
192,141,Refametinib,Dactolisib,MDAMB-436,94.0,0.3407594847646182,7,0.8584888507954712,0.08110698469423461,0.1834075934479784,0.06611891962382116,0.11259159710633371,0.10964750342222686,7,0.1834075934479784,0.21057560529132321,0.19963009345180013,0.20701761468864407,0.09040572816212374,0.05559523012898893,0.05380004130522994,0.054473456103406474,0.5485307764486704,0.2053061224489796,0.016582450233535245,0.23954375569033,0.1413649107901191,0.1413650704279607,0.9999933893038648,0.016582450233535224,0.11458983359794914,0.1834075934479784
192,142,Indibulin,Dactolisib,MDAMB-436,71.6131814143103,0.3407594847646182,7,1.141434495669322,0.08110698469423461,0.1834075934479784,0.06087313613321154,0.10448806205007555,0.12334203686863346,7,0.1834075934479784,0.19171322504578406,0.19963009345180013,0.20701761468864407,0.08835802094167493,0.06745626189475075,0.06029088517135947,0.0599076101766155,0.4634986552433065,0.3221378918995603,0.06504955309910646,0.13031646327799176,0.1531670397809147,0.1625617302047048,0.9999933893038648,0.06504955309910641,0.11901002166061764,0.1834075934479784
192,143,GSK269962,Trametinib,MDAMB-436,137.648303977421,0.3407594847646182,7,1.3019395771800226,0.06081565115386535,0.1834075934479784,0.07853776807397468,0.13198738562599915,0.0834407177315764,7,0.1834075934479784,0.2545682535886287,0.19963009345180013,0.20701761468864407,0.040262398843595386,0.016506108425044713,0.06563860604956198,0.059148385017938926,-0.14027124777143193,-0.15224550594815872,2.2103468414818663e-06,0.4829221761346798,0.0219384942969676,0.0219385934119982,-4.999993389303865,2.2103468414818663e-06,0.0552882479422479,0.1834075934479784
192,144,Navitoclax,Trametinib,MDAMB-436,144.96289133957,0.3407594847646182,7,1.10620711460208,0.06081565115386535,0.1834075934479784,0.07220959714994185,0.12207224211774592,0.24266938304474575,7,0.1834075934479784,0.232247391801161,0.19963009345180013,0.20701761468864407,0.032160432599978805,0.018635175080463678,0.05389605686586519,0.059148385017941105,-0.15160404045119402,0.048731649666086105,7.972792776171203e-07,0.3279074983398561,0.0631328672640989,0.0635834815914771,0.6951337414407622,7.972792776171203e-07,0.051373724532913306,0.1834075934479784
192,145,Ponatinib,Trametinib,MDAMB-436,55.3576631701632,0.3407594847646182,7,0.7912233971662664,0.06081565115386535,0.1834075934479784,0.07741257878278358,0.13022023587105405,0.15045552601987605,7,0.1834075934479784,0.25061173371170087,0.19963009345180013,0.20701761468864407,0.14968858082966455,0.08482482732212115,0.07228855251429799,0.059079926815078156,0.5483328841811242,-0.019774124684838728,0.06952599998064593,0.09501687055911832,0.2366066379616256,0.2525234692954367,0.9999933893038648,0.06952599998064588,0.17430758056516107,0.1834075934479784
192,146,Olaparib,Trametinib,MDAMB-436,98.4884906759907,0.3407594847646182,7,0.8215121900781583,0.06081565115386535,0.1834075934479784,0.08181285387295953,0.1371401691297183,0.09534179039296782,7,0.1834075934479784,0.2660581132979745,0.19963009345180013,0.20701761468864407,0.09457450337480414,0.046534738458146666,0.05938403185672851,0.06485565100371733,0.40425233770994146,-0.08774781765853153,0.027685929577494543,0.131276972807456,0.1398984132316629,0.1409379855295249,0.9999933893038648,0.027685929577494484,0.11380179015560841,0.1834075934479784
192,147,ABT-199,Trametinib,MDAMB-436,90.0021853146853,0.3407594847646182,7,0.6396324475466929,0.06081565115386535,0.1834075934479784,0.07697145418069423,0.1295278982115463,0.13173245803264985,7,0.1834075934479784,0.24905924988154937,0.19963009345180013,0.20701761468864407,0.14842751875483734,0.09031984283050377,0.06292696388429345,0.0594105980472541,0.6368332752916918,-0.03695932044146369,0.0341466512526601,0.23461867867005412,0.2782355631347492,0.2782358202771628,0.9999933893038648,0.03414665125266007,0.1699590915425676,0.1834075934479784
192,148,SCH772984,Trametinib,MDAMB-436,72.4978146853147,0.3407594847646182,7,1.127317528769761,0.06081565115386535,0.1834075934479784,0.07742132141211956,0.13023395995898468,0.17054944036434866,7,0.1834075934479784,0.2506424945116108,0.19963009345180013,0.20701761468864407,0.153190586617511,0.0783130093503333,0.060789051926013124,0.06492178525014504,0.640115231510391,-0.046461722801008895,0.03929582002980126,0.2775550770746237,0.2207368623214104,0.2207370986352617,0.9999933893038648,0.039295820029801226,0.18061680547456382,0.1834075934479784
192,149,Entinostat,Trametinib,MDAMB-436,141.174970862471,0.3407594847646182,7,1.2728389688613109,0.06081565115386535,0.1834075934479784,0.07989572508348311,0.13412229320344968,0.08186207916964004,7,0.1834075934479784,0.25933692696944155,0.19963009345180013,0.20701761468864407,0.041666750068916354,0.016410302678586168,0.062290291611536416,0.06392977155362999,-0.12006431178741395,-0.1621273072165935,2.540585233660236e-06,0.42987191698838345,0.0363725302794086,0.0363725327829338,0.9999933893038648,2.540585233660236e-06,0.05924385152028816,0.1834075934479784
192,150,Iniparib,Trametinib,MDAMB-436,142.478875291375,0.3407594847646182,7,1.0664566457476008,0.06081565115386535,0.1834075934479784,0.07524072962794716,0.12681418345935092,0.1990023372664897,7,0.1834075934479784,0.24296047771222717,0.19963009345180013,0.20701761468864407,0.037686876553804434,0.015974816794676293,0.0630601447888019,0.06829463181832374,-0.1529251712440168,-0.01665967960610738,7.642091108526232e-07,0.32415265218588274,0.0452896162646571,0.0453907503385665,0.4703372557295385,7.642091108526232e-07,0.05601685629457813,0.1834075934479784
192,151,Danusertib,Dactolisib,MDAMB231,93.559839900247,0.05850321546186568,7,0.9659131982728388,0.014822373111024625,0.03556893304490065,0.06734684941375767,0.031216458830766246,0.023699395309112914,7,0.03556893304490065,0.05259901878567216,0.04682335395720062,0.04737185098086736,0.02831897340533236,0.020937326365357785,0.03251663505752936,0.032121137123309836,0.17568249577701509,0.2207275935279045,0.016565624927414615,0.023653204540889154,0.0462269279183006,0.0520676062652859,0.9999933893038648,0.01656562492741454,0.03820522446658307,0.03556893304490065
192,152,Dasatinib,Dactolisib,MDAMB231,100.52732023282,0.05850321546186568,7,0.9963966595149346,0.014822373111024625,0.03556893304490065,0.05563021357485036,0.030853745178900903,0.030732713580286578,7,0.03556893304490065,0.04905545241175052,0.04682335395720062,0.04737185098086736,0.012891381815834881,0.011932924963828383,0.031547313466379304,0.029511348742557945,-0.14654981858319735,0.3947694945653246,0.018637692940218834,0.039784196011850174,0.0379150811949436,0.037993308470431,0.0797039466278762,0.018637692940218775,0.025444567679935665,0.03556893304490065
192,153,SNS-032,Dactolisib,MDAMB231,98.2514670258282,0.05850321546186568,7,0.9266556873437426,0.014822373111024625,0.03556893304490065,0.05399149354802387,0.030808225000926625,0.037883653912107386,7,0.03556893304490065,0.04859555112983317,0.04682335395720062,0.04737185098086736,0.01939338145269458,0.015595513849228776,0.05404729419471763,0.026754651744351356,0.32216741466435633,0.4719758900471461,0.03618145433148871,0.051077295354737144,0.045228641299008,0.0458392519518674,-0.3802912306984322,0.036181454331488644,0.03203759481130482,0.03556893304490065
192,154,Indibulin,Dactolisib,MDAMB231,90.0104226652516,0.05850321546186568,7,1.0226995638340644,0.014822373111024625,0.03556893304490065,0.06101333848983467,0.03101233037827024,0.05076879594709552,7,0.03556893304490065,0.050630169999165905,0.04682335395720062,0.04737185098086736,0.02935744675424301,0.01779713249872196,0.0468635513792163,0.04295780808177465,0.2102552140082272,0.32201713489663963,0.022760997889504125,0.04073309396461907,0.0639516062074165,0.0959041475766714,-4.999993389303865,0.022760997889504104,0.04844274384190683,0.03556893304490065
192,155,Dinaciclib,Dactolisib,MDAMB231,106.735230988154,0.05850321546186568,7,1.0902906453179746,0.014822373111024625,0.03556893304490065,0.05499696255750758,0.030836001455355432,0.03544155526509606,7,0.03556893304490065,0.048876617296654504,0.04682335395720062,0.04737185098086736,0.01647931763277234,0.01244130107670442,0.060768597358908986,0.05131431591019392,-0.10227489405355397,0.4640025656986793,0.011721729943952154,0.0769326113644334,0.045774135211684,0.0501477189205684,-2.007063743699136,0.011721729943952075,0.027572712009912546,0.03556893304490065
192,156,TAK-901,Dactolisib,MDAMB231,110.915719187698,0.05850321546186568,7,1.0312404062569593,0.014822373111024625,0.03556893304490065,0.058079929362393215,0.030924198502267294,0.0349049892115819,7,0.03556893304490065,0.04976019286950967,0.04682335395720062,0.04737185098086736,0.008734682263638629,0.005668174155842678,0.03549509416330303,0.026970693828851488,-0.1638339057106263,0.38302804309822136,0.027601609498301396,0.05518297614446464,0.0384591759846882,0.0477947694532181,-1.6427234620057254,0.027601609498301313,0.018905384782409624,0.03556893304490065
192,157,Trametinib,Dactolisib,MDAMB231,92.1834819333646,0.05850321546186568,13,0.9608063886439262,0.01150055543399846,0.03556893304490065,0.05840530853212538,0.030933772316454687,0.034976767093215864,13,0.03556893304490065,0.04985531327660918,0.04682335395720062,0.04737185098086736,0.02662549174315124,0.020475698335249756,0.0387234626102595,0.03645197015647965,0.0898871097065453,0.3671183405318954,0.0055389415345738074,0.019744403552715794,0.0482767199089633,0.0483056129772375,0.0570620264483225,0.005538941534573748,0.04217361313903476,0.03556893304490065
192,158,Teniposide,Dactolisib,MDAMB231,98.0877522290005,0.05850321546186568,7,0.9845262404992291,0.014822373111024625,0.03556893304490065,0.0661940811302108,0.031177908238050923,0.028172366368528882,7,0.03556893304490065,0.05223189963895518,0.04682335395720062,0.04737185098086736,0.027636668356269267,0.01585695581108586,0.03154347295879866,0.02991651875161486,0.3944416806274451,0.23229804920560465,0.012966808271198426,0.047963985334715874,0.0387786341778018,0.0424298461192597,0.9230330851207176,0.012966808271198374,0.040083411108097995,0.03556893304490065
192,159,Floxuridine,Dactolisib,MDAMB231,95.3284842796809,0.05850321546186568,7,0.9158259058241645,0.014822373111024625,0.03556893304490065,0.06455346979529934,0.03112411134784624,0.039472370542381265,7,0.03556893304490065,0.051716001985640865,0.04682335395720062,0.04737185098086736,0.034065686302107885,0.02612121077728053,0.03305096568393245,0.026670095042025308,0.4838654479050599,0.2594161024334651,0.008099948023789981,0.03682261128371663,0.0785428853688418,0.0926402298970265,0.9999933893038648,0.00809994802378991,0.047730353898341966,0.03556893304490065
192,160,Refametinib,Dactolisib,MDAMB231,103.226184889723,0.05850321546186568,7,1.0233788195148665,0.014822373111024625,0.03556893304490065,0.05502993693811411,0.030836920636318963,0.057748988142768985,7,0.03556893304490065,0.0488858950575609,0.04682335395720062,0.04737185098086736,0.014332825179438706,0.01184339076207919,0.03201639608651376,0.029013314254982325,0.014242172841246717,0.4207758166617184,0.02115113352567119,0.03320303069029649,0.0381079996640496,0.0481151477741459,-1.282483644593267,0.021151133525671183,0.02935358428234308,0.03556893304490065
192,161,Navitoclax,Dactolisib,MDAMB231,107.53120600657,0.05850321546186568,14,1.0440221208395266,0.010522621989901781,0.03556893304490065,0.062180628571123116,0.03104853553492091,0.041895796615229124,14,0.03556893304490065,0.050983966971006156,0.04682335395720062,0.04737185098086736,0.021313442019430442,0.018979987119727128,0.05337826200957498,0.05358729320105223,-0.08240811368554747,0.30967419722464273,0.01987931089300718,0.08788802505076765,0.0514119492435363,0.0566809036668332,-1.4356082668761416,0.019879310893007124,0.0327106054460023,0.03556893304490065
192,162,BIIB021,Dactolisib,MDAMB231,103.642890661661,0.05850321546186568,7,1.0132252150580767,0.014822373111024625,0.03556893304490065,0.061434332511786,0.031025313860448208,0.03126051315427938,7,0.03556893304490065,0.050757280743927026,0.04682335395720062,0.04737185098086736,0.023270017105235345,0.02035042091197628,0.04793652029827879,0.03658830291068841,-0.014302669105134223,0.3153731600570777,0.021191541538203396,0.05420699737025946,0.0440242399512944,0.0538818234273884,0.9999933893038648,0.021191541538203327,0.03609764434889898,0.03556893304490065
192,163,GSK269962,Trametinib,MDAMB231,94.5047013287733,0.05850321546186568,7,0.9844258556482689,0.014725665373543294,0.03556893304490065,0.07597946090686934,0.03152459052010189,0.03098756465582248,7,0.03556893304490065,0.05546148993355908,0.04682335395720062,0.04737185098086736,0.06979965334893772,0.06195467058488217,0.038358411876841546,0.03188575978976716,0.44795996936143484,0.08122633060471168,0.016581281281756257,0.038823938962994194,0.2067265623037834,0.2217458718007689,0.9999933893038648,0.016581281281756233,0.08573232003716887,0.03556893304490065
192,164,GDC-0068,Trametinib,MDAMB231,96.4259244008894,0.05850321546186568,14,1.000739045818676,0.00955264170755282,0.03556893304490065,0.07267404385456688,0.03140258395218141,0.021531485539013327,14,0.03556893304490065,0.054342767764160964,0.04682335395720062,0.04737185098086736,0.043807232864086124,0.023084897554250843,0.0350045968654649,0.0386763271160306,0.3984011547209459,0.1155840084530888,0.004100757455358629,0.09413646016318744,0.0594183439542596,0.0596401547538405,0.9999933893038648,0.004100757455358619,0.05191349211671648,0.03556893304490065
192,165,Nintedanib,Trametinib,MDAMB231,96.434644021489,0.05850321546186568,7,0.9372804189888819,0.014725665373543294,0.03556893304490065,0.07111609096384613,0.03134680196799533,0.02695934275138534,7,0.03556893304490065,0.053825011325778306,0.04682335395720062,0.04737185098086736,0.042825290338845676,0.031004340819923593,0.03968929941182671,0.03572084703620252,0.24519419157682476,0.16357276666740134,0.009719473262197742,0.05558719227025588,0.0846929866884999,0.0851771403212767,0.9999933893038648,0.009719473262197697,0.05273487290917062,0.03556893304490065
192,166,Everolimus,Trametinib,MDAMB231,97.8239702370284,0.05850321546186568,14,1.0191114521345768,0.010584654373950453,0.03556893304490065,0.06386079532533945,0.031101776068993604,0.022835322422631924,14,0.03556893304490065,0.051500558643784417,0.04682335395720062,0.04737185098086736,0.025498460307322113,0.021926504225382486,0.03734192967325533,0.03229917515807697,0.006732062202081789,0.27799791579318056,0.0262612418040727,0.0478523520897999,0.0402751830540658,0.0490462212481572,-1.7973198486773032,0.026261241804072688,0.039014804788241764,0.03556893304490065
192,167,Olaparib,Trametinib,MDAMB231,105.264713148703,0.05850321546186568,7,1.103415992662016,0.014725665373543294,0.03556893304490065,0.07239916485282973,0.031392661430742604,0.030322458140880918,7,0.03556893304490065,0.05425096325018071,0.04682335395720062,0.04737185098086736,0.03602122844621605,0.0186573094931371,0.046805229193632614,0.04625854089224503,-0.03959980942624733,0.11461654578655972,0.018921229206449963,0.12964001616521414,0.0444151407556097,0.0444151622694616,0.9999933893038648,0.0189212292064499,0.048583998013951954,0.03556893304490065
192,168,SCH772984,Trametinib,MDAMB231,109.546046863117,0.05850321546186568,7,1.0182636200879212,0.014725665373543294,0.03556893304490065,0.06226369583731042,0.031051136507247223,0.022292609607137793,7,0.03556893304490065,0.05100930503894295,0.04682335395720062,0.04737185098086736,0.028700166283090765,0.012862262483931467,0.04756582914151255,0.04825524916046,-0.03297773315204648,0.2984433499991449,0.029578134302825465,0.09151825110800975,0.0681665578235568,0.0687210270511688,-0.6117476872953277,0.02957813430282546,0.04850816568536389,0.03556893304490065
192,169,ABT-199,Trametinib,MDAMB231,94.1913995578228,0.05850321546186568,7,0.9406242958989324,0.014725665373543294,0.03556893304490065,0.07102791634102087,0.03134367811494619,0.0347281579030993,7,0.03556893304490065,0.0537958964109942,0.04682335395720062,0.04737185098086736,0.0371735999197084,0.026822250664305738,0.03512732351616561,0.03775529141411913,0.24766834981255187,0.17011809557145058,0.03485715619958565,0.0570973009192071,0.0690287064805274,0.0722115724775872,0.9999933893038648,0.0348571561995856,0.04411246442397642,0.03556893304490065
192,170,Tosedostat,Trametinib,MDAMB231,99.8707923777074,0.05850321546186568,7,0.9706322335642458,0.014725665373543294,0.03556893304490065,0.06179870215214809,0.03103661869103115,0.031929185637680754,7,0.03556893304490065,0.050867741670415564,0.04682335395720062,0.04737185098086736,0.023297692366915576,0.020637380261807416,0.040411470785320654,0.0355481926755299,-0.03182282258182942,0.3021800050667356,0.019667875898770604,0.026279900399398225,0.0600636917534751,0.0807333667644228,0.9999933893038648,0.01966787589877055,0.034071310329248254,0.03556893304490065
192,171,Navitoclax,Trametinib,MDAMB231,94.7914971813596,0.05850321546186568,14,0.9718474208818652,0.010487853181717391,0.03556893304490065,0.06302882069660633,0.03107524673980701,0.03946300215725182,14,0.03556893304490065,0.05124368551662625,0.04682335395720062,0.04737185098086736,0.023398602482294882,0.018806954683434605,0.039095067108979954,0.043246970165266574,0.2625411102878857,0.3045719575120805,0.019036584201981278,0.029898686911392896,0.0444556434767633,0.047881617302568,0.7986890982719544,0.019036584201981243,0.03501518766990156,0.03556893304490065
192,172,Iniparib,Trametinib,MDAMB231,97.4991146885139,0.05850321546186568,7,1.0006781898983905,0.014725665373543294,0.03556893304490065,0.07006401098273135,0.03130976156506946,0.025664018091311705,7,0.03556893304490065,0.05347895524851556,0.04682335395720062,0.04737185098086736,0.038412673081646566,0.024987493610245704,0.0395616202305926,0.03218540837696403,0.191539997980659,0.18103423523444007,0.03216516693691393,0.044993798280986486,0.0450861803812374,0.0465818314249754,0.9999933893038648,0.032165166936913896,0.04777751669315874,0.03556893304490065
192,173,Entinostat,Trametinib,MDAMB231,111.169281127073,0.05850321546186568,7,1.0780511441356462,0.014725665373543294,0.03556893304490065,0.07020354152064252,0.03131464474685436,0.03735166122984824,7,0.03556893304490065,0.05352468174810382,0.04682335395720062,0.04737185098086736,0.027984246263867044,0.01845791971730747,0.03849813974495452,0.037668397762996055,0.11213988280821037,0.17781254132348848,0.02362428252114299,0.07608995604607022,0.0397682155885414,0.0397825961365977,-0.2519428833096203,0.023624282521142983,0.03947062567215194,0.03556893304490065
192,174,Pictilisib,Trametinib,MDAMB231,102.477915067523,0.05850321546186568,7,0.9987085169346707,0.014725665373543294,0.03556893304490065,0.06426472054212623,0.03111477329584206,0.026693316998869464,7,0.03556893304490065,0.05162601885014037,0.04682335395720062,0.04737185098086736,0.026922544414469708,0.01994151366334452,0.041991699309710175,0.03983204967602798,-0.0645649777101557,0.27528548243469747,0.027280854864015647,0.06490379627260175,0.0490474360101801,0.0492044973305364,-0.2458078307447251,0.027280854864015616,0.04356383695151357,0.03556893304490065
192,175,GDC-0068,Dactolisib,MDAMB231,95.7285713593245,0.05850321546186568,14,0.9237523023487425,0.009578891887090437,0.03556893304490065,0.06902665988242078,0.03127373822701305,0.02893658754312607,14,0.03556893304490065,0.053140635951750746,0.04682335395720062,0.04737185098086736,0.0347137016475765,0.028733831075260976,0.03711556522998182,0.03247795745400647,0.22010874610407077,0.195403803180789,0.019731464358806166,0.03378212295244959,0.0780758546033205,0.0826435030495271,0.9999933893038648,0.01973146435880612,0.04379336120536793,0.03556893304490065
192,176,KX2-391,Trametinib,MDAMB231,99.4861876578398,0.05850321546186568,7,0.9942276119243664,0.014725665373543294,0.03556893304490065,0.058370789043839064,0.03093275423482873,0.009892360250156468,7,0.03556893304490065,0.04984520537750591,0.04682335395720062,0.04737185098086736,0.032034142904012665,0.016542899219254597,0.05054817343173882,0.048558507120256694,0.32047402978390477,0.39194978528005747,0.014528023648401204,0.0722320412930674,0.0451998866794625,0.0825311436665954,-4.999993389303865,0.014528023648401141,0.05032856883576581,0.03556893304490065
192,177,Linsitinib,Trametinib,MDAMB231,96.6388917164725,0.05850321546186568,7,0.9630901707726715,0.014725665373543294,0.03556893304490065,0.06921205600334171,0.031280139938834765,0.05624819318949972,7,0.03556893304490065,0.05320088739652828,0.04682335395720062,0.04737185098086736,0.0320928094073929,0.025792369254599205,0.03745565985536382,0.03874470696816843,0.10061806767669433,0.19878344986110544,0.015049362501505044,0.054487226088486426,0.0607690117217651,0.0608446440437888,0.9999933893038648,0.015049362501504977,0.04186237562077677,0.03556893304490065
192,178,Ponatinib,Trametinib,MDAMB231,95.8070973965226,0.05850321546186568,7,1.017391077452616,0.014725665373543294,0.03556893304490065,0.059212022670451815,0.030957726425137465,0.04460240939163178,7,0.03556893304490065,0.0500926456968204,0.04682335395720062,0.04737185098086736,0.030435932720490576,0.014232367091235336,0.04866048048114264,0.041499612302338805,0.1557729844990225,0.3839238663458753,0.04916689657542014,0.06557821784206087,0.0728788037317816,0.1033639416359283,-4.999993389303865,0.049166896575420116,0.05109740633380858,0.03556893304490065
192,179,AVN944,Dactolisib,MDAMB231,108.96747955657,0.05850321546186568,7,1.0814765422635075,0.014822373111024625,0.03556893304490065,0.06462577979036883,0.031126455942669634,0.037607466915105005,7,0.03556893304490065,0.051738574575494106,0.04682335395720062,0.04737185098086736,0.021153407877160524,0.01472728310288283,0.04559641134305658,0.04702702619966382,-0.11950497490824069,0.25712241940125335,0.005823454458485659,0.08672720939645516,0.0448636298737811,0.0468044229482835,0.6816395085407218,0.005823454458485623,0.034703059047588296,0.03556893304490065
192,180,Everolimus,Dactolisib,MDAMB231,103.37177231327,0.05850321546186568,14,1.021303257663703,0.010620398126706591,0.03556893304490065,0.05841079868850438,0.030933934289763192,0.019909422277691612,14,0.03556893304490065,0.049856921250543536,0.04682335395720062,0.04737185098086736,0.013831355724628165,0.012639463987960448,0.028613540979282568,0.027126575846408974,-0.07255265628200204,0.34381860703040495,0.02552295155629441,0.04447987099227192,0.0971958478726841,0.0979429431630038,-0.8007037565596218,0.02552295155629438,0.025139465431639828,0.03556893304490065
192,181,Everolimus,Dactolisib,MFM-223,85.4323783146509,0.11601374997859852,7,0.9665512244894839,0.023897063145986254,0.03588613830921353,0.04667204143624561,0.030780665241952904,0.030083895085949573,7,0.06277432253725113,0.04103851800956793,0.05621383336888963,0.050671941963571956,0.022338727181553795,0.022338727181553795,0.04201939818073478,0.030598865468444408,-0.008465500713868836,0.5180219850726375,0.03765127221558753,0.04980795141382025,0.0481889390992958,0.0724776303776486,0.9999933893038648,0.03765127221558745,0.03770347838744817,0.03588613830921353
192,182,Trametinib,Dactolisib,MFM-223,98.277410782791,0.11601374997859852,14,0.9931611054457598,0.01689994683424068,0.047599100191626754,0.06258351373903155,0.04387834054566886,0.04044891919596333,14,0.06277432253725113,0.058502792245486504,0.05621383336888963,0.050671941963571956,0.03931397877658442,0.0352574457563693,0.040837738998732144,0.04221997817273292,0.3380444867439445,0.3114774101717334,0.019478070510936574,0.028957775190725402,0.0938223382020568,0.0985691452790952,0.9999933893038648,0.019478070510936536,0.05160871837498204,0.047599100191626754
192,183,Refametinib,Dactolisib,MFM-223,96.0991447873197,0.11601374997859852,7,0.9310179044462973,0.023897063145986254,0.047229382082534056,0.062083553747116056,0.04347699347801265,0.026606506038763827,7,0.06277432253725113,0.05796764748086687,0.05621383336888963,0.050671941963571956,0.04748238700702369,0.03718809856112065,0.0510157718470899,0.04047001529474583,0.14099617028249362,0.3213799732891643,0.024721440194641984,0.07580733363976419,0.0878599658562537,0.0895043477600236,0.9999933893038648,0.02472144019464195,0.06376286814001308,0.047229382082534056
192,184,Indibulin,Dactolisib,MFM-223,89.4689073114134,0.11601374997859852,7,1.0158951303947714,0.023897063145986254,0.04413709102022325,0.05789722806846931,0.040096349381416714,0.03574936572459317,7,0.06277432253725113,0.053459980607996414,0.05621383336888963,0.050671941963571956,0.032136316767525576,0.026175459070217275,0.047883757513117305,0.040588944810723095,0.1782696669727095,0.38158705292098666,0.02612736458540574,0.03482615395703509,0.0554873242794874,0.0626193329543654,0.9592557169636206,0.026127364585405672,0.04629969489071853,0.04413709102022325
192,185,GSK269962,Trametinib,MFM-223,117.449519995509,0.11601374997859852,7,1.0887713554282314,0.022338242044000756,0.05727316681859925,0.07563283127596639,0.054220384242646816,0.06586371543266419,7,0.06277432253725113,0.07229250082417818,0.05621383336888963,0.050671941963571956,0.03213114031873072,0.020994649680910978,0.051209640021482115,0.04937273906235275,0.06157920442265755,0.08172373876848303,0.012725919987789758,0.11869271151463498,0.0413117579496215,0.0416224838329871,0.9556730180020072,0.012725919987789698,0.04883646418018407,0.05727316681859925
192,186,Navitoclax,Trametinib,MFM-223,113.272638808316,0.11601374997859852,7,1.0344985202740224,0.022338242044000756,0.057907566021517004,0.07648678574546441,0.05489007772380647,0.060710273256155876,7,0.06277432253725113,0.07318544187382886,0.05621383336888963,0.050671941963571956,0.03224470362465294,0.019051985252081505,0.03910999670896387,0.029171711276694063,0.04379957814054434,0.06850198956390756,0.004295182637073653,0.07165790857955598,0.0425775812787334,0.0429406416805351,-1.64073425885837,0.004295182637073612,0.04501280936795249,0.057907566021517004
192,187,Ponatinib,Trametinib,MFM-223,83.3373851315214,0.11601374997859852,7,0.9298189050689886,0.022338242044000756,0.048632761675430014,0.06398073011404676,0.04499755480210386,0.045011631366458804,7,0.06277432253725113,0.05999511925583192,0.05621383336888963,0.050671941963571956,0.033284050244114655,0.03153655582456435,0.030370550840741563,0.030034958536131737,0.25822985009199867,0.2700269800145467,0.03401250083336238,0.044994309336226994,0.086722208864678,0.1020017196788876,0.9999933893038648,0.03401250083336235,0.04412720993725461,0.048632761675430014
192,188,Olaparib,Trametinib,MFM-223,97.9763699129674,0.11601374997859852,7,0.970260647549999,0.022338242044000756,0.060271395809738414,0.07966717904168431,0.0573783546543757,0.028342892271931666,7,0.06277432253725113,0.07650320205752689,0.05621383336888963,0.050671941963571956,0.04833858679023411,0.02874000276257644,0.046442726512855144,0.04479640788134397,0.21563663635077915,0.006969159035228808,0.01612632197513762,0.11303869236365935,0.0628576451170202,0.0628577566412531,0.9999933893038648,0.01612632197513758,0.05796581109131502,0.060271395809738414
192,189,ABT-199,Trametinib,MFM-223,100.841153303836,0.11601374997859852,7,0.9082240120543985,0.022338242044000756,0.05913278057635967,0.0781355290658069,0.056181137125204804,0.08513614859922379,7,0.06277432253725113,0.07490688493715754,0.05621383336888963,0.050671941963571956,0.05648871271677063,0.04677249296829404,0.05057176446805547,0.04620898676605537,0.17578740150254996,0.04875791713096941,0.03893832856701474,0.08882403085981318,0.1131574587817912,0.1136803512281543,0.9999933893038648,0.03893832856701467,0.06724951768560655,0.05913278057635967
192,190,SCH772984,Trametinib,MFM-223,93.5304127971994,0.11601374997859852,7,1.0188899913754157,0.022338242044000756,0.054952846326803355,0.07250787038747958,0.051763401640603474,0.04767810953707308,7,0.06277432253725113,0.06901646018684632,0.05621383336888963,0.050671941963571956,0.03145606754396055,0.014221249525151058,0.044310312278432885,0.04668573213964306,-0.10907695099747583,0.1381033416916143,0.02481217528923657,0.0606195968540085,0.0922065891167761,0.0987276009972065,-4.999993389303865,0.02481217528923651,0.04518860621701438,0.054952846326803355
192,191,Entinostat,Trametinib,MFM-223,116.553702533184,0.11601374997859852,7,1.081528940324075,0.022338242044000756,0.06082612912326095,0.08041321343078542,0.05796078341524361,0.05812026692475619,7,0.06277432253725113,0.07727978650889282,0.05621383336888963,0.050671941963571956,0.026233279555546957,0.01106095248590299,0.03916991266024108,0.042659882318217955,0.07070372094534111,-0.017284871842450127,0.0059826341380067325,0.13691352085173833,0.0246972547721382,0.0246972633019318,0.9999933893038648,0.005982634138006685,0.03480640641647587,0.06082612912326095
192,192,Iniparib,Trametinib,MFM-223,107.760976321291,0.11601374997859852,7,1.0613822631485577,0.022338242044000756,0.05980578290107306,0.07904090572259695,0.056889068355875254,0.06891808741860611,7,0.06277432253725113,0.0758508093960998,0.05621383336888963,0.050671941963571956,0.03883299029941521,0.020046949461157898,0.04980654670976925,0.04400183225869807,-0.015906926219107147,0.0218056863431908,0.008933242144846323,0.09221574068691304,0.0524989496264338,0.053336586595828,-4.999993389303865,0.008933242144846275,0.05208263405818896,0.05980578290107306
