src,pid,d1,d2,cell,level,sigma_estimate,sigma_W_cv,sigma_W_cv_interior,sigma_W_loo_selected,sigma_W_dfcorr,edf_W,lam_row_W,lam_col_W,W_lambda_choice_spread,W_gcv_equals_loo_choice,sigma_T_cv,sigma_T_cv_interior,sigma_T_loo_selected,sigma_T_dfcorr,edf_T,lam_T,sigma_I_cv,sigma_I_cv_interior,sigma_I_dfcorr,iso_levelsets,sigma_diff_laplacian,sigma_diff_second,sigma_W_cv_raw,sigma_W_cv_interior_raw,sigma_W_dfcorr_raw,sigma_T_cv_raw,sigma_I_cv_raw,sigma_I_dfcorr_raw,sigma_diff_laplacian_raw,sigma_diff_second_raw,frac_wells_clipped_low,frac_wells_clipped_high,control_well_e_raw,max_e,sigma_hill_T1,sigma_hill_dfcorr,rmse_dial,rmse_bliss,rmse_loewe,alpha,rmse_dial_recomputed,bliss_excess_mean,dial_excess_var,ratio_mf_over_hill,ratio_dial_over_mf_interior,rms_gap_BL,sep_iid_BL,rms_gap_EB,sep_iid_EB,rms_gap_EL,sep_iid_EL,lag1_row_W,lag1_col_W,rowcol_frac_W,lag1_row_W_null,lag1_col_W_null,rowcol_frac_W_null,lag1_row_W_p,lag1_col_W_p,rowcol_frac_W_p,lag1_row_W_cvres,lag1_col_W_cvres,lag1_row_iso,lag1_col_iso,lag1_row_dial,lag1_col_dial,lag1_row_bliss,lag1_col_bliss,rep_sigma_A,rep_n_A,rep_sigma_B,rep_n_B,log_dial_over_mf,model_error_rms_est
18,1,BMS-754807,LY3009120,HEK293,1,0.052454011964486465,0.052454011964486465,0.04300563856661629,0.04684527022786378,0.04011529128572584,32.118398703131014,0.1,0.31622776601683794,37.217710286695166,False,0.05452358942865121,0.0478692867063796,0.04956060981425233,0.043811186770481805,32.462077451052096,1.467799267622069,0.05034006244639526,0.038029475781671186,0.04359383106226386,47,0.040835076461267016,0.043973781674717494,0.052454011964486465,0.04300563856661629,0.04011529128572584,0.05452358942865121,0.05034006244639526,0.04359383106226386,0.040835076461267016,0.043973781674717494,0.0,0.0,0.0,0.83246672054406,0.0453786057658251,0.060030252849607474,0.0593501479454611,0.0790714958304356,0.0995646537218724,-3.086232392629645,0.05935014794546118,0.05292575888621866,0.0016729551126256857,1.1559194267707074,1.3800550328656778,0.02975094176326044,4.842541566269989,0.022127865321830777,3.6017383397965594,0.051749129125670555,8.423172308407267,-0.021519708519800812,-0.436874661561704,0.3629345321176469,-0.46765308880162776,-0.17809524473519867,0.13772547050007664,0.00399800099950025,0.9450274862568716,0.010494752623688156,-0.17898349888320153,-0.3947173161175362,-0.45263877589198614,0.5441024919918821,0.4919532446493911,0.5060946041340117,0.5677169543504068,0.572577423582609,0.019657664802545792,2.0,,,0.3221233772621439,0.040901773954508204
18,2,BMS-754807,Trametinib,HEK293,1,0.056242620045843704,0.056242620045843704,0.03760995854838557,0.05098490085217589,0.04298451586198244,14.287600301030691,0.03162277660168379,10000.0,23.44307746136106,False,0.05309987659730135,0.04288735773275979,0.052022810631855265,0.04684868624621775,15.410798766462875,10.0,0.053737312835834695,0.03450880567773208,0.0318827815941279,27,0.03587960496436326,0.04640914780929515,0.056242620045843704,0.03760995854838557,0.04298451586198244,0.05309987659730135,0.053737312835834695,0.0318827815941279,0.03587960496436326,0.04640914780929515,0.0,0.0,0.0,0.806646233919377,0.05290235077778002,0.06998323196435519,0.0407823003631728,0.0410502888418684,0.0508644807070254,-0.1967084970821328,0.040782300363172846,0.007585296887980554,0.00024868704090076307,1.0631402805159778,1.0843484528361278,0.02564765572636488,4.7735652208598545,0.022662358848571165,4.2179390263329,0.04829704508320505,8.989090353489571,-0.21510270377706361,0.35596009840861537,0.4750700691296809,-0.2746979525344191,-0.006949058275371901,0.1267447619321717,0.31284357821089454,0.006496751624187906,0.0004997501249375312,-0.419446443872744,0.29697002959029384,-0.3298801768454566,0.11219680877564416,0.4506751057417781,0.04251569723348982,0.4434933285102444,0.03499979755178745,0.019657664802545785,2.0,0.10102992513695208,2.0,0.08097930231900266,0.015769814231650386
18,3,BGB324,Everolimus,HEK293,1,0.07475482652054433,0.07475482652054433,0.06943700657275059,0.06682838216287088,0.05911594323226996,28.64805163715192,0.1,0.5623413251903491,52.56350326034215,False,0.07096977898759235,0.07263518225213163,0.06859098858672157,0.05881751636605796,41.273227752910074,0.6812920690579608,0.07214660853871814,0.07102998309112199,0.059835520007445325,26,0.06212513243294117,0.06444568236776514,0.07475482652054433,0.06943700657275059,0.05911594323226996,0.07096977898759235,0.07214660853871814,0.059835520007445325,0.06212513243294117,0.06444568236776514,0.0,0.0,0.12599684464004,0.910156937640123,0.039811290848693295,0.052665387479052014,0.1035713750399209,0.1035836316500384,0.1109338533531739,0.0451364655175735,0.10357137503992099,-0.030553777067310665,0.0059055318458757396,1.8777292804862158,1.4915875575858388,0.036221281570630495,3.6514962771150707,0.026759186767189583,2.697614955133096,0.06285417089383548,6.336379086213531,-0.26506251370936906,-0.18168700170562033,0.1854344026420378,-0.46866324359872763,-0.13393057155513946,0.1358210677339715,0.04697651174412794,0.6086956521739131,0.21189405297351324,-0.3296032086927616,-0.09762458376935564,0.255575477762889,-0.11567345525090755,0.6504356118510469,0.07810881685253009,0.6491673344507699,0.07736262988673312,,,0.05108974649128596,2.0,0.3998410276316889,0.07684745829157748
18,4,Cisplatin,Ipatasertib,HEK293,0,0.036452412752659424,0.036452412752659424,0.03085754349319821,0.03152346667231454,0.026092471801175736,31.44004576035718,0.0017782794100389228,1.0,43.75302444903095,False,0.04361660678147341,0.03555048750077844,0.04256384204825297,0.03634853202891033,41.273227752910074,0.6812920690579608,0.05179219167598914,0.03507680775946798,0.02771545221719879,44,0.035903780745246486,0.042908058881298214,0.036452412752659424,0.03085754349319821,0.026092471801175736,0.04361660678147341,0.05179219167598914,0.02771545221719879,0.035903780745246486,0.042908058881298214,0.0,0.0,0.0,0.892902567335798,0.045693742144481644,0.060447139093104826,0.0426479209753255,0.0496301739963257,0.0445923757200363,0.7334460565070225,0.04264792097532554,-0.022319642031111687,0.0008666571730829895,0.7977550325687589,1.3820906056480546,0.0377676864911359,8.567558383130075,0.02252725359867661,5.110282846251042,0.05984132605733391,13.574939382121304,-0.45750486103003446,0.23364564046208183,0.26935481680970735,-0.5939363263388857,0.005110827604607966,0.12715899204518594,0.08045977011494253,0.10344827586206896,0.053973013493253376,-0.4813214086203871,-0.002904731957101152,0.4164632145394429,-0.40660731058121496,0.7171746375372587,-0.02759055944828094,0.6895116509890508,0.13363763581713445,0.030746350398746028,2.0,,,0.3235972844468346,0.029439041646816384
18,5,Cisplatin,Everolimus,HEK293,0,0.03262709745253414,0.03262709745253414,0.023309482844150024,0.03010277638222795,0.01850647615594345,63.81038541833028,0.0001,0.0005623413251903491,140.20843858341766,False,0.032949049438151676,0.023293239722945003,0.031620601721569226,0.02280080792027405,63.928490044640526,0.001,0.046589669239764056,0.03593024871953113,0.028743208534390823,37,0.023582012195630452,0.03243779113451146,0.03262709745253414,0.023309482844150024,0.01850647615594345,0.032949049438151676,0.046589669239764056,0.028743208534390823,0.023582012195630452,0.03243779113451146,0.0,0.0,0.087850607305772,0.917875217898159,0.03249605032668973,0.04298823387813014,0.0421500585099918,0.0430717567262895,0.0552026164215645,0.2377784978605331,0.04215005850999184,-0.01897924992290056,0.0012332954419340082,1.0040327093455041,1.8082794368202895,0.04430508471369308,13.305125431973545,0.02995459877807104,8.995574584320785,0.07397462389277519,22.21509463387276,-0.6950160898051939,0.10517317628547374,0.07064762906095082,-0.8391056625891685,-0.10699813815184232,0.11419274209751108,0.026486756621689155,0.17491254372813594,0.6066966516741629,-0.41353803159625263,-0.22378992922859325,0.5942812684649922,-0.45182888201366167,0.8294735593601023,0.23569983985782125,0.8033001715831798,0.23727024634307556,0.03074635039874603,2.0,0.05108974649128597,2.0,0.5923758057909077,0.03511830636482927
18,6,NVP-LCL161,Trametinib,HEK293,0,0.04842581183111068,0.04842581183111068,0.05321683369839411,0.04307569101400423,0.039255940419457895,32.40655658479222,0.03162277660168379,0.5623413251903491,69.85774992518279,False,0.04992374096655864,0.05650389916572815,0.0487650881811583,0.04822384412689593,9.660297964736223,31.622776601683793,0.052130839551175756,0.05951830447252796,0.04894885629963483,6,0.05091157911596822,0.05005470851227551,0.04842581183111068,0.05321683369839411,0.039255940419457895,0.04992374096655864,0.052130839551175756,0.04894885629963483,0.05091157911596822,0.05005470851227551,0.0,0.0,0.0,0.201301836519376,0.0008211565879545571,0.0010862880595850475,0.0695921843464583,0.0695921851032405,0.0695921852545974,-4.999993389303865,0.06959218434645836,0.041647641715130836,0.0020110407332289,58.972688694778604,1.3077099765249343,2.360787572368368e-09,3.105316843958955e-07,2.360787528361557e-09,3.105316786073573e-07,4.721575100729925e-09,6.210633630032529e-07,-0.3049880570104144,0.03997547405606094,0.3148353578081813,-0.5930357292953898,-0.048093197411703176,0.12849140253995178,0.0014992503748125937,0.30634682658670664,0.022988505747126436,-0.49295521638279366,0.12437461469054115,0.48317849980684285,-0.10755628204677266,0.47732862724146674,-0.08317377858554748,0.4773286023874477,-0.08317381658054103,,,0.10102992513695208,2.0,0.26827749796364425,0.04484462881136268
18,7,BMS-754807,LY3009120,HeLa,1,0.0426935221916155,0.0426935221916155,0.04642573794995779,0.040325326907982025,0.035515834151020574,44.76169865082986,0.03162277660168379,0.1,13.510548179455007,False,0.03926712908722933,0.04319693630701522,0.038536638260691335,0.033380382818515866,49.46168975333602,0.31622776601683794,0.043642214517558085,0.04204750189180262,0.022370641859280782,45,0.04323837703423343,0.0426364479984612,0.0426935221916155,0.04642573794995779,0.035515834151020574,0.03926712908722933,0.043642214517558085,0.022370641859280782,0.04323837703423343,0.0426364479984612,0.0,0.0,0.0,0.97333482927559,0.030329707539096987,0.040122431742885725,0.0669952775687458,0.1071215668773399,0.132894376085706,-4.575041750498497,0.06699527756874585,0.059484211066788445,0.0023330180723151444,1.407647011979286,1.4430632775500496,0.02946702480066324,4.442991812579906,0.02260195085678907,3.407886723697567,0.0519490956068216,7.832803210144382,-0.4270952697593631,-0.15452696549142853,0.3447009774639237,-0.616059536816072,-0.18233595392304908,0.12167700383280103,0.05147426286856572,0.43728135932033985,0.01249375312343828,-0.3487485737621187,-0.10559596460049692,-0.31089568218312863,-0.09356234653100819,0.6074527778610399,0.3806622066008101,0.6376380657946197,0.6530634446181449,0.022903893507707794,2.0,,,0.36676813021632565,0.04830132578216818
18,8,BMS-754807,Trametinib,HeLa,1,0.028185697201615696,0.028185697201615696,0.024947069185743263,0.025804716383222896,0.015087335223614906,63.03052848458496,0.00031622776601683794,0.0031622776601683794,80.1409509644375,False,0.026533945066333414,0.02695141412455726,0.026533945066333414,0.0202725222993241,63.928490044640526,0.001,0.03087404600679323,0.031955070148327824,0.022257630226033207,56,0.03174428739451472,0.035555948638851476,0.028185697201615696,0.024947069185743263,0.015087335223614906,0.026533945066333414,0.03087404600679323,0.022257630226033207,0.03174428739451472,0.035555948638851476,0.0,0.0,0.021167582931299053,0.950207561988107,0.02946892690292607,0.03898372599454162,0.1019723861196767,0.1050933636326461,0.122164289380112,-0.7662650247895255,0.10197238611967674,0.02695118521133451,0.009776011269982171,0.9564548208512147,4.0875497382254355,0.03861262629003376,10.834474463425169,0.029908266625281114,8.392082645788769,0.06839516780506977,19.191279387203267,-0.54885910707723,-0.059750994570461444,0.2631447975580398,-0.856865679453339,-0.06575122552844133,0.11220515718317826,0.0004997501249375312,0.4802598700649675,0.07196401799100449,-0.43854180669039317,-0.11857587104311798,0.48784628953839204,-0.25212635269826067,0.9808163779269518,0.5250363332314882,0.9845774342423478,0.5252338093684663,0.0229038935077078,2.0,0.03905459609774678,2.0,1.407945704522533,0.09887371374628431
18,9,BGB324,Everolimus,HeLa,1,0.0541260152536393,0.0541260152536393,0.04700128417525839,0.05175663873306206,0.04211917390391789,15.356351771311399,0.01,10000.0,31.729443240614465,False,0.06505078822152383,0.06490350098127629,0.06397643531751958,0.04378611920152224,63.928490044640526,0.001,0.05843149098313098,0.06319084566649984,0.027473592063047572,28,0.05218823826253664,0.06384995388539166,0.0541260152536393,0.04700128417525839,0.04211917390391789,0.06505078822152383,0.05843149098313098,0.027473592063047572,0.05218823826253664,0.06384995388539166,0.0,0.0,0.0029602619145640574,0.9415152228038189,0.028466983589888042,0.03765827957750024,0.0912710801407245,0.1060844712382705,0.1134036366538689,-4.999993389303865,0.09127108014072452,0.02963902878569534,0.0061212893559311615,1.901361100754833,1.941884817452921,0.011947403201018445,1.7793518597339335,0.010929007937846789,1.627680113582917,0.022871993497886683,3.4063740447646316,-0.3233418381802073,0.034644345063698394,0.2091127319257632,-0.2854305026314481,-0.00019824427269006284,0.12483257797570421,0.6206896551724138,0.41579210394802596,0.11294352823588207,-0.3837814863158308,0.037513995632520045,-0.20122941091938326,-0.11448221194576368,0.8227398369239602,-0.3588796072051612,0.8495513639122855,-0.1813359171139845,,,0.025680638764896038,2.0,0.6636590568088719,0.07823866918558342
18,10,Cisplatin,Ipatasertib,HeLa,0,0.03424806106804142,0.03424806106804142,0.03165242868693589,0.033712366940144234,0.026795870879015832,24.89970610782558,0.005623413251903491,3.1622776601683795,12.091599857313135,False,0.05276616068566376,0.05149363285386933,0.05276616068566376,0.04069668732041975,63.928490044640526,0.001,0.05761618496661895,0.04795998515126517,0.02505167203716397,36,0.056337089324643805,0.06631516456156426,0.03424806106804142,0.03165242868693589,0.026795870879015832,0.05276616068566376,0.05761618496661895,0.02505167203716397,0.056337089324643805,0.06631516456156426,0.0,0.0,0.0,1.0,0.04398522592395121,0.05818698457788307,0.056154741759306,0.0597179805460834,0.0561547262935008,0.9999933893038648,0.05615474175930604,0.00950667037217676,0.002151478780272783,0.7786264671518347,1.7741053084651006,0.012752901083273541,2.8203304228518773,0.01069856191576836,2.3660090715657565,0.023424904805987194,5.180466095152709,-0.6119688266694209,-0.1074381494283192,0.1332268913670284,-0.48871330748683645,-0.007360753023642147,0.12394725542325957,0.8850574712643678,0.7246376811594203,0.3828085957021489,-0.6015540384631497,-0.13614582041752316,-0.3591730672311196,-0.27965687847905396,0.7340047577609597,-0.2502370152433876,0.7608423947197731,-0.15253226864014988,0.03611666010437985,2.0,,,0.5732962442817257,0.04638403583424779
18,11,Cisplatin,Everolimus,HeLa,0,0.033440487827476245,0.033440487827476245,0.03207803283544753,0.03294135511552618,0.026317586236592038,31.031006877156823,0.005623413251903491,1.0,15.610368149086042,False,0.05016752450780978,0.048033649313755006,0.05010493669406728,0.038809625668030916,63.928490044640526,0.001,0.05864979867410949,0.05161672608915506,0.0256035056842381,28,0.05768174082503262,0.06853452225075637,0.033440487827476245,0.03207803283544753,0.026317586236592038,0.05016752450780978,0.05864979867410949,0.0256035056842381,0.05768174082503262,0.06853452225075637,0.0,0.0,0.0010923736958399388,1.0,0.033820929993016356,0.04474088493522338,0.0265191119486996,0.0490185068138432,0.0581749792026724,-4.999993389303865,0.02651911194869967,0.0240753930729628,-0.0003257368920443881,0.9887512801800936,0.826706303492367,0.010434852989988707,2.277071393517759,0.009338610536408904,2.0378517002646594,0.01976962482424357,4.314085420374696,-0.5251886382150258,-0.3041622175824335,0.06796432964246432,-0.59159452735755,-0.008002739561718463,0.12537256629053609,0.2478760619690155,0.9570214892553723,0.7386306846576711,-0.4696255598955351,-0.19584533535994456,-0.01367382091322003,-0.2984000697410182,0.02813817661875843,-0.3826944259374621,0.6392280722850581,-0.005734673570260262,0.03611666010437985,2.0,0.02568063876489603,2.0,-0.19030578186765207,0.0
18,12,NVP-LCL161,Trametinib,HeLa,0,0.028001571780668588,0.028001571780668588,0.029227750546889853,0.027099517478466957,0.025260168528965798,15.272925851034568,10.0,0.1778279410038923,23.36881080327741,False,0.028998269167892703,0.030556105383397397,0.02845965750151322,0.025947520821572635,24.46482137210672,3.1622776601683795,0.028459524627269375,0.03022239961311738,0.0216659129571683,27,0.02711249443304258,0.0269598140475119,0.028001571780668588,0.029227750546889853,0.025260168528965798,0.028998269167892703,0.028459524627269375,0.0216659129571683,0.02711249443304258,0.0269598140475119,0.0,0.0,0.0,0.350205772697219,0.01263658752743153,0.016716634009042212,0.0371271967643445,0.0376092046421372,0.0380693520727256,-2.566531005737769,0.037127196764344575,0.022931267564238605,0.0005241673375471326,2.2159124621170645,1.2702721239111996,0.0024461815791735324,0.5858566168732006,0.00240213080102256,0.5753065252210183,0.0048482808618302295,1.1611555934954756,-0.13769364895253514,-0.22081528519992494,0.24229967289054444,-0.05749022255449265,-0.3016437362967696,0.1464531569781397,0.6976511744127936,0.23288355822088955,0.095952023988006,-0.18312558007946217,-0.2788168250496952,-0.09465661668494096,-0.2554900642483446,0.14952396188545808,0.27073148292671567,0.07228691678553117,0.21096354659419017,,,0.03905459609774678,2.0,0.23923114831401168,0.02289470108010001
18,13,BMS-754807,LY3009120,Hep G2,1,0.05690086654812239,0.05690086654812239,0.04205588228230694,0.04575032282251599,0.037237754177748,63.94248720211324,0.0001,0.0001,132.07370988864514,True,0.043134599278599084,0.03846321285944478,0.043134599278599084,0.034025561973968374,63.928490044640526,0.001,0.05360495891729854,0.044621304748671924,0.01895484273770447,42,0.047861090281763524,0.053468695116108036,0.05690086654812239,0.04205588228230694,0.037237754177748,0.043134599278599084,0.05360495891729854,0.01895484273770447,0.047861090281763524,0.053468695116108036,0.0,0.0,0.0,1.0,0.035621355798896304,0.04712262440341408,0.0624226467928586,0.1176984041849683,0.1472727542204185,-4.999993389303865,0.06242264679285865,0.07939223808468869,0.002127889598082722,1.59738070806068,1.4842786170513902,0.03493274059052472,5.81438721204875,0.020606426110658792,3.429840843816893,0.054936073015813824,9.143846003023443,-0.0908392939082079,-0.15956803600291147,0.28752473581444493,-0.5251868085567747,-0.5269840399296265,0.09032139781913692,0.0074962518740629685,0.018490754622688656,0.0069965017491254375,-0.1307593171722044,-0.275397419857448,-0.27646364721431327,0.26624419874845656,0.5171844575556608,0.596982971569733,0.45074648725197686,0.8469723532512874,0.030964331842827594,2.0,,,0.3949288744620744,0.0461290537306232
18,14,BMS-754807,Trametinib,Hep G2,1,0.02990912242300044,0.02990912242300044,0.015199909027992,0.02870137072832404,0.012821705672999858,63.68652024782645,0.001,0.0001,59.640819442308135,False,0.037661191025371916,0.026220178193130935,0.037661191025371916,0.02494463082015594,63.928490044640526,0.001,0.04624255962469776,0.011385249279624293,0.0038802626052733616,41,0.046964123329703344,0.056355655328683876,0.02990912242300044,0.015199909027992,0.012821705672999858,0.037661191025371916,0.04624255962469776,0.0038802626052733616,0.046964123329703344,0.056355655328683876,0.0,0.0,0.00673181895905401,1.0,0.029012285773083547,0.03837964656055819,0.0239229768344609,0.0872733617130093,0.1402970371746915,-4.999993389303865,0.02392297683446099,0.08277990201141994,0.00034127158616292016,1.0309123058049063,1.5738894746280776,0.05488760826644312,25.27733930232994,0.025519827457761067,11.752622458157353,0.07979126681974778,36.74619806668809,0.35408679161961076,-0.34039745048142067,0.5048171945789593,-0.05872954402171461,-0.862371453559949,0.11758148184551945,0.03648175912043978,0.0004997501249375312,0.001999000499750125,0.5685220468052571,-0.36644653990750253,-0.35886549961970887,0.1107019131400549,0.4146411590434243,0.2882514127254993,0.58706580847039,0.8841592124440488,0.03096433184282757,2.0,0.022955269536185163,2.0,0.45354992810663586,0.01847353745666812
18,15,BGB324,Everolimus,Hep G2,1,0.0491077583831553,0.0491077583831553,0.043787745436924444,0.04429163589771878,0.030044869335376465,53.573066840027764,0.03162277660168379,0.01778279410038923,29.20628076180704,False,0.0445255810738023,0.04229437278380986,0.04384986861131465,0.032519139785642366,45.54439195258803,0.46415888336127775,0.05935110496174502,0.062487068624867394,0.03236463157734742,22,0.02972513213140515,0.040320952940746425,0.0491077583831553,0.043787745436924444,0.030044869335376465,0.0445255810738023,0.05935110496174502,0.03236463157734742,0.02972513213140515,0.040320952940746425,0.0,0.0,0.01831316383933995,0.9973247258550729,0.016502604457150453,0.021830893689243087,0.0820194386549754,0.0829261111270635,0.0947497217581546,-0.4376666167873628,0.08201943865497545,-0.0009056507256753706,0.004809821666828374,2.975758069622597,1.873113991975748,0.03129434767429548,5.002779465675424,0.023132303484720368,3.6979781164183168,0.054305832711493446,8.681443293947185,-0.22455027964991092,-0.5145352042878627,0.19495407362783357,-0.3034087914284786,-0.5990817147076993,0.11154207561741154,0.3268365817091454,0.23338330834582707,0.11694152923538231,-0.3381478431889344,-0.3792455202319564,-0.046681942434315796,0.16638406825494154,0.7334010775974376,0.10708554298861271,0.7466389115794632,0.13633454292101102,,,0.01788709595726721,2.0,0.6276022822484312,0.06935287785541688
18,16,Cisplatin,Ipatasertib,Hep G2,0,0.02743180911827479,0.02743180911827479,0.027765613965721844,0.026815013442538747,0.02343481566856958,28.094084259479374,0.0017782794100389228,1.7782794100389228,46.3356233392233,True,0.0634249847762932,0.05749643089075062,0.0634249847762932,0.050428795275529015,63.928490044640526,0.001,0.05067220224186672,0.035821074099280495,0.013114559196593049,37,0.05886659237921552,0.07123922728357322,0.02743180911827479,0.027765613965721844,0.02343481566856958,0.0634249847762932,0.05067220224186672,0.013114559196593049,0.05886659237921552,0.07123922728357322,0.0,0.0,0.0,0.9981106962508041,0.05317243689248338,0.07034052231039356,0.0662276377948262,0.0737417548916685,0.0662276128669188,0.9999933893038648,0.06622763779482624,-0.0044443179731422575,0.0036151706889892034,0.5159028008015302,2.385239450371521,0.023838691147887694,6.009981923728572,0.01748800751698609,4.408908543136553,0.04118178406171193,10.382355988521326,-0.3871242861480608,-0.10222931676767097,0.16349151547456145,-0.5466830003550451,8.242379515377985e-05,0.12444201652844965,0.044977511244377814,0.7191404297851074,0.2613693153423288,-0.44130300520676485,-0.11353409512081428,-0.2796471302672533,-0.052798297698198174,0.8928577285246959,-0.3759120937125775,0.8949874256559763,-0.16690239588858022,0.025123471789331848,2.0,,,0.8692995177793397,0.060126289499595795
18,17,Cisplatin,Everolimus,Hep G2,0,0.024993648287691655,0.024993648287691655,0.021529303176536067,0.024269675712671343,0.016786584231685324,39.6679628714612,0.0017782794100389228,0.31622776601683794,36.36165119647862,False,0.05104801153592542,0.04926257332781303,0.05104801153592542,0.04014427403883696,63.928490044640526,0.001,0.04753897801697746,0.037068765520796965,0.01150875828959966,33,0.049744184219734554,0.06328664104565467,0.024993648287691655,0.021529303176536067,0.016786584231685324,0.05104801153592542,0.04753897801697746,0.01150875828959966,0.049744184219734554,0.06328664104565467,0.0,0.0,0.004252179678269954,0.9989033065308099,0.044533584005660314,0.05891239413469043,0.0610668720433866,0.0715953997604304,0.0610668563518032,0.9999933893038648,0.06106687204338666,-0.013890395003840279,0.0032656519658961457,0.5612314581398818,2.836453718109231,0.03184428451349876,10.353795000547535,0.023589270742350024,7.669774253372641,0.05529739701035711,17.979298999995727,-0.6230550890111954,0.0565081784007249,0.23989154274051788,-0.7002925680192016,-0.004150021331062776,0.12316838854581866,0.15942028985507245,0.37381309345327335,0.09645177411294353,-0.5261684684664453,0.12317050548565275,0.09601956131246513,0.03392900675870931,0.914504174551452,-0.2896107644658673,0.928607618379929,-0.09960450707445173,0.025123471789331872,2.0,0.017887095957267198,2.0,1.042554581102534,0.057145883192896284
18,18,NVP-LCL161,Trametinib,Hep G2,0,0.029556834869194554,0.029556834869194554,0.027918997312678856,0.02664864856589248,0.022606397388442848,18.57980100062514,17.78279410038923,0.01,67.54416957628541,False,0.04060716848504031,0.034082032926647236,0.04060716848504031,0.030655521277686473,63.928490044640526,0.001,0.06191971021083166,0.03304114483737607,0.02357550478774441,35,0.05109489251713172,0.0605652464995144,0.029556834869194554,0.027918997312678856,0.022606397388442848,0.04060716848504031,0.06191971021083166,0.02357550478774441,0.05109489251713172,0.0605652464995144,0.0,0.0,0.08791413248719607,0.941082998725263,0.021194083010850167,0.0280371364563843,0.0407526170835133,0.0506299989155353,0.0598172255696776,-2.7823188218857835,0.040752617083513354,0.03230844822488039,0.0008813053882100907,1.3945795557214309,1.4596733767729657,0.013570341184928057,3.4024283619726376,0.011850129919033805,2.971127813231535,0.025419489697913963,6.373310111842429,-0.11246669121000782,-0.28469326902380016,0.11112208081208111,-0.006170287821598949,-0.3678787269426816,0.12433434869782224,0.7546226886556722,0.23588205897051473,0.5197401299350325,-0.194469207608618,-0.3527264408509436,-0.02611772938484484,-0.2073716631524413,0.16820258003989816,0.517701798087672,0.2049001930530664,0.4663845095946027,,,0.02295526953618516,2.0,0.3782126961533502,0.029686788108687183
192,1,Everolimus,Dactolisib,BT-549,2,0.040245442041703466,0.040245442041703466,0.027632623148858126,0.0344603350540107,0.0234801577545689,59.981041922094484,0.005623413251903491,0.01,155.45464995734085,False,0.03186262101492366,0.024189344243210203,0.03136503691526608,0.0246205576723693,45.54439195258803,0.46415888336127775,0.03698828819426044,0.031083141835232912,0.01844999454879525,35,0.025830645021412493,0.030482235263619803,0.040245442041703466,0.027632623148858126,0.0234801577545689,0.03186262101492366,0.03698828819426044,0.01844999454879525,0.025830645021412493,0.030482235263619803,0.0,0.0,0.09999999999999998,0.74,0.0305667369461368,0.040435992175103956,0.0836853586413374,0.0993665483840988,0.1172497141677593,-2.737882740332937,0.0836853586413374,0.04476625173370199,0.006239677388842455,1.3166417505611412,3.028498531989554,0.03214793718003057,8.143836328818214,0.025437175134873386,6.443840853794286,0.05752169829695501,14.571612905136877,-0.529958935583492,-0.36814482684837146,0.17763421682077413,-0.6553234129813966,-0.32650006855166114,0.10047741411626172,0.14142928535732133,0.5662168915542228,0.12443778110944528,-0.09111366959037179,-0.3860346590701789,0.00602654703617119,-0.3527748968910541,0.5710572348738775,0.766264738264871,0.5419931858785193,0.9034878203581387,,,0.030378006898369843,4.0,1.1080669627068847,0.07899162859976021
192,2,Trametinib,Dactolisib,BT-549,0,0.032271054482171435,0.032271054482171435,0.026321286515449016,0.030684135521499123,0.020555788620149642,51.70359815786697,0.056234132519034905,0.01,101.988317680798,False,0.030461242837689726,0.02790706747092134,0.029744648208054374,0.02401285254982095,49.46168975333602,0.31622776601683794,0.04637848804266991,0.03110098432022038,0.030817801989846356,27,0.03226426430447979,0.033345324686981655,0.044993738951780764,0.039515325412881885,0.03380514087919378,0.03922240858536129,0.056758356596239255,0.045426101245982516,0.03906510373677414,0.039167070770442916,0.203125,0.0,0.03225734705376493,0.7201373031642,0.021052463369099775,0.0278497912799675,0.0625909745238946,0.0628887027335953,0.063969389505006,-0.9495502788412972,0.06259097452389462,-0.01721768678993193,0.0032248199680224646,1.5328873356235355,2.377960305517645,0.006962169032938566,1.851550196908701,0.006293678176478099,1.673768765424464,0.013253744696239477,3.5247598106278835,-0.21425000392400392,-0.5332670768679845,0.13959921212181378,-0.10002630685290322,-0.7493800038684452,0.11610916501557998,0.7186406796601699,0.0069965017491254375,0.2978510744627686,-0.22458526929626238,-0.4658325318562902,0.7244214467539007,0.0009288682789603778,0.6083443138123912,0.8489401506307515,0.6242849842259472,0.8646971215343057,0.04883240499206553,9.0,0.05119379212397172,4.0,0.8662431057481289,0.056787498342702726
192,3,Refametinib,Dactolisib,BT-549,0,0.03822147132887857,0.03822147132887857,0.031035607537338982,0.037969921452973794,0.0204413548326329,63.880544524246744,0.00031622776601683794,0.0001,56.18659403816336,False,0.038677254358073385,0.0326859218871971,0.03800191952875748,0.025162733246498703,62.97678391145048,0.01467799267622069,0.048469141077456,0.03258104003806666,0.033870884873372635,26,0.029391986814247335,0.03295619988880865,0.044565963659456885,0.03841616606895444,0.026961599330645514,0.04426696022416442,0.05967829122193095,0.04896857153237166,0.0360381742045848,0.037302721825029826,0.234375,0.0,0.14,0.72,0.012658680251766034,0.016745859936228714,0.0458180546662885,0.0458291153478507,0.0466894619303174,-0.1357198110388355,0.045818054666288514,-0.02647874922684171,0.0011360851981912692,3.0193883223763573,1.4763060336796932,0.00793683453570612,1.7901322435238662,0.007011969608327651,1.5815313813090588,0.014944653791567172,3.370727523703561,-0.21541759463194518,-0.4671729690400627,0.25912604121073113,-0.21435747596132718,-0.7894360619024273,0.10179344313866762,0.49325337331334335,0.0014992503748125937,0.05147426286856572,-0.2221577646589002,-0.40880854966917085,0.32257958809168824,0.04056020695543584,0.3464051121997812,0.5585456424059663,0.35587691556923073,0.5580334051890818,,,0.033095303648868125,4.0,0.3895430445777272,0.033705862964642654
192,4,Indibulin,Dactolisib,BT-549,0,0.05809782654275217,0.05809782654275217,0.059723373673162466,0.05311944469051768,0.042340134471422104,48.46801339708395,0.056234132519034905,0.03162277660168379,46.11924083286714,False,0.04910500686193756,0.05078836930847077,0.047840161904617894,0.04080412630337014,41.273227752910074,0.6812920690579608,0.05209560121877637,0.046099611000317495,0.023624215261668618,33,0.04809024515563342,0.050002954439586716,0.06074281104772039,0.06224349665461308,0.04882054381854033,0.054510976664968486,0.058507648903026045,0.03617031361898538,0.05524137539463331,0.05479625888641452,0.1875,0.0,0.023894605735299,0.795579905696747,0.024643158853356606,0.03259983492252061,0.072830097518878,0.0789670540222829,0.0871938196880593,-3.12695974983207,0.07283009751887806,0.04729573831180514,0.0017373417417050853,2.3575640967326215,1.219457191374392,0.019754354446539387,2.31534946238166,0.013966677732874095,1.6369929914734793,0.0336351973864576,3.9422820116239405,-0.2546172601485318,-0.45845231311779755,0.26734279588683224,-0.2925671288278183,-0.5517362007572522,0.11769827838970645,0.3933033483258371,0.22338830584707647,0.034482758620689655,-0.342279097673722,-0.36401274239871106,-0.3428567460888766,-0.09321109392639176,0.5714794633560288,0.2466494217382268,0.48548623831100696,0.3855346361339388,,,0.07033649693570289,4.0,0.19840583463366543,0.04168143161774899
192,5,GSK269962,Trametinib,BT-549,0,0.0259250698599877,0.0259250698599877,0.027398261533311652,0.024639409830891346,0.020427394418419335,61.63051961989861,0.0031622776601683794,0.005623413251903491,83.18929462517623,False,0.02525832897124578,0.02682515569652068,0.024644753325452295,0.02045915800585566,45.54439195258803,0.46415888336127775,0.028227455706438233,0.026085220060797505,0.016722198523817216,21,0.023915265144152334,0.02326509368980984,0.041153173459233146,0.03988734342592864,0.03301764585869069,0.03800873479368651,0.04203481852206802,0.03309616231409241,0.03554535946390775,0.034231358562473904,0.40625,0.0,-0.16213190593399007,0.249733104000475,0.000367063542077112,0.0004855794238472658,0.0382860301965786,0.0384344482125153,0.0382860298025259,0.9999933893038648,0.038286030196578676,0.005395681215287156,0.0007151553731655834,70.62828880603297,1.3973890332431955,0.002676577734398809,0.6838406195229505,0.0025929776121571186,0.6624815688773347,0.005269478461129832,1.346302544891809,-0.5282446575264103,-0.34271284041250855,0.18086225276483056,-0.663633461155821,-0.3350958833009679,0.10060160185856944,0.12443778110944528,0.49225387306346824,0.11894052973513243,-0.417805046410194,-0.3601747840145289,-0.25574868620229085,0.09256785241189608,0.4902214524075013,0.28323764338946467,0.4982658452270843,0.2683236101559732,,,0.046554157162597865,9.0,0.33460551913289416,0.02674238906989395
192,6,Navitoclax,Trametinib,BT-549,0,0.032730905318767045,0.032730905318767045,0.02518329729274677,0.025306000744303433,0.021466966788311493,14.287600301030691,10000.0,0.03162277660168379,93.77082581185633,False,0.03402085093432004,0.02871545193739034,0.030189375357006776,0.025960647235329412,15.410798766462875,10.0,0.029254873453313422,0.02364520194096865,0.020088251447553766,8,0.019810484014325353,0.023693579073998442,0.04610997063149277,0.04652943474083526,0.04203013603683875,0.045748359097130396,0.050318580550173526,0.04109519411655976,0.04465166647552051,0.043025826681430165,0.671875,0.0,-0.1303712819904499,0.20329320008303398,0.012637561258006502,0.01671792213351489,0.0363554905509976,0.0363555363337102,0.0363554905506949,0.9999933893038648,0.03635549055099765,-0.005269603947761792,0.0006875232306688089,2.5899700623037885,1.4436350462124994,1.7732658643482036e-07,4.929005485716338e-05,1.773260475420278e-07,4.928990506543817e-05,3.546526339768423e-07,9.857995992259994e-05,-0.22059965566645254,-0.42810781149520116,0.1290737431716185,-0.005204171583811306,-0.2795289774354952,0.12828360551744986,0.9230384807596201,0.8990504747626187,0.43778110944527737,-0.24803003876842009,-0.43916694226646835,-0.06453670299334148,-0.3418824701462628,-0.16652085077274092,0.6392931885518639,-0.16652091851223516,0.6392934550033216,,,0.03994684127021144,9.0,0.367164270446997,0.026220664191984322
192,7,Ponatinib,Trametinib,BT-549,1,0.04664274204486031,0.04664274204486031,0.03988518007963409,0.042297568654061306,0.030954288398980755,51.70359815786696,0.01,0.056234132519034905,55.08087094218827,False,0.04618208996961234,0.04030955302126535,0.04389049424844626,0.03227191891823116,57.95159207147972,0.1,0.057321778748839695,0.04267830915015219,0.03988015236763483,17,0.03564754410223047,0.038448436835012374,0.05963686436295127,0.0519038014131097,0.04452177166547223,0.0533864011698715,0.09181440610396228,0.08576340961416794,0.0496764435264967,0.047457995906313055,0.453125,0.0,0.07506268282490591,0.43311593337711196,0.024338608672920748,0.03219695290293404,0.0944770990118507,0.096647716965242,0.0944770872903044,0.9999933893038648,0.09447709901185071,-0.059757379600644644,0.0073350946477102,1.916409547960531,2.3687269011502337,0.009751239571642737,1.7113794363022812,0.008844057431790946,1.5521655386519837,0.01859450195110215,3.263405440262191,-0.6127215136483969,-0.20720902118111614,0.16383210639597817,-0.7502392854431102,-0.10526144808675582,0.11406198592691155,0.050474762618690654,0.6881559220389805,0.21739130434782608,-0.44661485782496246,-0.22862426412691278,0.6158561016031713,-0.04972256424538605,0.5062490005545162,0.6808579186168523,0.4859310087674189,0.6357058812119274,,,0.06603387942075278,9.0,0.8623526383077482,0.0856451671007197
192,8,Olaparib,Trametinib,BT-549,0,0.02616845494276027,0.02616845494276027,0.026152933545723078,0.024985139490398815,0.022382701759564076,20.86230451394194,5.62341325190349,0.03162277660168379,8.270748057914712,False,0.0298246128084585,0.02881138192458796,0.027726091304592217,0.0240630125305923,28.29572796775568,2.154434690031882,0.03785415241562457,0.035863083120038365,0.03200184298943299,6,0.02088414536930181,0.024142325977765257,0.03839398878838306,0.038160418638247755,0.03204494028041593,0.038110326826727735,0.05554062644143542,0.04952586576921332,0.030171107988859646,0.03160393226994092,0.515625,0.0,0.01752880425049297,0.174101546176348,0.019540287550999062,0.025849370703317436,0.0579980484999544,0.0579981403803134,0.057998048499347,0.9999933893038648,0.05799804849995449,-0.04580703244679998,0.0026797976967560555,1.3392052125365126,2.2176498249634835,2.354509871106574e-07,6.30199632057771e-05,2.354505689361561e-07,6.301985127869618e-05,4.709015560467917e-07,0.00012603981448446744,0.33946338657186315,-0.3730024369760063,0.320501771530885,-0.019851541268680696,-0.4306654678273775,0.12634017249654567,0.00849575212393803,0.2848575712143928,0.00849575212393803,0.1732401042791733,-0.35913303815665126,0.5777097788171944,0.33996679445271444,0.3765001114434772,0.36329932977076956,0.3765024297495782,0.3632987625765327,,,0.0403539808877355,9.0,0.7964479977279849,0.05176676247126196
192,9,ABT-199,Trametinib,BT-549,0,0.02816181923830171,0.02816181923830171,0.029645989845328895,0.025943326838890737,0.018680047744644778,54.99118460542728,0.01,0.03162277660168379,72.26078531091397,False,0.028788080027624372,0.029694878109932238,0.02727346362204022,0.021697456484417375,45.54439195258803,0.46415888336127775,0.047741429157664925,0.037423986496040736,0.042898303035470965,8,0.023186155828107374,0.024509022522926055,0.04161818711700013,0.044914861924688826,0.02853315933165394,0.038714962648846066,0.06529889591415765,0.0610992212745204,0.03767520644498136,0.03874098618673738,0.40625,0.0,0.10922482239866294,0.24627634171094304,0.005110828093885258,0.006760990065011332,0.0958484641551577,0.0959966292253687,0.0958484631757195,0.9999933893038648,0.09584846415515777,-0.0877736480018785,0.008308043366993206,5.510226272723852,3.233100485267145,0.0001707567348116875,0.04031901616097149,0.0001706762899181481,0.04030002154288947,0.0003414330239899135,0.08061903752915082,-0.451798971179824,-0.12606975068722243,0.12022632038855896,-0.7131872959307225,-0.19716246670636528,0.10826632927068237,0.010494752623688156,0.3598200899550225,0.33983008495752126,-0.42529142823952937,-0.10547361164982497,0.8099272417730211,0.10854511104633507,0.3752298610928053,0.39857926814542227,0.3754792909398114,0.39860911974351776,,,0.08987865642223922,9.0,1.173441579382201,0.09114846881321269
192,10,SCH772984,Trametinib,BT-549,1,0.024716255492089736,0.024716255492089736,0.026120283819260112,0.022973105011227096,0.019234400103424816,60.580168256537824,0.0031622776601683794,0.01,69.43017055995452,False,0.022766562724581125,0.024224956307367262,0.022254222471702983,0.01811474915469752,61.861557595186255,0.03162277660168379,0.027550956396953225,0.026029007329070476,0.017540622850677933,28,0.02428050566608087,0.023317356234360848,0.03334349697168944,0.03583983329716837,0.027983350757969653,0.0308205818864455,0.039189764557200496,0.03484267229879489,0.03488488525754652,0.03207568498588156,0.21875,0.0,0.00015670706226500464,0.2793639185720259,0.014269493232257069,0.018876765213735724,0.0400402678699519,0.0400930226262784,0.0401323794004168,0.4370293263001831,0.04004026786995192,-0.0022848341470509156,0.0009209538242988008,1.7321046437877077,1.5329185604188464,0.004977505733820171,1.3339265521705252,0.004737023665178248,1.2694795311449647,0.009713892022985364,2.603235272304313,-0.6048735039765842,-0.15724129752413976,0.0781395730095888,-0.7630424150368865,-0.1891505941724626,0.10620188219400323,0.03698150924537731,0.4382808595702149,0.5477261369315343,-0.400578003452428,-0.24419196557089606,-0.09894101767180397,0.06167551098667447,0.5481618221384408,0.3583089694133987,0.5302136110266628,0.3422619943428326,,,0.022997238573369275,9.0,0.4271734741594479,0.030347221030908263
192,11,Entinostat,Trametinib,BT-549,0,0.02114386552014674,0.02114386552014674,0.02289156978649853,0.019197675508203508,0.018112063493940102,27.37410958604438,1.0,0.056234132519034905,19.69632118847007,False,0.020427485616651215,0.023047060177169395,0.020401381764063687,0.01610605446447171,63.928490044640526,0.001,0.025848239076323182,0.024196784040438176,0.01563715862844169,9,0.01918419761161491,0.019574909292862958,0.05061097435931806,0.048075544026840035,0.04393621666849058,0.049262683412676866,0.051342254981672136,0.04528630761506014,0.048635976033725443,0.04532208940487246,0.734375,0.0,-0.12820876365589995,0.20503999761208302,2.052657551452776e-06,2.7154107039614076e-06,0.0275324006106507,0.0275325679322371,0.0275326013995657,-4.999993389303865,0.027532400610650785,-0.007274234818647236,0.00023400911609522661,10300.727223195165,1.2027309995529156,1.619123133940338e-07,4.951107347940415e-05,1.6191193542126885e-07,4.951095789932907e-05,3.238242488152879e-07,9.902203137872868e-05,-0.07250010870016936,-0.4006983771152111,0.1784025835827749,-0.06797908805091982,-0.511549788196071,0.1303721938077632,0.504247876061969,0.12743628185907047,0.21539230384807595,-0.02657999508387288,-0.5096830219771714,0.05730089863451826,-0.03560484581680504,0.15651598920619053,0.46782804740113715,0.15651906602938284,0.4678267023526233,,,0.03347867312427987,9.0,0.18459480396935224,0.015297356506770266
192,12,Iniparib,Trametinib,BT-549,0,0.023068799903053144,0.023068799903053144,0.024431011435990236,0.021823799175867752,0.020746321247301493,8.89129404697193,10000.0,0.5623413251903491,24.547148510570427,True,0.022808728680931884,0.023749974824659462,0.02228239057835864,0.020948050030173263,15.410798766462875,10.0,0.024708792158964498,0.023985444253838608,0.01796102153331134,9,0.020659708960128555,0.021713532114819807,0.045393239504958764,0.044105259008651934,0.04182479899484915,0.04378357995390218,0.047927554799988024,0.039625128865010954,0.043572637612487315,0.042192958108266246,0.59375,0.0,-0.0737642528804201,0.15108799474658197,0.013619967186931576,0.018017523020740462,0.0232582546575229,0.0232582711890736,0.0232582546574136,0.9999933893038648,0.023258254657522952,-0.008340191519187416,-5.59279100713e-05,1.6937485668238443,0.9519972072568512,1.5410805309093732e-07,4.4155207182597636e-05,1.5410779722382538e-07,4.415513387127411e-05,3.0821585031475117e-07,8.831034105386844e-05,0.013824131871243187,-0.2398116888051427,0.1933221451516601,-0.07052032927151469,-0.1699338456429745,0.16154727229515897,0.27136431784107945,0.7151424287856072,0.28385807096451776,0.025921695755566746,-0.27074938708962926,0.19786758184217415,-0.3074195187320276,0.1551114385385063,-0.091862429838783,0.15511051194597014,-0.09186078563413315,,,0.024152111170727932,9.0,-0.04919317774880233,0.0
192,13,Everolimus,Dactolisib,CAL-85-1,2,0.0868354226927345,0.0868354226927345,0.08539266229336481,0.08266542920271956,0.07932222174902652,12.382208681029386,10.0,0.5623413251903491,79.28657568582702,False,0.08180284910818063,0.08217695004589678,0.08062213277808615,0.0772869206366286,13.174858703395643,14.677992676220676,0.08809558765592193,0.08776736625522803,0.06251553547921941,22,0.08379514929119049,0.08025105846161071,0.08918736237119586,0.08792614532977372,0.08154030060973012,0.08386419061077074,0.08996951666877319,0.06486932902747546,0.08579810974335311,0.0822072393000012,0.015625,0.0,0.06913272374618995,0.6144361318924909,0.057106541371549004,0.07554485335207003,0.0871268707704751,0.0954963004179568,0.087126842694735,0.9999933893038648,0.08712687077047515,-0.025464722011420676,0.00029918483670641864,1.520586269228987,1.020308635783628,0.02932383858081928,2.4037998646832754,0.02379931108837127,1.9509308311089355,0.05308881623335761,4.351916237917541,-0.1718761293421899,-0.09916815024592647,0.15598500871192766,-0.09864808195649319,-0.22819213461529683,0.16224144567201018,0.6916541729135433,0.14742628685657172,0.4927536231884058,-0.1877626823481913,-0.1353296565533942,-0.2058395947387183,-0.1711696907612157,0.08883115128374157,0.11468090669741939,0.1909490094856493,0.13358933162921133,,,0.03565715422105988,4.0,0.020105165628438965,0.017296960331411374
192,14,Trametinib,Dactolisib,CAL-85-1,0,0.1000437628215387,0.1000437628215387,0.08777378588065361,0.09619815599364026,0.08245392752686131,18.96459856079708,1.0,0.5623413251903491,10.977960876228336,False,0.09007768810916796,0.08255838976978074,0.08871255220067163,0.08067909301611786,15.410798766462875,10.0,0.0958794903901064,0.0854736021749134,0.0715793028372288,28,0.08328762680328404,0.08294190498035785,0.10578163325550943,0.08783809313115229,0.08912639984603388,0.09634768183769452,0.10276919734869637,0.08328032087566259,0.08748218619229792,0.08977195439909152,0.15625,0.0,0.05770296481019699,0.674286505957329,0.05551856222276409,0.07344415439464957,0.0952584804202421,0.1013373746929579,0.0952584568259362,0.9999933893038648,0.0952584804202421,-0.03142952696562939,0.0013699406041508206,1.801987638298711,1.085272549936099,0.024461593816603393,1.9508234149663712,0.017693489487708828,1.4110639659814512,0.04205576251060653,3.3539665017358313,-0.307851236380913,-0.10259074307276138,0.26480025675721447,-0.19522461045633177,-0.2573004574496395,0.157938738287292,0.7591204397801099,0.13393303348325838,0.0769615192403798,-0.3319732505995369,-0.12325959958429977,-0.1944937524487661,-0.06341822820796084,0.06506762854782368,0.41404098972719106,0.13435094556467303,0.4104945029486316,0.053957233062847,9.0,0.07293908466687271,4.0,0.08183115354525029,0.03701270868432653
192,15,Refametinib,Dactolisib,CAL-85-1,0,0.09134251355327139,0.09134251355327139,0.08798953317924998,0.08920131246396384,0.08221455051662213,13.58819217220968,3.1622776601683795,1.0,13.280036709286613,True,0.08590629296601054,0.08467884195348684,0.08552790398756574,0.08119347566788733,11.27184390406551,21.54434690031882,0.10132385278244076,0.09620196262532268,0.0727546824494222,17,0.09375305332110533,0.08977348640398129,0.10526734038289243,0.09739533381880644,0.09455299326676278,0.09988018800535897,0.11514147200448924,0.08699009176504624,0.10843626149623305,0.10203597966973202,0.25,0.0,0.09947353837628203,0.6695067885840951,0.056471406832650076,0.07470464933257291,0.1051126683424443,0.1082063924520176,0.1051126538757588,0.9999933893038648,0.10511266834244437,-0.057540744267966404,0.003306515096966359,1.617500230230848,1.1946042278495956,0.014477983427147099,1.1517947684024017,0.01257472801467341,1.0003814422267194,0.027042478426683985,2.151362123960315,-0.4062815564040809,-0.35874378190713113,0.13549585415999957,-0.147079344315016,-0.2178264656847821,0.1641978013476451,0.968015992003998,0.862568715642179,0.607696151924038,-0.44464932010231006,-0.37783561599330695,-0.26370225216299636,-0.3126804378535249,-0.0018548715502357486,0.03199601396496494,-0.01006746171074988,0.009482847184991141,,,0.08088850948876287,4.0,0.17781494044390564,0.057502305144805796
192,16,Indibulin,Dactolisib,CAL-85-1,0,0.08058270308321022,0.08058270308321022,0.07675188319896074,0.07004923258621247,0.06223021473196198,18.688172742706907,3.1622776601683795,0.1778279410038923,36.014858994023214,False,0.07635017843587902,0.07381133898213812,0.07078246402865714,0.06592165912556236,18.019720410312352,6.812920690579608,0.06434910765922613,0.061374543083252873,0.041050587055582795,16,0.062282550645114364,0.06452449225427537,0.11086888334213095,0.11001715961241036,0.09351082252947109,0.11801945631684761,0.10213659608580222,0.08723680718517601,0.09617678059674306,0.09392704773269948,0.296875,0.0,-0.1399279578830701,0.661194236630646,0.051694524325764914,0.06838542775487645,0.0955873089475691,0.0990741073117951,0.1015262213243397,-3.580105188165533,0.09558730894756912,-0.010870603506802091,0.003246082057251112,1.5588247330684353,1.2454066918434048,0.007675310847847923,0.7000111749135941,0.007273529035754674,0.6633674787926523,0.0149479813257201,1.3633003506740993,-0.11386778989689492,-0.13151414776697504,0.23369054913500828,-0.09420152375559411,-0.3549808014120822,0.14550766692233597,0.5362318840579711,0.028985507246376812,0.11044477761119441,-0.13093600241860684,-0.17964958515143198,0.16590104391923108,-0.3219404120544526,0.3418216553049532,0.6399486949241479,0.3805852361975781,0.6768358050835254,,,0.09274293954923882,4.0,0.2194621366900562,0.05697439826142187
192,17,GSK269962,Trametinib,CAL-85-1,0,0.06647563578870297,0.06647563578870297,0.06895775291889197,0.06221460436552159,0.05420883077567011,20.406592135189193,3.1622776601683795,0.1,16.95080629304621,False,0.0660527682710137,0.06985810144512404,0.06519416238014321,0.059058151643800086,24.46482137210672,3.1622776601683795,0.07675183081267271,0.07542984116438059,0.0564692642804869,14,0.06108720714901297,0.060686079774738125,0.10293051988474927,0.10797145741659045,0.09517745814653561,0.10051338262763407,0.11900147598913241,0.09452137137828841,0.11908683366976082,0.1049008577358045,0.421875,0.0,-0.052646162371849936,0.48247436963147694,0.015779997686129817,0.020874974783337084,0.0953292175350498,0.0980204129980816,0.0953292000998211,0.9999933893038648,0.09532921753504989,-0.0153180106585319,0.0043324880282218925,4.2126518083797455,1.3824292918473708,0.0069329122224253735,0.7037698228661684,0.006128514802396003,0.6221142917349769,0.013059550422774435,1.3256936180467689,-0.19276561144948776,-0.29859797167886426,0.1534698340159024,-0.06481849061864425,-0.40186984546598,0.1381275756056043,0.7901049475262368,0.16691654172913542,0.35282358820589704,-0.26623227964531,-0.31370241626338735,-0.08922984150691793,0.19448153971893303,0.23967903509049326,0.5196778131981089,0.2614957438550647,0.5126926771495046,,,0.048186872132096895,9.0,0.32384230796887004,0.06582163799406615
192,18,Navitoclax,Trametinib,CAL-85-1,0,0.06891770875032559,0.06891770875032559,0.07729415264666581,0.0630541294645474,0.06011788850370923,19.770170396987634,5.62341325190349,0.056234132519034905,20.488468555507023,False,0.0773519728287006,0.08683040078260248,0.07172948454021905,0.06491180803654509,32.462077451052096,1.467799267622069,0.06836270410689144,0.07743739426241279,0.05429581811287184,26,0.07610610009191866,0.07051462893969193,0.12350529028510644,0.12238005740104924,0.11343282229526971,0.1277127998910806,0.11840651991648869,0.12076704765747695,0.13625329743295184,0.12418790523676164,0.46875,0.0,-0.03373510667775004,0.627112773621502,0.0029154903469027094,0.003856831203857001,0.1412835223268131,0.1412840781651953,0.1412841893347679,-4.999993389303865,0.14128352232681318,0.08417753996357256,0.01398664764770502,23.638462333974378,1.8278681826381022,2.2253860267222204e-07,2.0153791268358654e-05,2.2253785281020128e-07,2.015372335851081e-05,4.450764554823673e-07,4.030751462686439e-05,-0.06907339567822865,-0.43196471629372063,0.23729224507756086,-0.033398582908380214,-0.4098497469242932,0.1308152734380438,0.5827086456771614,0.5737131434282858,0.08445777111444278,-0.072601407125032,-0.43800320478068827,-0.00704292916882841,-0.4020115625382824,0.2630460669508063,0.6023404656343488,0.2630484079031474,0.6023404752922082,,,0.090977293035731,9.0,0.6031503602776851,0.11826515821536375
192,19,Ponatinib,Trametinib,CAL-85-1,1,0.09024284963731027,0.09024284963731027,0.08625085105641161,0.0827927722565415,0.056379421131563336,57.38488077854324,0.01778279410038923,0.01,71.28857919356719,False,0.08051135762445213,0.07968089086541728,0.07756336030048835,0.061782346035251,49.46168975333602,0.31622776601683794,0.08575640983248714,0.07126092424006436,0.055209636268515445,24,0.06656837496920189,0.07089120331508433,0.10699137713987043,0.10420350319621437,0.08389661047852393,0.10010187770553847,0.11189393308012349,0.09250197687674652,0.09363758824245491,0.09066759650840862,0.390625,0.0,0.10670440706974305,0.872527400190896,0.03962054993539831,0.052413060968340086,0.1188496528453072,0.1352654602735728,0.1426331144912822,-4.999993389303865,0.11884965284530725,0.020474539275469564,0.0066860306734947365,2.2776778662702086,1.3779533928027519,0.01628286156297253,1.3214945655001138,0.01169495214110831,0.9491461705602801,0.027852733236968366,2.2604893780266666,-0.4031257109206528,-0.2739969611997741,0.1727708775957859,-0.3173404969546655,-0.6320012843801905,0.10557060848526631,0.656671664167916,0.005997001499250375,0.15092453773113443,-0.36104312479000134,-0.2819922452212539,0.14025923730319906,-0.051477837344502585,0.4808520066648844,0.574777165526368,0.6159656949045326,0.672544585241937,,,0.04918769174318503,9.0,0.3205993496702416,0.08176815195107895
192,20,Olaparib,Trametinib,CAL-85-1,0,0.0756865188232207,0.0756865188232207,0.07966536685933172,0.07234359905832351,0.06778745850937698,12.382208681029386,10.0,0.5623413251903491,70.15173287239595,False,0.07443364575028973,0.0788501924137539,0.07389035313620139,0.06996258549190915,11.27184390406551,21.54434690031882,0.08024426584908877,0.0807556409846239,0.05968428839725465,17,0.08082908208961691,0.07460272128051117,0.09519010078751576,0.10220521754983748,0.08833035708401014,0.09430850514030474,0.1005769599825376,0.08227242606914008,0.10035333320778497,0.09053946927082045,0.28125,0.0,0.06286410163578293,0.49040581904354397,0.04437629433951717,0.05870431946448286,0.0830926708651815,0.0832721646569699,0.0833629030679269,-4.498216014725485,0.08309267086518154,-0.01715223796671169,0.0005578212746774744,1.705561943594324,1.0430212542911088,0.0012160110642368378,0.1068479037407557,0.0012060800879871616,0.10597529326410426,0.002422088792749202,0.21282298968360816,-0.3725900647855592,-0.3128167399853184,0.14035372110536998,-0.10223387879798954,-0.2253718160995629,0.15965011263189605,0.9735132433783108,0.7561219390304847,0.5732133933033483,-0.36581785011423984,-0.3235882585569035,-0.15678332795237745,-0.314558597154014,-0.2535716275689381,0.1898803106930549,-0.23472553748783428,0.2053991631927127,,,0.11032637087148883,9.0,0.04212155384658497,0.02361824029595504
192,21,ABT-199,Trametinib,CAL-85-1,0,0.08434653236385793,0.08434653236385793,0.07620274596894674,0.07736580272143756,0.06898457027616998,16.835995821007888,5.62341325190349,0.1778279410038923,29.361129537781324,False,0.07988668185071675,0.07800259950525588,0.07857608563078618,0.0703090834628982,24.46482137210672,3.1622776601683795,0.08883373689730309,0.07955476275726495,0.06928166878042645,15,0.06842962516697268,0.07207220913679437,0.104137733342433,0.09746913926406951,0.08793146498351072,0.09772599844828712,0.10705197828725473,0.0899181794623614,0.08894471935686335,0.0913268519097322,0.328125,0.0,0.08320442352631408,0.582825922390811,0.05579745187142596,0.07381309072144432,0.1135722805742352,0.1150436523721341,0.1135722714687825,0.9999933893038648,0.11357228057423524,-0.06537028959299888,0.007091804421624972,1.5116556318417123,1.4903961678824127,0.00521488852050241,0.4790407376972038,0.004945946447028834,0.45433566322282454,0.010160306626275765,0.9333278673830628,-0.13195775104070342,-0.15595628399287229,0.3429312780166116,-0.07867131773505442,-0.3317696101776665,0.14447992378456495,0.6381809095452274,0.06746626686656672,0.0074962518740629685,-0.15239302068684177,-0.2647053351939303,0.07819931874150607,-0.08974586726462234,0.17305324226906574,0.6069025779044336,0.1848824063989252,0.6100187623263723,,,0.0908673395161762,9.0,0.39904196910119316,0.08421285187918155
192,22,SCH772984,Trametinib,CAL-85-1,1,0.07006410653745551,0.07006410653745551,0.06848441458534026,0.06668341473504287,0.0585465811879245,39.25570873017795,0.1,0.1,7.348452616665294,False,0.06603849187870592,0.06744395791895509,0.06471498556462749,0.056594621799389164,36.84495823829967,1.0,0.07100255556707345,0.06932157905749345,0.04227329137059005,35,0.07180316502271364,0.06340858214335472,0.10077734073984226,0.08817929104429045,0.08947569554296086,0.09993144970046912,0.0985287997386227,0.08509083608007897,0.1060672246219496,0.09831279093458374,0.234375,0.0,0.03738932955929297,0.764703946285752,0.028142604145863052,0.03722916590784448,0.1376870302594464,0.1533591812460323,0.1592212903265409,-4.999993389303865,0.13768703025944648,0.08630840076367197,0.014267603260568943,2.489609922888209,2.010487073491311,0.015147044822484966,1.5482254524534016,0.011047403798276649,1.1291886928750963,0.02610541105136556,2.668313344955944,-0.35324456187329484,-0.4881873491606958,0.10248822676948428,-0.3652374269346039,-0.36340608727551676,0.1285855859242078,0.4512743628185907,0.7891054472763618,0.5982008995502249,-0.3107436657482791,-0.3888334808325339,-0.32794902907975393,-0.34069165827588915,0.585172002803137,0.555677562677857,0.704011118384869,0.6413130065417515,,,0.04960571104552618,9.0,0.6983770178350501,0.11944707305149399
192,23,Entinostat,Trametinib,CAL-85-1,0,0.05881701529516738,0.05881701529516738,0.06519970419149493,0.05659210749336682,0.05175421876624782,14.287600301030691,10000.0,0.03162277660168379,53.053913837128924,False,0.07114454602556676,0.075625291692863,0.07018872381494863,0.06346680744507066,24.46482137210672,3.1622776601683795,0.07144038375634458,0.07472631933445235,0.049708641421610786,17,0.06663135762001071,0.06754635573595287,0.08846535764969712,0.08970732127910401,0.07846381080358811,0.09856368502970804,0.09968301088398875,0.07778510516486786,0.09809924448997452,0.0940293253162347,0.359375,0.0,-0.26791297765197997,0.5223973932791359,0.02794815409796106,0.036971932673257844,0.0775582507250905,0.0775583233511297,0.0775583378798867,-4.999993389303865,0.07755825072509058,0.0438377452386141,0.0017642808288775595,2.104504472424472,1.1895491196907562,3.03093139178398e-07,3.2540822087434385e-05,3.0309129532054144e-07,3.254062412633692e-05,6.061844344986001e-07,6.508144621373486e-05,-0.2284216738988603,-0.43605234665889303,0.06949820406406268,-0.008115990624768024,-0.275589940693765,0.12799742719785914,0.9265367316341829,0.9050474762618691,0.8115942028985508,-0.23689522903534896,-0.3764805954251492,-0.38407523643695646,-0.24096925967165975,-0.15776786504911441,0.005916269355372867,-0.15777036153396756,0.005913891504810893,,,0.05508736470754238,9.0,0.17357434430992952,0.04200334306787448
192,24,Iniparib,Trametinib,CAL-85-1,0,0.06644921320027823,0.06644921320027823,0.06891874971673718,0.05548570641637202,0.0504006634348883,13.414743368689448,10000.0,0.056234132519034905,174.5191937140708,True,0.06410062256465107,0.06860527940147358,0.059648459595247075,0.05480713125369488,24.46482137210672,3.1622776601683795,0.05165213710063376,0.054976150280169445,0.03795938428257891,15,0.05510820239371776,0.05427028279694347,0.0999743347972695,0.08634501392038263,0.08437837524689275,0.09926778741037033,0.0968675257284273,0.08208214017440657,0.09443905751487848,0.09817114908571063,0.46875,0.0,-0.02224928413915994,0.42622519171905304,0.018534596228274323,0.024518966135504805,0.0776300444793452,0.078167148414519,0.0784835591943961,-4.1547682039552125,0.0776300444793452,0.02829649287151981,0.0012766297433468516,3.5851449031789904,1.1263994892306126,0.0023917303665740583,0.2429253669695131,0.0023124172030301446,0.23486961803197012,0.0047041234978545095,0.47779254006090394,0.050171884553950434,-0.1887042326209189,0.2040172150431392,-0.013281226717276657,-0.2649262459643087,0.13212209832589847,0.3353323338330835,0.255872063968016,0.13093453273363317,0.040665036663188395,-0.3321228955906084,-0.11306064062389387,-0.1086726758846753,-0.2813683059184588,0.5281334272608694,-0.26813383987610134,0.5319397650205981,,,0.0797559474447774,9.0,0.11902625296860185,0.03572995582626505
192,25,Danusertib,Dactolisib,CAL148,0,0.06974800519532803,0.06974800519532803,0.05620942690851797,0.065042125820813,0.04002602553247369,63.46904136932774,0.0001,0.0017782794100389228,0.7260162597180589,False,0.08433685639118858,0.07246157229761972,0.08433685639118858,0.06646104912437106,63.928490044640526,0.001,0.09715966339335368,0.08352358611120428,0.06307597124909478,19,0.08372282444157356,0.10193011572242185,0.07074569480131548,0.05444147027478043,0.04029196660591805,0.08103690817163023,0.10551819156912445,0.0730027226774135,0.08335111731151701,0.10117860821078824,0.203125,0.0,0.06318744792724207,0.928557925911405,0.03997829007749888,0.052886306693331595,0.0625300205290156,0.063936670689334,0.0659361422723102,0.5004397502839831,0.0625300205290156,-0.02478038268494066,0.0007505037939750888,1.744647033680526,1.1124472169194062,0.03320031010531975,4.134576413943478,0.01654674796899274,2.060637194744228,0.04932860563866258,6.143101939691033,-0.483890743016117,0.6729296407589842,0.6555592200176585,-0.873806593315303,-0.03713513385765618,0.11708472408802006,0.0004997501249375312,0.0004997501249375312,0.0009995002498750624,-0.2935427212067304,0.36437245731792395,0.8615324139829837,-0.13902596391168648,0.8224391903217622,0.09574218803746247,0.8189799958822616,0.08725625811008245,,,0.033555918967518084,15.0,0.1065622884669842,0.02739532430863137
192,26,Dasatinib,Dactolisib,CAL148,1,0.027240398266373214,0.027240398266373214,0.023618704763559022,0.026520944604181983,0.02190695648436408,15.3563517713114,10000.0,0.01,93.69835556688015,False,0.036486470649490205,0.04000275643155289,0.036486470649490205,0.029819784389634424,63.928490044640526,0.001,0.06543310885465203,0.05302551040949645,0.030814592301062208,7,0.04783584152073727,0.05412022273964483,0.04207604826191958,0.03735915318438613,0.033221298263418034,0.04239579423386002,0.0767852993320792,0.04715786630011704,0.05283186112056429,0.057186738755080055,0.421875,0.0,0.042099293560831974,0.905075299834067,0.009010531873235708,0.01191981325850133,0.0741210438488462,0.0743822811476104,0.0741210421292689,0.9999933893038648,0.07412104384884625,-0.051877842221304635,0.004936085926534415,3.0231731766341454,3.138234911306675,0.0006537985077257172,0.19376970921543407,0.0006452121210100479,0.19122491653474405,0.0012990052694039447,0.38499303737676316,0.17704862140808736,-0.4165784197409306,0.24349064797042974,-0.005460649244315694,-0.2834747002778046,0.12489828809758094,0.1054472763618191,0.862568715642179,0.06146926536731634,0.2485632880873325,-0.4465292774255687,0.5281001784305102,0.11358967401858071,0.2019419449937414,0.8314419386862055,0.20614760331015275,0.8296055171765411,,,0.04788935278171954,15.0,1.1436605117086611,0.07025728379701578
192,27,SNS-032,Dactolisib,CAL148,0,0.05581449916547011,0.05581449916547011,0.04964061120632806,0.05359229511201269,0.038735487291414614,63.880544524246744,0.0001,0.00031622776601683794,0.5464283890639284,False,0.04333040728932194,0.037092165302424075,0.04333040728932194,0.031405609666989145,63.928490044640526,0.001,0.09224951327524185,0.07967032543294729,0.06706229952457672,23,0.056292272150181004,0.06582643895047186,0.06126281956267572,0.05151980708949036,0.041038975489266355,0.04603748289674901,0.09424684508412316,0.06995067142358782,0.0580433114561646,0.06670822048098543,0.09375,0.0,0.04428372389360702,0.962500612620686,0.054362631377292525,0.07191500161969638,0.0735945192011872,0.0804260833581267,0.0735944725025891,0.9999933893038648,0.07359451920118719,-0.025611266029159654,0.0029519629755160887,1.0267070918274945,1.4825465966826283,0.03153331598169336,4.446625585539024,0.016053372566024682,2.2637434397231533,0.04688803063836766,6.611848776485924,-0.4539810455896103,0.5778841147837855,0.5365918017641176,-0.7876993277100441,-0.20491035107188513,0.10316101824471405,0.0014992503748125937,0.0004997501249375312,0.0009995002498750624,-0.33311271568433515,0.2295532566795324,0.9171779963352668,-0.36168940359552376,0.8218125733771698,0.18626371314575396,0.82929898618353,0.2370813103555997,,,0.05182949916880757,15.0,0.3937612825476524,0.05433197010523444
192,28,Indibulin,Dactolisib,CAL148,0,0.07788277905414838,0.07788277905414838,0.08013854724094073,0.0732497543023395,0.0628779559634053,63.880544524246744,0.0001,0.00031622776601683794,0.35869500885153116,False,0.06722475424629848,0.07014120467438413,0.06722475424629848,0.05303518666447454,63.928490044640526,0.001,0.07894937504101425,0.07024568894962437,0.029212345518769025,27,0.07722724112202381,0.08355473193869616,0.08656053091268112,0.08182977691391069,0.06600879576364584,0.08059796549196946,0.0896320948309297,0.04843930811273884,0.08090733979728794,0.09368513444227339,0.3125,0.0,0.0385705984078859,0.912636789447521,0.014320615318670741,0.018944393377312387,0.0589326751399725,0.0616929362042977,0.0678636426996562,-4.355706946133794,0.05893267513997256,0.029894434983807193,-0.0029491265547349557,5.438507865832232,0.7353848699401592,0.019241178613707652,1.6806924374484393,0.009605693836780416,0.839045118391063,0.02867599684036141,2.5048117890010992,-0.618175001339958,0.35310408139833865,0.5844102878462702,-0.7863528426536595,-0.20542178590250132,0.10474991056777504,0.033483258370814596,0.008995502248875561,0.0014992503748125937,-0.4182069341243823,0.1718497642860634,0.15714583385826952,-0.4330018183152608,0.4115061013346102,0.09768995174904506,0.42002398939968644,0.2078086105435687,,,0.031567755133899165,15.0,-0.30736128424535064,0.0
192,29,Dinaciclib,Dactolisib,CAL148,0,0.05666382593843156,0.05666382593843156,0.044733662163103205,0.05556359130606003,0.039031175254334735,63.81038541833028,0.0001,0.0005623413251903491,0.5075119302784911,False,0.04658508316747575,0.03823530738657364,0.04658508316747575,0.03444273984663432,63.928490044640526,0.001,0.07902953850662009,0.06700993012236163,0.04630674397387328,25,0.06182276766554089,0.07490347394787017,0.06158823788568858,0.043768314605897043,0.03919032871399774,0.05066169648816665,0.08251477459099697,0.05264145499729734,0.06201336948960318,0.07475493874012491,0.234375,0.0,-0.09329337879562005,0.931162439000483,0.029024640880550078,0.038395990831447145,0.0656426390047413,0.0663180113467723,0.066677714022843,0.6284360739375645,0.06564263900474133,0.0079044228935226,0.002307855524984132,1.9522662199897531,1.4674103534247198,0.03108188535562776,4.863746605321551,0.012902708337188014,2.0190378787009333,0.04336935629991509,6.78651108403564,-0.5079142270747957,0.5578478365059185,0.612230839874814,-0.8383145727481451,-0.11330324221835776,0.10966914453020121,0.0009995002498750624,0.0009995002498750624,0.0009995002498750624,-0.36340899939340404,0.2609644552011741,0.8898691597777152,-0.45358035841840705,0.7441888150494369,0.22882571567311324,0.7448105104602274,0.2903695032990156,,,0.05131825766224331,15.0,0.3834991828982714,0.04804014493092347
192,30,TAK-901,Dactolisib,CAL148,0,0.057342267674445155,0.057342267674445155,0.052033663706353595,0.056259161853963215,0.04314181975775282,63.46904136932774,0.0001,0.0017782794100389228,0.7071067811865476,False,0.06904151961614272,0.06483809484742624,0.06904151961614272,0.055567161101531995,63.928490044640526,0.001,0.16433347666015813,0.16244358446522247,0.14112213056775597,21,0.09320199973633878,0.1071513436569679,0.06412737960245124,0.05211101297006266,0.04373079850423716,0.07163276836775759,0.16698159843404714,0.15458684298222122,0.0932179074349622,0.10894033602749956,0.140625,0.0,-0.09484768499393992,0.9721205077400251,0.11393315663240933,0.15071939926696218,0.1219484830021809,0.1345200258086463,0.1446962113109444,-4.999993389303865,0.12194848300218097,0.035470223257332206,0.012163930347827305,0.5032974541331511,2.3436459075875207,0.02385376199379201,3.2090059023876756,0.01676347324058553,2.255161453675812,0.04051685811648382,5.450663793653942,-0.598391904951667,0.5606115698215747,0.5679990903932717,-0.8733987926661114,-0.041846710811637794,0.12028139160884645,0.0004997501249375312,0.0009995002498750624,0.0014992503748125937,-0.46755516295686084,0.342583786034972,0.9547655193831459,0.24575553533097064,0.8736707238813252,0.2475931706903359,0.8634400309701222,0.264195584281725,,,0.029125005087115696,15.0,0.8517077969876501,0.1102902096644453
192,31,Trametinib,Dactolisib,CAL148,0,0.0329002140684035,0.0329002140684035,0.03544712203329977,0.031228013090334492,0.028133720081905896,29.902114031268418,1.0,0.01778279410038923,54.725966382370764,False,0.037671997938341105,0.04052607052253858,0.03711928540875445,0.031553261814080476,55.70536609437829,0.1467799267622069,0.056174551989305634,0.04574053801488208,0.03484519492301812,31,0.04789649804180738,0.050690225635381225,0.04781360570169803,0.04780373636397799,0.042906777655881065,0.04573997404979508,0.06665299989997689,0.052407684911472206,0.051460743665408586,0.056212846205072185,0.25,0.0,-0.005215688222480086,0.931692224721653,0.019148385436122857,0.025330932936196083,0.0493436175827809,0.0494870803811386,0.0505663445792142,-0.5689359375164734,0.04934361758278091,-0.015640905658298516,0.0011782941357120784,1.7181717058158978,1.3920345221941142,0.0069474040899904195,1.3719542191393472,0.006137722888934347,1.2120606062793784,0.013078427590845048,2.5826918487179946,-0.03526449822126039,-0.4802793405372797,0.17876748379391894,-0.021182895228220422,-0.5775860434148082,0.12299070541052708,0.5392303848075962,0.1409295352323838,0.19940029985007496,-0.07019901980853074,-0.4897308484364903,0.009421037920775758,0.036530537976943604,0.3789655203217113,0.4437113716816027,0.38563709427525644,0.4567611816393437,,,0.027009325663139634,15.0,0.33076636203150855,0.03432628927967715
192,32,Teniposide,Dactolisib,CAL148,0,0.05096060848703215,0.05096060848703215,0.0481256966576372,0.04494279373921221,0.03587689503303704,46.49684396966045,0.1,0.01778279410038923,98.13076714740133,False,0.044086061938089914,0.0470783404089625,0.04382447361765062,0.0342368522558808,63.928490044640526,0.001,0.06193983551848855,0.04718596304516928,0.029753166054440706,33,0.054231609435349125,0.0592020198961664,0.05929919501559367,0.05893764490722489,0.04563505278152185,0.052474097543089494,0.07244726210830975,0.04733696322181678,0.06004207759371098,0.06538936886952426,0.234375,0.0,-0.03220953583923003,1.0,0.019015370375066905,0.025154970550106022,0.0534748383551523,0.0823259698073399,0.1038634390446027,-4.999993389303865,0.05347483835515237,0.016486421595119295,0.0005434756583267558,2.679969281789645,1.1111493873131546,0.02587906005548041,3.7641724269900028,0.016511590735836863,2.401651158903612,0.04211981358979537,6.1264296541207335,0.06545435405491172,-0.34347346053414474,0.4155496686124488,-0.11010425285445327,-0.7005500589242349,0.11948717494487386,0.18840579710144928,0.0004997501249375312,0.0034982508745627187,0.09207147281970157,-0.4789776748592278,-0.007442975020018255,-0.1820140519197475,0.4618283225440004,0.497513957476031,0.7080441614929036,0.7172057806668982,,,0.016798364464905235,15.0,0.10539496364632667,0.0233125643876163
192,33,Floxuridine,Dactolisib,CAL148,0,0.03536110242655699,0.03536110242655699,0.03409892288844961,0.033367273832609595,0.020708405024714358,56.403033459554464,0.03162277660168379,0.0031622776601683794,85.5480022756778,False,0.03957880600054283,0.04227103401965367,0.03957880600054283,0.0313534720002958,63.928490044640526,0.001,0.05565716862142119,0.03798009287237386,0.024362034526402752,24,0.04482918235804067,0.05342799001810059,0.048300744711855755,0.03883991181048482,0.028317882972615626,0.04190006013161943,0.06305480074766913,0.03439819350039442,0.046119033965600416,0.05509351414012304,0.109375,0.0,0.030591608064093,0.9399095947374769,0.017710518723544434,0.023428814066225833,0.062175682598949,0.0746711532771553,0.0621755996935589,0.9999933893038648,0.062175682598949074,-0.05443051533797501,0.0027030789644928166,1.9966158517733192,1.823391395744347,0.017148036810980094,3.520236051723521,0.013866571272376239,2.846600146995054,0.0309761524006777,6.358941820950952,-0.0076588161058298455,-0.5479199962097203,0.2532776091354296,-0.04601487050776218,-0.8182538816133409,0.11875949472186867,0.42828585707146427,0.0014992503748125937,0.0879560219890055,0.040879252188988816,-0.48499160971524874,0.4803364163133998,0.025363480406309848,0.1159600519782678,0.7357134721219242,0.304995644583559,0.7965569036930626,,,0.04367054903975142,15.0,0.6006981713598719,0.05199114313508423
192,34,Refametinib,Dactolisib,CAL148,0,0.03250461578926714,0.03250461578926714,0.03093274375946805,0.03204405514333822,0.027062973998020778,14.927365182037923,10000.0,0.01778279410038923,75.2800095243377,True,0.034778476455867506,0.03410211081871632,0.034778476455867506,0.027110098265458675,63.928490044640526,0.001,0.04950323119692711,0.04188678965983654,0.023128259770097984,30,0.041220054091997714,0.04941980130912757,0.04077368199689332,0.03604978964589029,0.03403486805433004,0.049531693546175835,0.05580547264441769,0.03489026873405146,0.04467245854884429,0.05374166367314131,0.21875,0.0,0.021565274160700088,0.945146571483313,0.0243845555087976,0.03225773485356427,0.0487866884323356,0.0622921064490847,0.0658634508905591,-4.999993389303865,0.04878668843233566,0.02503940814087845,0.001423306331704879,1.333000135169162,1.5771859364206167,0.004581403859557352,1.0367598576536026,0.004367113343639821,0.9882664675073252,0.008948136918823396,2.024940267789583,0.2718509391955624,-0.37772070990541057,0.17347909637183206,-0.0026131336547765257,-0.2861976137130142,0.12616328281180372,0.033483258370814596,0.775112443778111,0.21239380309845077,0.30719053713738304,-0.4113731007934267,0.3272760529201855,-0.3805705079702435,0.6813364300362987,0.42586834154036435,0.7049728900865785,0.6072366144117228,,,0.02778140035130327,15.0,0.4556422061800437,0.0377267323221198
192,35,Navitoclax,Dactolisib,CAL148,0,0.05255264729123727,0.05255264729123727,0.05783477897574478,0.045828839135501474,0.026819602752877293,63.68652024782645,0.001,0.0001,31.163129255580223,False,0.055590591951201335,0.06257324417790058,0.055590591951201335,0.04200403966484483,63.928490044640526,0.001,0.06291604025438809,0.058340119768280733,0.015517656029791698,26,0.051486749677876475,0.06897122129947086,0.07019564034596408,0.07255210503231821,0.03496469053003365,0.06313469259604056,0.0719431500804333,0.03338770386873322,0.05695777790007948,0.07232483736059313,0.390625,0.0,-0.03748908963177988,1.0,0.00814263134419599,0.010771688777211085,0.0532182675458423,0.0704574499740646,0.0779824134604914,-4.999993389303865,0.05321826754584231,0.021747685980969378,-0.0005126776585923985,6.454012845453997,0.9201775901687359,0.009403131976284344,1.1381027990371562,0.007556973422739703,0.9146540350982073,0.016939833064248924,2.050303183478457,0.23146804446233174,-0.7661431298756942,0.19670878259896174,-0.06409572876500559,-0.8625916553454317,0.11573686460239092,0.09845077461269365,0.06946526736631684,0.15942028985507245,0.17844039104272252,-0.3435883058355049,-0.10038682648548954,-0.49534241170822757,-0.0040039975302255774,0.5743489445948022,0.28983996544074603,0.5619933130089837,0.03238036038712048,2.0,0.028712135624726645,15.0,-0.083188594775379,0.0
192,36,BIIB021,Dactolisib,CAL148,0,0.06470187574242481,0.06470187574242481,0.059834181820286894,0.059884638662134664,0.04305744497212535,63.81038541833028,0.0001,0.0005623413251903491,0.5266343608235224,False,0.06275032975696003,0.059937162123896055,0.06275032975696003,0.05082451600290731,63.928490044640526,0.001,0.06560629390151734,0.04101953191103523,0.018741211307061176,31,0.07368722508628213,0.08185685233157594,0.06373788559011156,0.06077138547041178,0.045260334483348125,0.06150271579834659,0.06988644137499189,0.03348319762567779,0.07353888012307826,0.08068719893373875,0.3125,0.0,0.022757431468695022,0.980528097302744,0.013081963930373182,0.017305811610042264,0.049310312308804,0.0503728617264455,0.0579660225320945,-1.4608917941852553,0.04931031230880404,0.009422921408926452,-0.0011486224141113634,4.9458839732926165,0.8241160956609795,0.024811429664823133,2.9026887703656272,0.010620674227524812,1.242512512596386,0.03485067569507501,4.077180007211392,-0.4192042995009595,0.14366035153770246,0.3831139241805692,-0.8394437518368913,-0.11899296494917179,0.10707122650713499,0.0004997501249375312,0.12293853073463268,0.01249375312343828,-0.3087878184584293,0.1431543902775758,0.2976141630928542,-0.5277876181509185,0.48859330719688215,0.20608038761859088,0.5298153084378283,0.32591850476234724,,,0.01947687601606152,15.0,-0.19344386620467174,0.0
192,37,GSK269962,Trametinib,CAL148,0,0.037491732764392056,0.037491732764392056,0.03353376844926323,0.03500475072060048,0.02771243756729725,29.37309966271959,0.1778279410038923,0.31622776601683794,78.97033752608871,False,0.035388163361929396,0.031098504185474794,0.0346622675904157,0.02877336641977215,28.29572796775568,2.154434690031882,0.05077540327962735,0.03557077920127312,0.039844641217600875,15,0.023499219155543982,0.02797220392341191,0.045044494964458476,0.04317432723157824,0.03740561694096308,0.04364992339560557,0.06115891085826253,0.052799866389442965,0.039664926008841944,0.04002347037261668,0.296875,0.0,0.12715509451693408,0.38648209057722194,0.015160700032243346,0.020055720993482407,0.0913304773840952,0.0969873410231654,0.0913304401686541,0.9999933893038648,0.09133047738409523,-0.07931447656002594,0.007216742472797922,2.4729552517136875,2.723537544618008,0.007506069261321975,1.5668529741520367,0.007171067914867589,1.4969231829706875,0.014676730199778505,3.0636912029106225,-0.26839471430661027,-0.22256123230535804,0.2668510890070858,-0.3698217256106508,-0.23678608512718016,0.14150559899817614,0.21689155422288856,0.44177911044477763,0.04397801099450275,-0.2801442554058651,-0.20984847641190038,0.24114988969953108,0.33147365362165715,0.6522577884779053,0.44064796052592714,0.7030695290130159,0.47215257773907626,,,0.02825607151562517,15.0,1.0019316031763548,0.08495141242379624
192,38,GDC-0068,Trametinib,CAL148,0,0.03327883040279451,0.03327883040279451,0.026048391893361417,0.02856320632439307,0.023013626776752293,23.115241254146596,0.03162277660168379,3.1622776601683795,19.757310504200085,False,0.033640348831908654,0.029820074739175716,0.03281321601573852,0.026020087061658807,52.87459259749658,0.21544346900318823,0.0559707166789305,0.04301745856360919,0.036075422204310606,31,0.03461284399567814,0.03964134031860056,0.04091492487788569,0.030921963316625053,0.026954479422380388,0.0397646218504379,0.06436037448062853,0.05118405634871412,0.03552682356301059,0.041827413738383876,0.25,0.0,0.07502078288213399,0.973795496439802,0.021073045418040542,0.027877018771452215,0.0549720693123598,0.0657387441902581,0.0712813884112748,-4.999993389303865,0.05497206931235983,-0.0010168361556742757,0.0023434096842527537,1.5792131484851566,2.110382458057603,0.009284627838336256,2.4950636159968664,0.008212461824360638,2.2069397990428508,0.017489221455529124,4.699888987001324,-0.11936266615857517,-0.29314062730773444,0.19113687084589032,-0.4650682825913354,-0.023333120411681542,0.1292442789626167,0.0009995002498750624,0.9505247376311844,0.1889055472263868,-0.2454272226408297,-0.4470965279721764,0.6354076287551975,-0.059367080254749786,0.8012461053695152,0.7344154970381502,0.8713482561173737,0.7215579031202897,0.05074786380210344,2.0,0.044740420965601324,15.0,0.7468691908053525,0.048408776934072126
192,39,Nintedanib,Trametinib,CAL148,1,0.028633351445596294,0.028633351445596294,0.021514602977371636,0.02428969981752013,0.014556258945891243,60.58016825653782,0.01,0.0031622776601683794,118.36648184109174,False,0.027710224347201613,0.02395137942777422,0.02515449771465086,0.018134385284382208,63.928490044640526,0.001,0.03609016752754137,0.025436410105974087,0.03170298525424433,10,0.017391953806107925,0.020313571109905358,0.03952694279617784,0.03698152656267964,0.029774651394605757,0.03997413360574906,0.05775872039818467,0.054788871102783625,0.030490170258237057,0.03151808933272577,0.46875,0.0,0.061358296887989106,0.16484620667220895,0.026002491195345798,0.03439806258551581,0.0651805885712027,0.0651806385136749,0.0651805885708725,0.9999933893038648,0.0651805885712027,-0.05780282330175079,0.0037856309852144707,1.1011772383840437,3.0295975547286433,2.5254977193239453e-07,8.216969680482263e-05,2.5254932676867537e-07,8.216955196617339e-05,5.050990987010528e-07,0.00016433924877099046,-0.4060246733163231,-0.49251436603052007,0.11061652967712177,-0.19586683950553163,-0.764265217668803,0.10531060935588195,0.8330834582708646,0.0029985007496251873,0.37181409295352325,-0.23591157102287677,-0.3126611966467985,0.5955831557085198,0.19199312776955313,0.3651406003543387,0.5964208613647177,0.36513672670673825,0.5964217747977877,,,0.06305001850822746,15.0,1.1084297904783211,0.06152748154454618
192,40,Everolimus,Trametinib,CAL148,0,0.028514402311750845,0.028514402311750845,0.03063925678515307,0.02704697877184921,0.02453062994041401,30.75089590312831,0.056234132519034905,0.5623413251903491,5.618659621075119,False,0.026218729319213086,0.02758999980051545,0.025781633694581998,0.02276382006606587,45.54439195258803,0.46415888336127775,0.03871480669316876,0.03690315801576848,0.018405888334615064,25,0.02903447288857452,0.029602563688711465,0.039722993961721256,0.03573729128280592,0.028493662728999586,0.032107024457997305,0.043610738581948305,0.023991258339200853,0.029059092066135755,0.031339614955079836,0.234375,0.0,-0.04134889941084996,0.507189070011205,0.012805048129292193,0.01693948643816,0.0507188202010329,0.050720125343106,0.0507203863906174,-4.999993389303865,0.05071882020103291,0.024491062086094955,0.001633634666238155,2.2268094601317987,1.655354128093924,5.589624914168158e-07,0.0001277034057109934,5.589590736350446e-07,0.0001277026248672358,1.1179215650516664e-06,0.0002554060305781849,-0.5420240146452221,0.15559978652871623,0.3411813837546582,-0.542588044336042,-0.08210902117719156,0.1339324868593721,0.4832583708145927,0.08045977011494253,0.009995002498750625,-0.5252879154194258,0.0967584801886048,-0.32442368222946094,0.07586770953962833,0.583407178832752,0.7219032182386587,0.5834164827388897,0.7219150345240811,0.03542954797954919,2.0,0.0518620169619671,15.0,0.5040149606188178,0.040418246699209445
192,41,Olaparib,Trametinib,CAL148,0,0.0160239198277463,0.0160239198277463,0.018292003127606458,0.012276556400983803,0.010524315742214149,46.49684396966045,0.01778279410038923,0.1,27.8690962077621,False,0.016365808236104926,0.018701201847363406,0.015121286472882049,0.012830360004759712,52.87459259749658,0.21544346900318823,0.01491596603338167,0.017046818323864767,0.008562675682887605,10,0.014631775965694312,0.013825910546173102,0.03855585164476977,0.03930520467590749,0.03411749117521004,0.043556952705300765,0.04422967266659546,0.03642300564519356,0.043585251384146866,0.04354109553108072,0.75,0.0,-0.11859616149203012,0.11700581920699804,2.9849331884240265e-06,3.948695448356539e-06,0.0337043081476096,0.0337043081719946,0.0337043081768716,-4.999993389303865,0.0337043081476096,0.016161197863169358,0.0008013830092886584,5368.267500890546,1.8425706530053427,8.893743985620041e-12,3.4034658459784894e-09,8.893743984697374e-12,3.4034658456254023e-09,1.7787487970317414e-11,6.8069316916038925e-09,-0.4240408045372521,-0.64790760722475,0.06091827155558577,-0.7007271883976355,-0.10527907229937282,0.11929855086969948,0.0034982508745627187,0.9985007496251874,0.7496251874062968,-0.4495216113535851,-0.5883390894991429,0.1175912917643738,-0.5118961119410329,0.6907823309348861,0.2545727352250448,0.6907823307477451,0.2545727353095913,,,0.0518620169619671,15.0,0.6111616906177115,0.028308709071391058
192,42,SCH772984,Trametinib,CAL148,1,0.0265887478382539,0.0265887478382539,0.02901979228928935,0.02442609828710256,0.0223771855277645,18.395860258305728,0.1,5.62341325190349,14.696465016607736,False,0.02883080944461051,0.03207039909357324,0.026171799645595167,0.023549710201150032,32.462077451052096,1.467799267622069,0.023932762774370637,0.026121974958777182,0.014280258691166028,18,0.023777940292776054,0.024541406795995403,0.039980721380770155,0.03759411013167384,0.03509356864787387,0.046338052990294365,0.04717130533008826,0.037338705123048675,0.03896532011634254,0.04045450997202056,0.421875,0.0,-0.10358911338417998,0.21550583727906902,0.007298007849309428,0.009654356917735047,0.0374932540305342,0.0394480385223824,0.0398613844120686,-4.999993389303865,0.0374932540305342,0.01565614491018209,0.0005635957532846714,3.6432884682043545,1.2919890554961775,0.0006187420642227258,0.1492496709274395,0.0006148122153468912,0.14830173367631744,0.001233553502698387,0.29755121721100936,-0.34152689686643956,0.14830778619639953,0.2801153015937159,-0.3753405855508011,-0.05300581350007467,0.13776199674197273,0.38130934532733635,0.09645177411294353,0.03498250874562719,-0.4090948803029959,0.057588576033023704,-0.18879178933434956,0.20291486797723454,0.47132647165119007,0.32648399196921635,0.5083966382972706,0.3385658066613339,,,0.03188279130275524,15.0,0.2561829343463404,0.023740171719780618
192,43,ABT-199,Trametinib,CAL148,0,0.02024961261813743,0.02024961261813743,0.015466832042436832,0.017479140102884996,0.01494095601920144,15.17803936457581,0.5623413251903491,3.1622776601683795,18.516877594761354,False,0.0186570723962924,0.01312728412225381,0.016626971205806734,0.014500780571055022,21.033332728740156,4.6415888336127775,0.028882277654669854,0.016740875622168576,0.027547409700659407,8,0.009935922999685112,0.013000197223474919,0.04115572487131858,0.04245233495763947,0.03565292325232433,0.04503940403081541,0.06111928398297077,0.05967647104750516,0.039103876208654235,0.04078318803464091,0.75,0.0,0.03429606893236192,0.13804962834214707,0.013219719305988495,0.017488044842862472,0.0741872301535616,0.0741873155896399,0.0741872301529968,0.9999933893038648,0.0741872301535616,-0.06679247477808499,0.005264522224428569,1.5317732660907872,4.796536869994565,2.0908834341812492e-07,9.462948843765154e-05,2.0908805660499888e-07,9.462935863137467e-05,4.1817640002311973e-07,0.00018925884706902436,-0.16297018265931806,-0.07818149808842607,0.2978777782601501,-0.2554466637432666,-0.13752907823221305,0.16118114090441038,0.24087956021989004,0.33233383308345826,0.03948025987006497,-0.38617144023591343,-0.03843447036046644,0.7771939549989896,0.10143588735183474,0.4591167897109033,0.9202233065564686,0.4591170743225717,0.9202227674038084,,,0.04150489449284073,15.0,1.567894172100187,0.07255702739520528
192,44,Tosedostat,Trametinib,CAL148,0,0.029679944966566205,0.029679944966566205,0.027746720369724715,0.027191304503627275,0.02250250162785334,21.240267519945206,0.5623413251903491,0.5623413251903491,13.978280795018213,False,0.0264920193497542,0.02617486394645341,0.0260702963698645,0.02286419533060743,21.033332728740156,4.6415888336127775,0.038120349181992266,0.031254605897425215,0.032762231993183365,18,0.019143853546826954,0.021691576715364678,0.04445707394514219,0.04195514748247741,0.03776222547041555,0.04040021492535976,0.05944154815396945,0.057791615061675836,0.0350010682394498,0.03719308017319742,0.421875,0.0,0.07135091157871398,0.211715543064236,0.015629967208775214,0.020676503117256793,0.0663908904432147,0.0676677539507411,0.0663908824884893,0.9999933893038648,0.06639089044321471,-0.053691319922007846,0.0036378698425672397,1.8989128108920688,2.3927473070170775,0.0035021486665991488,0.8835293086725716,0.00343556400301501,0.8667311920347028,0.006937684715212186,1.75025344831293,-0.27378368572388767,-0.290611839475056,0.14786357346801912,-0.2489764539750215,-0.24647242769565628,0.15347794898412762,0.5527236381809095,0.5967016491754122,0.4817591204397801,-0.3696532405353203,-0.27330036968902466,0.49737165636874625,0.11260476781903747,0.5272484802700558,0.5916602263018128,0.5154128230564422,0.6061213384910809,,,0.036947933158143764,15.0,0.872442206617152,0.06031475642466974
192,45,Navitoclax,Trametinib,CAL148,0,0.03476548757293246,0.03476548757293246,0.03441593989231779,0.031165817682660017,0.02471464860098112,29.37309966271959,0.1778279410038923,0.31622776601683794,54.556512772880744,False,0.030045833597275407,0.028847168009549732,0.02929639646588468,0.02358298229174129,32.462077451052096,1.467799267622069,0.037100331572429174,0.028772314549226255,0.026667485975455523,13,0.020073287736054383,0.024184068959049704,0.04738218369646433,0.0463021611512205,0.03836118855526804,0.04265970695406851,0.05741820240792027,0.049889111009256436,0.03721569381455987,0.038396682534425526,0.484375,0.0,0.023778706408786987,0.28733404829703,0.011615286633689225,0.015365579919737141,0.0658547719653529,0.066046170842837,0.0658547710877935,0.9999933893038648,0.06585477196535297,-0.03439498483478514,0.0031523940719369995,2.9930804696715705,1.9134962511964633,0.002830661637321185,0.5757399485019221,0.0027518427836962177,0.5597086566905972,0.005582437443803587,1.1354349824206824,-0.17173920417103844,-0.08665273416650654,0.2670251078023606,-0.36682605535722923,-0.24585481182432592,0.14293504010164843,0.09795102448775612,0.16441779110444776,0.06446776611694154,-0.3135044147268174,-0.1729761933234733,0.4709690383752315,0.13112535346497947,0.6555883616839309,0.44553102799644584,0.64644337252308,0.45525430956473206,0.03238036038712048,2.0,0.058654999789606206,15.0,0.6489320667473727,0.056146184838660226
192,46,Iniparib,Trametinib,CAL148,0,0.02139123738955331,0.02139123738955331,0.02029231263432415,0.018709936509893575,0.016608073458843648,48.46801339708395,0.03162277660168379,0.056234132519034905,25.178096104302643,False,0.023140379438860888,0.02088624530318078,0.01960254962748767,0.016485840753539923,49.46168975333602,0.31622776601683794,0.02704935814013554,0.021646444579236545,0.025078190653537762,7,0.017944671436447415,0.01756898848412203,0.05366802619927878,0.045179736928043245,0.04188202353820212,0.047349601713450006,0.062331891176658306,0.0550633827119895,0.04079235295132564,0.043886792633985,0.703125,0.0,-0.06590732591250004,0.13054990569875402,0.005157763048650501,0.006823079174063782,0.0599381633327457,0.0599382264227401,0.0599381633323286,0.9999933893038648,0.059938163332745764,-0.033541805390464016,0.0031808054716537496,4.147386606903201,2.9537374282003315,1.7580810024835893e-07,6.064644892454863e-05,1.7580781285839633e-07,6.0646349787019345e-05,3.5161591310675095e-07,0.0001212927987115665,-0.47035071790599337,-0.3218049160783454,0.054803051138854225,-0.5524437581647899,-0.29199412656241613,0.11494517448300264,0.239880059970015,0.5442278860569715,0.8300849575212393,-0.4447079579855532,-0.17464872111971164,0.5041326402752135,0.01214249697768497,0.6385298346160567,0.8647568259240289,0.6385300288088108,0.8647570251901677,,,0.032904499830021604,15.0,1.0830712932933613,0.05639863005121445
192,47,Entinostat,Trametinib,CAL148,0,0.027608729357511533,0.027608729357511533,0.028010553040142647,0.020704914201135786,0.01742644980421497,34.369229679949996,0.01,0.5623413251903491,39.94897869079384,False,0.027684130220596407,0.030962864062066872,0.02714223435892891,0.019145894765921094,61.861557595186255,0.03162277660168379,0.029486705520683307,0.032473843385093515,0.016682011698219763,10,0.01799645596766459,0.0255320072602801,0.039883023625243964,0.03854438026319656,0.029655694120204818,0.046257489098542284,0.05990274760595162,0.04916357681954703,0.04353713229653173,0.05116254173446176,0.65625,0.0,-0.003601937798159982,0.26385858511149707,0.0017523751801416109,0.0023181744651683575,0.0433292315049285,0.0454814567873912,0.0459222223501484,-4.999993389303865,0.043329231504928595,0.0028099039105061252,0.0010928312211930438,15.755033322989915,1.5468895399113418,0.0005102348744872921,0.12751066058183247,0.000507969034658143,0.12694441403963416,0.001018203878181841,0.2544550668834845,-0.6343691322241755,0.015281755835285987,0.15884372722093248,-0.6394225793927419,-0.015187241908335402,0.1253257485820957,0.45327336331834084,0.4287856071964018,0.27936031984008,-0.5413024524873826,0.010802674343165501,0.610877787918037,0.2428345015271514,0.7601663243326228,-0.05394090560157432,0.7698670634153572,-0.05685941473383581,,,0.03359006782515527,15.0,0.4362461662693879,0.033057997840054434
192,48,Pictilisib,Trametinib,CAL148,0,0.033717882811151074,0.033717882811151074,0.03469939334445574,0.030640283978721098,0.023161625714520656,38.60456470459147,0.01,0.31622776601683794,36.909941072832936,False,0.038184748309375564,0.037047196705628116,0.038184748309375564,0.028396894522296566,63.928490044640526,0.001,0.04339281808018065,0.03606634667833297,0.023541116634278665,15,0.04180349575305193,0.04864536923825261,0.04203961512874386,0.04065237335212567,0.03330372272518592,0.054445995639523945,0.05608981265615822,0.03792965241739119,0.052878116381504456,0.061059812475620305,0.390625,0.0,-0.05991642320919999,0.5139676787101071,0.01839388380806715,0.024332821100381707,0.0534563233940385,0.0537911880474877,0.0546472710497392,-1.1818746617728209,0.053456323394038524,-0.026112835560189354,0.001653530612334769,1.8331029576452558,1.5405549850219427,0.005341331815827594,1.077520933568921,0.005081084444197365,1.0250205459302226,0.010422412784399229,2.1025407783520125,-0.45423920119594857,-0.03639190689680656,0.15020063108152373,-0.6837638540598353,-0.01329289321614997,0.12433200709229793,0.0069965017491254375,0.5452273863068465,0.3103448275862069,-0.4423414323852627,-0.08437200211961991,0.39336066326291563,-0.01212320545622376,0.392378095447693,0.5262593314567348,0.4463614536380346,0.4935122734792785,,,0.034095290767735424,15.0,0.4321427313886827,0.040663627633731464
192,49,GDC-0068,Dactolisib,CAL148,1,0.060232895839202105,0.060232895839202105,0.04115725634473286,0.049598636741513276,0.03554026090946871,63.92015905833175,0.0001,0.00017782794100389227,5.56177576043614,False,0.041194002990622286,0.02930127345902521,0.04115128853474336,0.0300896745705683,63.928490044640526,0.001,0.07283871543729022,0.038007356377773305,0.033882126247483504,31,0.04286032052444293,0.05051321249592348,0.05570810108323906,0.04339455075157354,0.0352307251461137,0.04807167764402199,0.07864341165877775,0.04415775920043639,0.043248438819378864,0.051883478338870026,0.21875,0.0,0.02198452065022094,0.992659506050548,0.019933586721214036,0.026369656600935876,0.0558235683840229,0.0568874715330494,0.0568554632153608,0.6806720410912046,0.0558235683840229,-0.027235247732755038,0.001422351037299628,3.0216787716934106,1.3563481471273287,0.021641960142933937,3.6808508257116888,0.010796780421216057,1.8363095517222083,0.03148798288024339,5.355456114846481,-0.48051239464173673,0.38180038247639225,0.410927035829975,-0.6822125947668823,-0.350796075579817,0.09439809866324765,0.047976011994003,0.0004997501249375312,0.0014992503748125937,-0.22495795904092855,-0.16956439310526156,0.18982873884953802,0.16165747512201384,0.6246048801750029,0.3152252818871407,0.6035571332560364,0.277386932562435,0.05074786380210344,2.0,0.027037406748429582,15.0,0.30479590223379627,0.03771406948738929
192,50,KX2-391,Trametinib,CAL148,1,0.019435124386840717,0.019435124386840717,0.01982004201124062,0.01818802991836255,0.01543340448406593,18.060090626165884,0.0001,31.622776601683793,16.082277464261708,False,0.10991825643635504,0.11258177208403425,0.10991825643635504,0.08693093098400398,63.928490044640526,0.001,0.076843980098301,0.06877427321297856,0.01739160709305983,24,0.10269691466420713,0.1336956371873535,0.03909133521361515,0.04005955061200311,0.030876036026537487,0.1099468178613346,0.10128074589711966,0.06368289046650309,0.10377554106414773,0.13711452837905858,0.453125,0.0,-0.02077219335142,0.895614184229396,0.007075973248929684,0.009360632750206842,0.0366426927632472,0.0477462388284069,0.0506245530659235,-4.999993389303865,0.03664269276324729,0.013876003507366707,0.0009498528676143857,2.746636215700856,1.8487696818435544,0.0033373276060571135,1.1786702182140083,0.0030896037211055665,1.0911796269389054,0.006426436124960263,2.2696749506993625,-0.26786413380724344,0.2606368323274827,0.18267271753590428,-0.3384445925921393,-0.00018989087706238993,0.12767914935396993,0.27886056971514245,0.04297851074462768,0.191904047976012,-0.3289366686611548,0.3143915222197106,0.09486534908541976,0.143283968857801,0.7098260828210927,0.5554974566942481,0.7737845751921412,0.586904320747006,,,0.02331177412780107,15.0,0.6145203810138196,0.03081968311995413
192,51,Linsitinib,Trametinib,CAL148,1,0.014708710805404914,0.014708710805404914,0.012454771982852041,0.013658432609669882,0.010715607870487457,32.118398703131014,0.31622776601683794,0.1,13.35629533216453,False,0.014734473846816195,0.01204708914449108,0.014032696975928518,0.011373271983124985,32.462077451052096,1.467799267622069,0.02227217363913142,0.015953359541885734,0.01998610225491351,11,0.011037331838074182,0.011453065163141794,0.033218048670385865,0.028065365452188035,0.02496770889385237,0.03409671187650191,0.049524618572422255,0.04530526584845621,0.029050921211151732,0.030894928597943128,0.609375,0.0,0.03888318043717698,0.14306940573785598,0.00886242514992686,0.011723886479815395,0.0452541381864377,0.0452541877174739,0.0452541381861103,0.9999933893038648,0.045254138186437746,-0.02587182355186058,0.0018928156778523627,1.659671089636938,3.6334778548129525,1.5463370103541763e-07,8.690933151873361e-05,1.5463342348513593e-07,8.690917552615708e-05,3.0926712452054014e-07,0.00017381850704488317,-0.2696177132802028,-0.3477545606338778,0.23474040822156036,-0.18103978829086068,-0.4635721350565002,0.136836753215571,0.7061469265367316,0.16491754122938532,0.09045477261369315,-0.2925664852621254,-0.2430116017852434,0.33794099152320256,0.3006739559171324,0.39947256666794156,0.9687219659588572,0.39947214875069625,0.9687221979461251,,,0.02610862167737044,15.0,1.2901902763299458,0.043506501558414956
192,52,Ponatinib,Trametinib,CAL148,1,0.013549158013363826,0.013549158013363826,0.014300335652333011,0.012157903572993406,0.007753442760639379,48.7717760938639,0.0031622776601683794,0.1,45.04276396867204,False,0.016043788406298266,0.016398487601182458,0.015240728257923475,0.012658052517518403,24.46482137210672,3.1622776601683795,0.015427352269030909,0.014782862285184328,0.008757223354386138,12,0.0069968124926761705,0.011914890505511555,0.03277584739617346,0.034332662356375575,0.027327485548933217,0.03273027105791793,0.04021694069322357,0.038310448025859575,0.029447794474233832,0.028853430913074154,0.765625,0.0,0.03249628539958804,0.16187526334853697,2.0489297643431546e-06,2.7104793051450823e-06,0.0319619559388915,0.0319621638382267,0.0319622054184843,-4.999993389303865,0.03196195593889155,0.0041160436164814395,0.0008170670276702551,6612.7976903627105,2.235049352402935,6.62348156843673e-08,3.242187603582091e-05,6.623476354631854e-08,3.242185051429819e-05,1.3246957923068514e-07,6.484372655011876e-05,-0.75035338989244,0.2920345325872846,0.17255638230463027,-0.7840734838951623,-0.010427008106235175,0.12265479321317238,0.2978510744627686,0.06496751624187906,0.23588205897051473,-0.4958118565518429,0.3895094514608456,0.2681276031274686,-0.344344682429341,0.6278970547113671,0.5247863028409833,0.6278975403169497,0.5247868151796776,,,0.03378750807748777,15.0,0.8042633094337883,0.028584384332538196
192,53,AVN944,Dactolisib,CAL148,0,0.05708049174554027,0.05708049174554027,0.05877635661444739,0.05270899523910269,0.04539457045218016,63.92015905833175,0.00017782794100389227,0.0001,103.0107309621642,False,0.04701130105872594,0.05069592450521942,0.04698581781028223,0.03806045105581891,63.928490044640526,0.001,0.06261382145991466,0.048309373096770206,0.021044046537240572,25,0.05891204403986546,0.061834831121697166,0.05807335821400259,0.05693974842349083,0.04634786766973207,0.04981958085236129,0.07071704663740223,0.037607636545363025,0.06010636277299351,0.06222500165482628,0.328125,0.0,0.004420559296849924,0.9018680189537018,0.006609625220824679,0.00874371229682124,0.0409327956019301,0.0411802757822826,0.0439019323212059,0.3189232517471402,0.04093279560193017,-0.0010124511191679862,-0.0017791663410793059,8.635964950886938,0.6964160073826131,0.023985885769014365,2.856611230336621,0.012072392217870384,1.4377676738187053,0.03555969879143871,4.23500036201438,0.07144201708931798,-0.5255698988503998,0.39616485610647095,-0.34763250578882854,-0.6820035737506531,0.09330482920545535,0.02148925537231384,0.09695152423788106,0.0014992503748125937,0.12720513892561258,-0.4459502181162752,-0.11571508554196656,-0.303991757094106,0.10580604691417585,0.173744324295907,0.07998259416391852,0.17532163094621922,,,0.03769191166958324,15.0,-0.3618080854496139,0.0
192,54,Everolimus,Dactolisib,CAL148,2,0.027160667909375255,0.027160667909375255,0.023544714734462464,0.025860416739679346,0.02039238880384304,63.880544524246744,0.00031622776601683794,0.0001,27.127911530089722,True,0.02576143438346986,0.02315693294037503,0.02576143438346986,0.020038954484994445,63.928490044640526,0.001,0.0393501441710268,0.03349654771230044,0.006845242923410878,53,0.034222802538950506,0.03611210707982357,0.039486328121902343,0.02964091456973757,0.024799796990168894,0.032215745270194676,0.04359551530354893,0.018292058046117644,0.035943975252363744,0.03964299181739234,0.125,0.0,-0.07701235243242,0.977091449396424,0.01859864631243043,0.02460369643256971,0.1696167542762158,0.2104136543081818,0.2264445576924653,-4.999993389303865,0.1696167542762158,0.15562431829872733,0.02821548973927096,1.4603572460659349,7.204026729104825,0.02577833425947018,7.664069913413244,0.017849063802108933,5.306645165332263,0.043461600690739496,12.921422419693725,0.3335172279308525,-0.4725872012150626,0.4250024701367576,-0.21192108498912096,-0.7836586370319931,0.10204996252456197,0.005997001499250375,0.0029985007496251873,0.00399800099950025,0.17306097729557826,-0.46804098217717655,-0.5285281548485619,0.48514683834959244,0.5507529572531162,0.9186172669546487,0.5724177182411436,0.920470271988046,0.03542954797954919,2.0,0.03070421875202469,15.0,1.9746401376212108,0.16797466993350801
192,55,Danusertib,Dactolisib,CAL51,0,0.03713114500317247,0.03713114500317247,0.03162356390736467,0.03466917632617198,0.026194241376197636,63.00247802247354,0.0017782794100389228,0.0017782794100389228,118.71052695100117,False,0.03176010626202056,0.029289321409494348,0.03124408493551963,0.02575683446138297,45.54439195258803,0.46415888336127775,0.05866479476602262,0.0379157860334332,0.03493719115189383,33,0.03598949258451834,0.037311517048562774,0.038559504520746135,0.03169988475803741,0.02673827322523937,0.03221510786143502,0.05954755931099345,0.036637688557089404,0.03631873452765154,0.03766899003456654,0.0625,0.0,0.06863725357975003,0.904422194215664,0.013701843096988596,0.018125834668929443,0.0550496650948761,0.0580304398092702,0.0584707977122085,0.5617826984449007,0.055049665094876105,-0.03881779540165697,0.002030415832854842,2.709937979900907,1.7407799214577402,0.03483787710027034,7.711500842101472,0.02094813206001241,4.636951257284991,0.05537811240107344,12.25816255065536,-0.3947095081307643,-0.30729261791343315,0.23999169199414822,-0.5197275934069229,-0.5112924397033134,0.0929718443149134,0.1984007996001999,0.10794602698650675,0.02798600699650175,-0.3094976280569624,-0.3667264364802111,0.29337309196138306,0.021560337157016926,0.6145926895370221,0.6114841591873311,0.5275300661855515,0.5715146154924503,,,0.03274925851057936,15.0,0.5543332435238945,0.04506013573941874
192,56,Dasatinib,Dactolisib,CAL51,1,0.026690696203701233,0.026690696203701233,0.022862225335563268,0.02605717444580741,0.0187304996492663,63.94248720211324,0.0001,0.0001,7.981851974166146,True,0.02318881223194396,0.020980005528327718,0.02279862337895344,0.01722067792917225,63.928490044640526,0.001,0.03785208688251813,0.026392197527209848,0.010013705666747048,51,0.02724541054336285,0.031206229282922587,0.026690696203701233,0.022862225335563268,0.0187304996492663,0.02318881223194396,0.03785208688251813,0.010013705666747048,0.02724541054336285,0.031206229282922587,0.0,0.0,0.01852308293299998,0.957717331150682,0.013923849102439342,0.018419521008922208,0.0190926637798742,0.0282887792316761,0.0681725249655772,-0.822022386400527,0.019092663779874286,0.017971728058509866,-0.00015815153708275087,1.9169050172358766,0.8351183447647443,0.04469018338880154,13.683326059908394,0.024257953069379334,7.427346594363001,0.06820703971660284,20.883762232608436,-0.1250639135614809,-0.2075207970302274,0.27372329425474085,-0.5254137361474772,-0.5214697669124081,0.09131830872696818,0.01249375312343828,0.03648175912043978,0.0079960019990005,-0.20669880596859666,-0.21843988640273002,-0.2010219889313799,-0.08209062193471138,0.27030967344186496,-0.0821472767183789,0.43158091461170817,0.15804750007824217,,,0.011756672283922201,15.0,-0.18018183391688672,0.0
192,57,SNS-032,Dactolisib,CAL51,0,0.033590505368153306,0.033590505368153306,0.02622501194277096,0.03284851288950934,0.022801507234171594,63.880544524246744,0.0001,0.00031622776601683794,36.032754196702754,False,0.030417859429212536,0.02562311162999783,0.02985160976753313,0.022905292605888996,61.861557595186255,0.03162277660168379,0.05783690416054275,0.03701315507501522,0.02612308503383256,40,0.037178522361985614,0.044029251290813726,0.039879750663753454,0.030573164698397028,0.02644608838770864,0.035742915689186444,0.05943177916091238,0.030771929265001056,0.03900822621238776,0.045002350962143174,0.03125,0.0,0.006971152728236896,0.99387989526994,0.022509339442747564,0.029777057170923635,0.0321445607750661,0.0331639663943588,0.0502624408399371,-0.5010324199718384,0.032144560775066104,-0.002536691254196667,0.0003455215360234383,1.4922919196980726,1.225721492337657,0.03165107806211649,8.44832966781122,0.014889381675373313,3.9742850052864687,0.0452731206728399,12.084335572523445,-0.537715411659125,-0.08245684488573515,0.21921739864112483,-0.7888759531157976,-0.20918336796321138,0.10349577694848082,0.00399800099950025,0.2683658170914543,0.08445777111444278,-0.47065232383709626,-0.16455180510360656,0.5906048885267838,-0.27833341370252423,0.5584773650283653,-0.2598434861896004,0.625369342034248,-0.18678645070085503,,,0.035512878529136996,15.0,0.20352964395683018,0.01858820959703861
192,58,Indibulin,Dactolisib,CAL51,0,0.06551941243572486,0.06551941243572486,0.07095283460641331,0.054641003333903385,0.05185109596995369,38.467716525353694,0.1778279410038923,0.056234132519034905,55.41926269569431,False,0.05776030863851009,0.06007437193038696,0.05424371909577037,0.049688546331293326,28.29572796775568,2.154434690031882,0.06490332607179457,0.062470522068966305,0.02668301165291807,40,0.06251714037884736,0.057491044200150374,0.06706508599100358,0.07083700570250483,0.052427149008203375,0.06030162373037626,0.06605007249934321,0.03012094606050414,0.0625733492739419,0.05784289417739097,0.078125,0.0,0.04391500681303495,0.937068953489994,0.008620346452198861,0.011403646463868065,0.0657613693433736,0.0893216366465571,0.1069563026427047,-4.999993389303865,0.06576136934337361,0.0448605870907901,-0.0007097470407694461,7.6005544323583765,0.9268321654541696,0.03368425374454577,3.323190363285468,0.017627959780790663,1.7391231675243188,0.05054882200326546,4.986999546750667,-0.30624682664698527,-0.37652531444356524,0.2075409997823331,-0.18299486729952275,-0.540906252966803,0.12705340809116655,0.7521239380309845,0.08295852073963018,0.12993503248375812,-0.4767664116505724,-0.3069144166659074,-0.3715964322621839,-0.12354552798563621,0.423531921431648,0.13487560064988482,0.600939108924567,0.28509861673921766,,,0.02228927566457345,15.0,-0.0759827810980457,0.0
192,59,Dinaciclib,Dactolisib,CAL51,0,0.034591705967427305,0.034591705967427305,0.0352666737806443,0.03434160366507971,0.02507115889878701,63.68652024782645,0.0001,0.001,0.5510997527671374,True,0.03767510062267662,0.03548574499113409,0.03767510062267662,0.03006707954836963,63.928490044640526,0.001,0.062075075478485904,0.04277836344093596,0.013877597749547487,26,0.0576471546951317,0.06664322504534459,0.03850116564618368,0.03406299591189277,0.02556952787438064,0.0394379402685286,0.06585462307392195,0.020662022938695818,0.05763992636281826,0.06669790934587913,0.21875,0.0,-0.08000000000000007,0.98,0.013672750840766232,0.01808734923140837,0.0243697716232623,0.0257789561035913,0.0404741574678762,-0.6376221526185802,0.02436977162326234,-0.001441402583720202,-0.0006498525105804236,2.529974133975278,0.6910141788488532,0.025210573239692603,5.003988007927868,0.012462817515518252,2.4737156430246694,0.037012928190550666,7.346609973636171,-0.30332923053287575,0.544643855311388,0.5594259556723732,-0.861991406816972,-0.06053127234010638,0.11965527560514798,0.0004997501249375312,0.001999000499750125,0.0014992503748125937,-0.24857646154199375,0.4068291264793155,0.17243062107557644,-0.28288598974092,0.2955236342201775,0.04179768615813223,0.4353037302925441,0.06452752228831099,,,0.04095893243761644,15.0,-0.36959493610681876,0.0
192,60,TAK-901,Dactolisib,CAL51,0,0.032715801076369615,0.032715801076369615,0.0281119751017066,0.03185123100338303,0.025980191788254902,63.92015905833175,0.0001,0.00017782794100389227,96.68422748178733,False,0.03199580628255391,0.028947352612568363,0.03144867635557976,0.02498960229280832,63.928490044640526,0.001,0.05314021587826311,0.036129305217666725,0.02176527530874487,44,0.03119190763816266,0.035125799733218534,0.05311397914586984,0.03386601164885276,0.03195155712166758,0.044953508637553145,0.059259402274748796,0.035691642874531214,0.031104563455753343,0.037664790949003296,0.125,0.0,-0.05486236740160999,0.965027972971088,0.03048774530167956,0.040331496051661,0.0366664249934502,0.0397148027153592,0.0635826488899051,-0.753789054319597,0.03666642499345023,0.00794742290137501,0.0005541435776813378,1.073080372216548,1.3042991415862588,0.03746026239230658,9.327762841189601,0.019560143201765055,4.870557899862514,0.05620955053761021,13.996414422670188,-0.3048058302638625,-0.2969120244885921,0.2798985860410141,-0.6829954267108299,-0.3520309023646745,0.09317855573234436,0.005997001499250375,0.3793103448275862,0.01649175412293853,-0.3786829645995237,-0.17572011976869298,0.2669891052991684,-0.5083054851967197,0.6375756136834889,0.1301329987870111,0.7203030186454753,0.19974276131571936,,,0.03697189425396078,15.0,0.26566584025255036,0.023540254409868594
192,61,Trametinib,Dactolisib,CAL51,0,0.02528786173755921,0.02528786173755921,0.025192316025220516,0.024904648293602727,0.02139903551608861,28.847343969392828,1.0,0.03162277660168379,0.49607837082461076,False,0.027803429004660717,0.027788725233141874,0.027394810981095957,0.022139623545999878,52.87459259749658,0.21544346900318823,0.0456468167593296,0.03569149507311477,0.022532447064266152,30,0.030599456828166824,0.03458139900158987,0.027828993672622867,0.02678611845593865,0.023577395217024278,0.031177329232158837,0.047875906566446844,0.027046648299374112,0.03205978389971851,0.03622142691886809,0.125,0.0,0.052113561729975943,0.857293243589445,0.00853180308982958,0.011286514605330769,0.0317511259937573,0.0357859758992441,0.0317511097090597,0.9999933893038648,0.031751125993757394,-0.02379284068067551,0.00037348121515686774,2.9639528094247574,1.260349622558348,0.010675642674989794,2.9663608002581183,0.009226528335878934,2.5637062621195503,0.019889900227580564,5.526657471813183,0.18268022235125125,-0.6356409703717748,0.2203917292594259,-0.037405029884746165,-0.5527199345980491,0.12488305063211382,0.10844577711144428,0.8065967016491754,0.10694652673663169,0.09671551313827392,-0.6028435895881881,0.30537800715927593,-0.01111083473878247,0.3509389618743837,0.24229927420881753,0.3430502989805857,0.2836249349652149,,,0.02745482049225782,15.0,0.23138916069433607,0.019325662088447777
192,62,Teniposide,Dactolisib,CAL51,0,0.03140043155554887,0.03140043155554887,0.02784048638287939,0.031343740952919315,0.025381844687226485,63.92015905833175,0.0001,0.00017782794100389227,0.1767766952966369,True,0.028970148129250823,0.02551516880499075,0.02848853198953829,0.02283162603300732,60.94043338075274,0.046415888336127774,0.05477750717074483,0.034958367845275694,0.03130121205008932,38,0.03651582093036507,0.0405231728778987,0.03607632121844532,0.029575088113505708,0.02616907860980973,0.03330580805425162,0.05856552743460431,0.03838377262470649,0.037301244866204904,0.04208273666297697,0.078125,0.0,0.03573607844050597,0.93674919067471,0.025437465976063157,0.03365060447816501,0.0361255732901524,0.0397536804174801,0.043564948181636,0.5158391831550305,0.036125573290152466,-0.02925013436237139,0.00052996436350688,1.2344166508211514,1.2975913133603858,0.038648994981371955,9.717609137603828,0.020148148107101565,5.065897010924429,0.058071855006939975,14.601145233531566,-0.33483455648926497,-0.1897362970129764,0.317283631206227,-0.6849360114736204,-0.348970897516622,0.0920050001337662,0.006496751624187906,0.19890054972513743,0.009995002498750625,-0.3368620826644283,-0.17785129723068463,0.37621881076473995,-0.31248032575172324,0.6394093922935743,0.4958053322034077,0.457338666438009,0.4478840311435601,,,0.03290519317969705,15.0,0.2605097099672588,0.023020954878259937
192,63,Floxuridine,Dactolisib,CAL51,0,0.03815717034488208,0.03815717034488208,0.03734067210313919,0.03559136431939644,0.02716232393708168,63.92015905833175,0.00017782794100389227,0.0001,15.420125597332209,False,0.031766727738083526,0.031323453222622775,0.031766727738083526,0.024408395499163234,63.928490044640526,0.001,0.055274976925847645,0.03698877892267811,0.02921422344256644,22,0.034071563257369625,0.039157513889311296,0.03815876477617148,0.03846194121305012,0.028152915218427273,0.03342161214651581,0.058209735530734164,0.03290119193640052,0.035293413147334654,0.03943549514732269,0.09375,0.0,0.05915643850292296,0.865537881081585,0.01577269355611499,0.02086531232755563,0.069981263897472,0.1026028073908843,0.0699809772985663,0.9999933893038648,0.0699812638974721,-0.07864587262161271,0.0035030515035734612,2.419191763862599,1.8741297345740264,0.038648071243654596,7.245089160643108,0.02155844395655074,4.041413804203284,0.05964732853976993,11.181676072276376,0.07171891636064852,-0.365672658916951,0.2977671270958006,-0.3451066088065002,-0.6826385223555221,0.09757286150736974,0.026486756621689155,0.00849575212393803,0.013993003498250875,-0.14167750519338174,-0.09567278287888585,0.46910801061344437,0.06199582225155714,0.38511774754238687,0.6043575748854942,0.6527050197391684,0.7121869097771424,,,0.05172172726684434,15.0,0.6281444101148196,0.059186582124443214
192,64,Refametinib,Dactolisib,CAL51,0,0.026173511871767714,0.026173511871767714,0.025840147608297795,0.02580029095911344,0.019786304109227635,63.880544524246744,0.00031622776601683794,0.0001,76.59700115498974,False,0.025983143138269063,0.026294044963385835,0.025621179851807542,0.0207263941145573,52.87459259749658,0.21544346900318823,0.04167998539789307,0.03405142041033448,0.018898491285983563,39,0.03161171905297934,0.03329624039121497,0.03500983348125143,0.03130087132233123,0.025073880681167605,0.030499425113028916,0.04855160130823411,0.02899069855268301,0.03466322067931377,0.0363244568560533,0.109375,0.0,-0.03474858513636003,0.857209399818339,0.008234095131651138,0.010892683994998282,0.0327815636353137,0.0344269079482137,0.0380056697321345,-1.4447190290637433,0.03278156363531376,0.01946521206912491,0.00040691768595750306,3.1786749428190397,1.2686291166845685,0.00877073854520585,2.3759604916779082,0.0075437077001935795,2.0435623937534317,0.016305138410820957,4.417001427619374,-0.321800547887832,-0.5374992749326104,0.1319327024606685,-0.20229784215558186,-0.7891414274354736,0.1026602793263585,0.7076461769115442,0.006496751624187906,0.271864067966017,-0.2440468918909169,-0.4732120169004095,0.2468479747700289,-0.3967667711406608,0.4134911219710032,0.09904193295828906,0.3813451310801703,0.18449269174363833,,,0.014542878153797668,15.0,0.23793688177877673,0.02017220082086987
192,65,Navitoclax,Dactolisib,CAL51,0,0.030615904562653607,0.030615904562653607,0.03336200926013474,0.029327044520239428,0.025846721259512616,50.41678350188806,0.056234132519034905,0.01778279410038923,52.716885988830704,False,0.02739565387145771,0.02951957786426056,0.026824372473910094,0.02310354921110557,49.46168975333602,0.31622776601683794,0.0425034954574869,0.036558614244991294,0.021377552054285952,30,0.03535694660791717,0.03810431674226345,0.03550555227066288,0.03608309544968837,0.029039226188688365,0.03123664655847888,0.046061477717948975,0.025868013191379637,0.03701174816741006,0.0396832761759361,0.21875,0.0,-0.08259543051447005,0.913105247222675,0.013684540683546752,0.018102945727405274,0.0365658497014801,0.0438292824581506,0.0459530605494575,-4.999993389303865,0.036565849701480115,0.013147971380893202,0.0002240377025179163,2.237262124512797,1.0960325985273833,0.003083987371363629,0.6470806788409307,0.002933937217664235,0.6155972310753653,0.0060175760369401005,1.2626047768925828,-0.08617780213202653,-0.6826547013918725,0.16214560784399173,-0.17586222916499736,-0.6718583745694416,0.11562139987560384,0.3218390804597701,0.5142428785607196,0.22788605697151423,-0.0908113617105924,-0.6098434420331282,0.0792117214414766,-0.5428106288367897,0.5294446790035161,0.310698530996022,0.6565958679969321,0.28602755328521257,0.0106936177283333,2.0,0.046366020208688775,15.0,0.09169693126542322,0.014967889046820072
192,66,BIIB021,Dactolisib,CAL51,0,0.02930683132758904,0.02930683132758904,0.029144562368688082,0.028951240584913315,0.02292684786749828,63.68652024782645,0.0001,0.001,0.7281987623581903,False,0.032866998245109434,0.030458586839680054,0.032866998245109434,0.025964315547077035,63.928490044640526,0.001,0.05568475754797083,0.03242275326621402,0.01671093336442026,27,0.041117831841844275,0.047506430966130844,0.033404584592244976,0.030828833333506608,0.02484253949555402,0.030880136997620503,0.05990694203771432,0.02415671625127203,0.04177399825825427,0.04664525148668638,0.171875,0.0,-0.02966206302257013,0.885464750681231,0.007833299564047812,0.010362481295770594,0.0275899913738561,0.050036659931323,0.027589758564109,0.9999933893038648,0.027589991373856128,-0.02510784183325578,-8.819789165289554e-05,3.741313744989079,0.9466599986931984,0.026986338047089956,6.481633312586023,0.012568203056598129,3.018656457532086,0.03888921012317548,9.340489228093436,-0.5826456449484327,0.46925387607847,0.3951522059873499,-0.8634574662694628,-0.06415848444397743,0.11774475713874581,0.0004997501249375312,0.009495252373813094,0.012993503248375811,-0.437201988131438,0.4016523629731016,0.35429179825976576,-0.05909864598789501,0.351058082994541,0.43705548449299586,0.750702330881769,0.5854822407961308,,,0.022301904583390143,15.0,-0.05481528015374689,0.0
192,67,GSK269962,Trametinib,CAL51,0,0.02864846244539154,0.02864846244539154,0.02451562577047176,0.02726906524197836,0.02101041651014513,27.958213276306097,0.0031622776601683794,1.7782794100389228,59.45428095131165,False,0.034759488976964716,0.028472921057297432,0.03438966819101211,0.02988096335403047,24.46482137210672,3.1622776601683795,0.03945780422557106,0.03250943827028771,0.028497641625245377,12,0.021680852293210956,0.030277661430076097,0.03307485556089081,0.029546875844308634,0.026542787973919842,0.05126738025688988,0.05673554646307379,0.04717374135773379,0.03933040267396557,0.04893541860206709,0.25,0.0,0.09513195120352191,0.381768393236272,0.024420730719839467,0.0323055901595853,0.0481825273319403,0.0515201858457546,0.0481825059702487,0.9999933893038648,0.048182527331940395,-0.030840558961328177,0.0017205400331753548,1.1731206069979492,1.965380275545506,0.005183550778777282,1.480070539139362,0.004974259192848179,1.4203110569535837,0.010157532252659621,2.900302298391998,-0.437910112932354,0.1738092735473953,0.21350455384177314,-0.5441194297423134,-0.005322925403177207,0.12511768554620614,0.14042978510744628,0.14042978510744628,0.12593703148425786,-0.44973712542370997,0.10407551832998668,0.24975255884698958,0.1832586184349435,0.6272146095597682,0.2384717754516761,0.6431031928056568,0.29637793795483547,,,0.04069445156139324,15.0,0.6756857510484229,0.041479392873755454
192,68,GDC-0068,Trametinib,CAL51,0,0.021017849610359667,0.021017849610359667,0.02341222137800067,0.02018249283775277,0.01818647648354633,27.37410958604438,0.056234132519034905,1.0,9.63786427246073,False,0.02318400687293605,0.02559074895509234,0.022636729157367946,0.019778479233759676,36.84495823829967,1.0,0.036122138946444594,0.03204530821212556,0.01822457904385712,24,0.024189932360229257,0.024482324991385616,0.034671307990042324,0.03594619539337793,0.03070570646946274,0.033894062143857595,0.046618016591030646,0.03289658798259024,0.03720358738500364,0.03469804030002659,0.359375,0.0,-0.03933573045946992,0.570761448966933,0.0034999150103782665,0.0046299523636614695,0.0281714769495752,0.0313839069799558,0.0341926764063501,-2.8416239044339013,0.028171476949575273,0.006626217428824011,0.00024550000366793537,6.005245712548913,1.2032808205054208,0.00568700013763373,1.7003512960475722,0.005298402525165735,1.5841648290157857,0.010984304559964821,3.2841878042381607,-0.348479177485992,-0.3321843168486776,0.09221482341392838,-0.5125798996118026,-0.06158693143487248,0.13024412628723464,0.05697151424287856,0.9440279860069966,0.6611694152923538,-0.38171748027459707,-0.3578559174266312,0.3267528210256303,0.11552054772278302,0.4370375589948116,-0.026752587631945702,0.49670501715085863,0.21081611180521112,0.06579553152066873,2.0,0.02918004565004161,15.0,0.18505184325527116,0.01566843973304092
192,69,Nintedanib,Trametinib,CAL51,1,0.023190747045667346,0.023190747045667346,0.019710824693001047,0.021429013781540822,0.017284148209383347,32.40655658479222,0.03162277660168379,0.5623413251903491,46.047179864107854,False,0.02531564050162735,0.021080587866705112,0.023796794006888996,0.018362762878459407,49.46168975333602,0.31622776601683794,0.043663298507710974,0.0317903228101423,0.036607516993520765,20,0.018616177472540078,0.02153157840784821,0.02842302587657786,0.025244862868409216,0.022274124705486766,0.03316170567590915,0.0530640971182984,0.04775149219318147,0.02626553634019146,0.02884230672041358,0.34375,0.0,0.0021483360481709957,0.387003071212801,0.014273119558301765,0.018881562392179273,0.0763796852929504,0.0785607169345627,0.0763796740182366,0.9999933893038648,0.07637968529295047,-0.046266155373059774,0.0054453397153719245,1.6247847536720705,3.875012156141363,0.009658409531596667,3.4300374425826714,0.008597853346814276,3.053397022452871,0.01825069714025736,6.481457877668859,-0.4493719893746929,0.0043715859140674015,0.28811900229733495,-0.5899445279589495,-0.050679842221321124,0.12194463320598328,0.06696651674162919,0.3798100949525237,0.026486756621689155,-0.49890026688968936,0.00838214075438417,0.5027221137023048,0.33987171643456526,0.47388682259442744,0.9584893153209346,0.45251542020818786,0.9818307302271412,,,0.0788847493603471,15.0,1.3545487998691286,0.07379254512057383
192,70,Everolimus,Trametinib,CAL51,0,0.025599651935144505,0.025599651935144505,0.022917411040083616,0.02427140688671023,0.019848160503677516,27.725032131969414,0.005623413251903491,1.7782794100389228,47.77155109215107,False,0.03272467643695785,0.025362751452221558,0.03126854356992833,0.026973716120211842,28.29572796775568,2.154434690031882,0.03468628407171435,0.027078426237909323,0.02405121722407895,29,0.02590269108057489,0.03002258144454501,0.02742127678264145,0.022968275172810797,0.020989611195334868,0.03544450981075321,0.03628255265664087,0.025958687042785544,0.02559667579952807,0.030928291066692277,0.09375,0.0,0.050682575784319006,0.5849223119323419,0.027011136486453063,0.0357323748861889,0.0304660141970218,0.0327711992911761,0.0304660071701996,0.9999933893038648,0.03046601419702183,-0.020081555608182186,0.0004029702922729876,0.9477443478908611,1.3293828933702558,0.009054543936767342,2.765661768971795,0.008421577755337408,2.5723256516302713,0.01747498126359293,5.337639082843984,-0.49545682513586,0.11461835852017997,0.22585876298184623,-0.5405850205555475,0.0015167056829993727,0.125614115879852,0.31984007996002,0.2543728135932034,0.1089455272363818,-0.469132294985686,0.01941471824134621,-0.05529701369102423,0.12576680177281163,0.33729945738883105,0.08024523275406072,0.2688185823733982,0.09359357673046517,0.0473879319565011,2.0,0.035994139575953724,15.0,0.28471484460984225,0.020074119962603283
192,71,Olaparib,Trametinib,CAL51,0,0.02434679012392811,0.02434679012392811,0.022498935379769897,0.021182236023970704,0.01617282446430572,33.58954817243031,0.01778279410038923,0.5623413251903491,40.78639814248741,False,0.02465821940869969,0.02279760152635624,0.023849985663218703,0.01710543084531522,52.87459259749658,0.21544346900318823,0.027009642272202893,0.024393893036211436,0.016129096164018246,16,0.017807078929592303,0.020191616110840145,0.04239626418967831,0.03784683674334164,0.03436859890959246,0.04041513824000625,0.044277219201845366,0.03469454506564532,0.03669285346096291,0.035788909924902954,0.515625,0.0,-0.07582718502418007,0.19571038816297104,0.007715949058869825,0.010207241169306217,0.0326268195271289,0.0327132371842514,0.0326268192836004,0.9999933893038648,0.032626819527128925,0.0026522033244181197,0.000558307259232778,3.1553850262840184,1.4501494838047124,0.0018145608041907288,0.5645567407938841,0.001772497367264736,0.5514697189632111,0.00358704965621944,1.1160238104471982,-0.42952822652858236,-0.01154945906507559,0.2037257283559245,-0.6218866925101207,-0.0179507591554393,0.12651647744521086,0.020989505247376312,0.47976011994003,0.1454272863568216,-0.3971383093201237,-0.07751741716099987,0.22825004549329614,-0.17936449958477893,0.5055247839846424,0.31747619262604326,0.5042687514789259,0.2851595896275129,,,0.0368008915032409,15.0,0.37166664339795125,0.023628526387245948
192,72,SCH772984,Trametinib,CAL51,1,0.033330629918552644,0.033330629918552644,0.02996270232937399,0.03158360529352649,0.026263225350217457,18.86860758943561,0.31622776601683794,1.7782794100389228,17.493302289733634,False,0.030644357197763185,0.029341256155366494,0.029943550675069753,0.026966702172904318,15.410798766462875,10.0,0.033542913266814016,0.030685942592075802,0.019637418006234832,24,0.02284120458676101,0.026063922192086687,0.041708620391635934,0.03855663194733393,0.034669810734309164,0.041223642840743396,0.046006252243960655,0.03645828601600879,0.03623558173086851,0.03609735031602515,0.390625,0.0,-0.03279994755235993,0.312446732865003,0.018000428758079744,0.02381232899320712,0.0358073077058939,0.0414416265511796,0.0430745452384925,-4.999993389303865,0.03580730770589397,0.010913889652210728,0.0003843997542658952,1.8516575558563695,1.195062692018608,0.002886747690018937,0.6744129287137882,0.002796660603514478,0.6533664423655594,0.005683300630969828,1.3277542185434774,-0.2763478068673979,-0.22470326767505228,0.1543254513449974,-0.3078400644137584,-0.14839818627222803,0.1535735507700717,0.38980509745127434,0.6896551724137931,0.44677661169415295,-0.32063185343290457,-0.17836062009736908,-0.1857959445870143,-0.2558625948945802,0.30500518762573103,0.3404766278225168,0.44919580880662546,0.47638077953260805,,,0.0324543769460342,15.0,0.1781986459476523,0.019606115226273032
192,73,ABT-199,Trametinib,CAL51,0,0.019863178105157656,0.019863178105157656,0.01981563915520301,0.019208552700059105,0.01761661591712479,18.868607589435605,1.7782794100389228,0.31622776601683794,10.693894285993293,True,0.020119746865622092,0.020322570590355037,0.01932854553277564,0.017509315812590583,24.46482137210672,3.1622776601683795,0.028363126575852857,0.023464906457729036,0.02359426076520154,8,0.0175284406449028,0.01730637966869442,0.03389523248330504,0.031434272428522175,0.031895040119102255,0.033650673081375836,0.04055406822349749,0.0364131753399901,0.030623647018121435,0.03243254214353316,0.390625,0.0,0.04211698888531301,0.16375968512513295,0.008916946262703958,0.01179601113262075,0.0504770431236042,0.0506714539699137,0.0504770418453892,0.9999933893038648,0.050477043123604265,-0.038028513245262394,0.0021552723273729835,2.2275762934938204,2.547333584763548,0.000409818230001739,0.14477088463023052,0.0004087451735807568,0.14439182065515285,0.0008185633726675485,0.2891626943644825,-0.015187218402755625,-0.2611080809846405,0.266382145419476,-0.14172577768179156,-0.3143279356815571,0.15085640937490846,0.2048975512243878,0.3233383308345827,0.063968015992004,0.025855057820253855,-0.33392134901702725,0.4338516703748273,0.21606899398149576,0.5541694958757972,0.7621691182852824,0.5553919805400028,0.7655595266358364,,,0.03613721491671303,15.0,0.9350471590598969,0.04642491063397951
192,74,Tosedostat,Trametinib,CAL51,0,0.02453360319662843,0.02453360319662843,0.02456412529756472,0.023967062339386343,0.021266010699776104,18.96459856079708,0.5623413251903491,1.0,12.913388991057886,True,0.02379475473749871,0.024133338725120485,0.023526361159437723,0.021376815018612758,18.019720410312352,6.812920690579608,0.02917369112451026,0.027103726517808645,0.018763433175234476,29,0.02208050726490844,0.022666540842196926,0.028816499842914584,0.02721085137815281,0.02509660946941518,0.027486535689133586,0.03325618031075396,0.024838867626762042,0.025107775816388626,0.025923563576009265,0.125,0.0,0.004064658266702992,0.35310047775824893,0.014721546382921093,0.019474775321755834,0.0343146206217638,0.0388239672565485,0.0343145957431494,0.9999933893038648,0.03431462062176381,-0.028334877600916124,0.0005740969367811183,1.6665099275909356,1.396940465255066,0.008806098399750339,2.509459956400874,0.008288852086979145,2.362061091367512,0.017093227538625477,4.871030061967673,-0.26139372418751045,-0.4163885668658876,0.14510216480336477,-0.2570154177488065,-0.19957068275621953,0.1560470208711675,0.5002498750624688,0.936031984007996,0.504247876061969,-0.23412602954140455,-0.43548945466392736,-0.0173526832700664,-0.26079204016390306,0.2179553741748304,0.10248231069396041,0.23635868670181842,0.14153798770250287,,,0.023722425860309485,15.0,0.3342844632286255,0.023960320047551917
192,75,Navitoclax,Trametinib,CAL51,0,0.02499877849150903,0.02499877849150903,0.023765805724895197,0.023797189859871837,0.01965067663180391,39.25570873017795,0.1,0.1,24.202792121661812,True,0.024500326670783105,0.022524527416801866,0.02396150618724152,0.020780661767037422,28.29572796775568,2.154434690031882,0.0330628483326521,0.026745087695024837,0.027250040429223004,22,0.020522275772040757,0.021009766955031896,0.04202279328547042,0.03973647344599785,0.038245605047304,0.04056337918100149,0.04818449145157481,0.0462476285578312,0.040121885486337924,0.039676485825764066,0.328125,0.0,-0.010877045325150103,0.2773522786345519,0.02405655329954046,0.031823828715977186,0.0437777365377261,0.0437786362074541,0.0438726596238297,-0.1096915628434803,0.04377773653772615,-0.020311436227589196,0.0013516766946130973,1.0391670901577812,1.8420472272003794,0.0026596511867135694,0.7833758519490333,0.0025785679350854916,0.7594935242061118,0.005238144415031601,1.542847371962303,-0.3161491717998611,-0.4875398210962999,0.12734321965953216,-0.37167187830694937,-0.36198693756173295,0.12817293289301415,0.3423288355822089,0.7956021989005497,0.43428285857071464,-0.3094103306406739,-0.4776920001552581,0.42084044508901297,0.15939289746525356,0.7309212255002491,0.5549667498777746,0.7326953686311426,0.5557561561062405,0.0106936177283333,2.0,0.05928145096254541,15.0,0.6108775765925931,0.03676515598515934
192,76,Iniparib,Trametinib,CAL51,0,0.020621856332080944,0.020621856332080944,0.021237898287699834,0.018075307775295823,0.016111732359758896,32.118398703131014,0.31622776601683794,0.1,61.36422504386717,False,0.019312783821581463,0.021164947736394005,0.01812306770625113,0.016241320104750934,32.462077451052096,1.467799267622069,0.024840239798858656,0.025039800071063722,0.018577054665484427,11,0.016744146024754686,0.016497824925549943,0.03468036992852442,0.03161723482113583,0.02958853993635224,0.0318092330269784,0.04254496882111708,0.03552715862644115,0.025170046235449776,0.028221420236540937,0.546875,0.0,-0.04233482684357992,0.13545065227615893,0.004511786206869865,0.005968532136034542,0.0251611880462302,0.0251612239081341,0.0251611880459931,0.9999933893038648,0.025161188046230253,-0.011627561433519885,0.00018203706021907405,4.570663454904202,1.1847306030654918,1.7177341116393597e-07,5.6616425121686505e-05,1.7177314659736918e-07,5.661633792068656e-05,3.435465577612991e-07,0.00011323276304237107,-0.23692464119015175,-0.19930705832918025,0.1039314702599088,-0.18424018898680533,-0.4602270158852139,0.13551807273756242,0.6201899050474763,0.030484757621189407,0.6196901549225388,-0.2346808636326958,-0.2724409663452193,0.15677108425388941,0.1301092379231086,0.1129531741685773,0.36954902101466813,0.11295544896278126,0.36954800003115984,,,0.019708191427706925,15.0,0.16951540955638578,0.013492111036419544
192,77,Entinostat,Trametinib,CAL51,0,0.034013363417162205,0.034013363417162205,0.03703007948959204,0.02717013014398651,0.020866650061024502,27.37410958604438,0.056234132519034905,1.0,57.967789749459136,False,0.028585694112508823,0.029954250520262318,0.027781934173507085,0.023962906990672845,21.033332728740156,4.6415888336127775,0.028532718644249472,0.030117281660585006,0.018789249916195457,13,0.01580725915164194,0.02211599513760189,0.03825479633419141,0.038680162131586614,0.02764031370231022,0.03786007169182609,0.040521661647700005,0.031550801352403214,0.02702251438808171,0.031078254432794862,0.546875,0.0,-0.008173874297600081,0.19126667821867993,0.00020566044589560286,0.0002720631971812098,0.0250398629281738,0.0259130209400633,0.0262002676636982,-4.999993389303865,0.025039862928173846,0.001486808693278141,-0.0007442320515437726,165.38602388535145,0.6762033264122941,0.0010068888679816298,0.19033775171485756,0.0009930185480346687,0.18771576869545792,0.0019999044762687205,0.3780529646936297,-0.3183065848797073,-0.2064814183604351,0.17339112204071222,-0.508856728565855,-0.06287292707906442,0.13372071803579738,0.03498250874562719,0.8040979510244878,0.255872063968016,-0.38599630038106825,-0.36451539310546116,0.03395083696748791,-0.13352830484208308,-0.058966100703495915,0.0034528812046154948,0.02151855207999702,-0.013777889192492192,,,0.036831375381484774,15.0,-0.3912614694476115,0.0
192,78,Pictilisib,Trametinib,CAL51,0,0.033160884982272466,0.033160884982272466,0.030110245367671016,0.03002707675280242,0.021998865206766798,46.49684396966045,0.01778279410038923,0.1,23.30428809790164,False,0.03339592619181511,0.03383200381546603,0.032582365094502796,0.024916067214208904,55.70536609437829,0.1467799267622069,0.038707485027135204,0.02976083481467236,0.015942946667653914,30,0.03187755056325984,0.03535781043965366,0.0533522633425771,0.03960925149347311,0.028125276240603965,0.054518035720565995,0.05806432185997865,0.043603011710456364,0.03604034704782634,0.045282689903955634,0.296875,0.0,0.015204099314306108,0.716038319677204,0.008643930693187665,0.01143484548212636,0.0448051841370201,0.0458192429623025,0.0482219333093917,-1.4379456846417311,0.044805184137020164,0.019758490431184165,0.0011008776494509237,3.8363200908594473,1.488037828649741,0.00856405117480216,1.9909621290559427,0.0071439074108976,1.6608085143661917,0.015692188282287987,3.648104378915339,-0.44185055664686185,-0.1702216528112967,0.292861045589856,-0.7001929705063216,-0.11195885832679252,0.11950487971688707,0.0024987506246876563,0.6166916541729135,0.038980509745127435,-0.42074734674331565,-0.1096552512461435,-0.22270630756110263,-0.09851870468169531,0.33685037609838386,0.6178669487787525,0.40172161891331026,0.5966617658565635,,,0.0348043723230609,15.0,0.39745835856741907,0.03317947632876269
192,79,GDC-0068,Dactolisib,CAL51,1,0.02951205286590311,0.02951205286590311,0.02828940579457688,0.02869712651891475,0.025456447732790398,40.606753017733446,0.1778279410038923,0.03162277660168379,16.464264984637943,False,0.029751322418802816,0.028949606922125136,0.02901273858557601,0.024924463314784605,45.54439195258803,0.46415888336127775,0.05775628508927457,0.037046520593621214,0.028636647832328603,32,0.035494921045515,0.035898217893891235,0.03308689735027864,0.030741204759016674,0.028178900608071666,0.0327979079444842,0.06127465258429416,0.03441142015798227,0.03849358807741523,0.03781142845364755,0.125,0.0,0.042556302299852966,0.8934874041727789,0.02065993645765362,0.0273305269846741,0.0393842295586505,0.0456307483241798,0.041021563603632,0.7474951360047252,0.039384229558650556,-0.03775008090540791,0.0007508270577182398,1.4284677460839992,1.3921900602875341,0.032500279791896854,8.041948996570667,0.018620002532565683,4.607379125401996,0.05057830328450525,12.51521949815603,-0.2126845445365715,-0.5671498862919893,0.22791703962843438,-0.10681263299269049,-0.6344838375653676,0.12636963229645165,0.712143928035982,0.21989005497251374,0.10194902548725637,-0.16844200077825694,-0.5161569503256115,0.1858642841166197,0.17599785982552033,0.3021003780215217,0.32983393497492963,0.11907322578404916,0.15883083617437163,0.0657955315206687,2.0,0.02745524444244529,15.0,0.3308780901547069,0.02740122365366627
192,80,KX2-391,Trametinib,CAL51,1,0.032101520549825055,0.032101520549825055,0.031391409076077355,0.02950069146726367,0.02002947646742021,31.031006877156823,0.005623413251903491,1.0,24.6525068451466,False,0.04105876433428176,0.04193435496014155,0.04105876433428176,0.03172377188633043,63.928490044640526,0.001,0.06376986876081284,0.0526731543713822,0.026545480434639297,24,0.050725731380621385,0.06365260465788963,0.038982124842508833,0.03538204487539547,0.02483883310913538,0.04875251754129761,0.07049898326737779,0.038950359474884635,0.05394781597369117,0.06784356727323738,0.265625,0.0,0.052147553207561925,0.908137455101931,0.01791719880407428,0.023702226113242224,0.0543913224612549,0.0577669973621378,0.0543913072531052,0.9999933893038648,0.054391322461254936,-0.030512187937884433,0.0019729953953025806,1.791659561344228,1.7326817770249514,0.011133094284576837,2.482579224244754,0.009287004256635447,2.0709178628744627,0.02039811128063237,4.54859412708686,-0.5864418244773383,0.009320969176971998,0.08832622271729872,-0.593822361828227,-0.004538255944201487,0.12463399077720268,0.45377311344327836,0.463768115942029,0.6271864067966016,-0.5354883882913851,0.07330599649510292,0.16247426162326695,0.05047797960058585,0.6930369989617091,0.5864061506640459,0.6665011583958619,0.5802493837878567,,,0.019708253250294884,15.0,0.5496703683817376,0.044418412795850556
192,81,Linsitinib,Trametinib,CAL51,1,0.024915090476510224,0.024915090476510224,0.027349260370998826,0.021517586579603964,0.016418698407850048,63.92015905833175,0.0001,0.00017782794100389227,209.43873971488506,False,0.022674454962243396,0.025283380154611696,0.02138053656720673,0.01875015907496508,41.273227752910074,0.6812920690579608,0.03139302878328918,0.026214851436036385,0.02650165239202531,18,0.019991325724137213,0.02066552634566287,0.03791144150036442,0.03572502473891862,0.031802416590009826,0.03406990689609328,0.04642758206617392,0.0407258946240604,0.02872002170351109,0.030381376178308987,0.375,0.0,0.006267453591114913,0.23829969734924705,0.006211652587205326,0.008217243988238124,0.0494852461390033,0.0496069383263065,0.0494852453651546,0.9999933893038648,0.04948524613900331,-0.03459473261308046,0.0017008075425970542,4.011024461965238,1.8093815140784388,0.0007261081892061345,0.18584624430402152,0.0007207604853137343,0.18447750793824771,0.0014468675050959587,0.37032345293006635,-0.0816442123541446,-0.5341408442896931,0.21909226008421478,-0.6826091609494804,-0.3447686322106961,0.09639482900277892,0.0004997501249375312,0.8375812093953023,0.0559720139930035,0.049527609924358694,-0.40130403638947937,0.6024299120086692,0.09255921310106288,0.5998740876963122,0.5083533376816349,0.5953771427400593,0.5063757743681083,,,0.04365866150379615,15.0,0.592985081954263,0.04124084798591142
192,82,Ponatinib,Trametinib,CAL51,1,0.02904787284440317,0.02904787284440317,0.026446452089405898,0.026398299505099764,0.021871512847444978,30.59825400668358,0.01,1.0,39.22919121469846,False,0.03760032395723695,0.037464657920582234,0.03760032395723695,0.028781421866945572,63.928490044640526,0.001,0.05546473076887076,0.03604933918633089,0.02132097705059158,30,0.043321874991257475,0.04743193897503488,0.05749690817415976,0.048733811176866766,0.044457911371276235,0.058990004753308914,0.07259963750191714,0.04967531846866683,0.059700635698407355,0.06085541043507773,0.265625,0.0,-0.004142562637979852,0.83079337384922,0.02016979161249314,0.026682126301326655,0.0598977039480986,0.0622985253737961,0.0637283686466765,-4.450468776520965,0.059897703948098666,0.018731063993075576,0.0028883201101368252,1.4401672264383218,2.2648672776826966,0.005089304259036099,1.3470665060408482,0.004710757630207979,1.2468705934534534,0.009797814549198959,2.5933422605244973,-0.6948273154213703,0.006313491527527442,0.19148036744034988,-0.5881486023737029,-0.002647873720633419,0.1284869469096624,0.8860569715142429,0.48425787106446777,0.19440279860069964,-0.6118379893853167,0.2769767437425085,0.09332685349304551,-0.03940583602868282,0.6634153845549858,0.3455977610671478,0.6528818632603461,0.40787256354579643,,,0.029813468248667124,15.0,0.8175161601685411,0.053743093604079265
192,83,AVN944,Dactolisib,CAL51,0,0.03748360461707102,0.03748360461707102,0.028971389131235103,0.036113790247701005,0.024332014919831856,63.880544524246744,0.0001,0.00031622776601683794,0.41339864235384227,True,0.0323671986518658,0.024643235586339286,0.03235303336134287,0.02437749136243654,63.928490044640526,0.001,0.050569655166400974,0.033536427601692134,0.012025245520631766,34,0.03659573742652692,0.04295868973312616,0.0523295328471305,0.047189937013435976,0.03953840242844698,0.049305149992725325,0.06434743651734585,0.03660815605349039,0.051057642776362655,0.052309472336299116,0.171875,0.0,-0.06777232475742001,0.883311320892649,0.020667207591095926,0.027340145790093053,0.0283596178039765,0.0356305348666326,0.0289175668457906,0.8761150282328934,0.02835961780397655,-0.0011557700354403475,-3.507346620582649e-05,1.813675333344023,0.978883603941551,0.029338043937398986,7.088590285799588,0.014028764438832483,3.3895976001355406,0.04266298226115306,10.308131048714397,-0.36748219705792917,0.1360570688900477,0.3258705115156529,-0.789256348437341,-0.19574843562433272,0.10245015256128456,0.0004997501249375312,0.062468765617191405,0.019490254872563718,-0.2536509051205332,-0.14262271434039783,0.0803069550168423,-0.2939966167781044,0.43936443093481653,0.05793850704009198,0.6578856407905257,0.3554707387316153,,,0.04845901914437561,15.0,-0.02134253632734119,0.0
192,84,Everolimus,Dactolisib,CAL51,2,0.024326680203381683,0.024326680203381683,0.018596868514146898,0.023912776782569017,0.016590461655217947,63.92015905833175,0.00017782794100389227,0.0001,9.039788351366418,True,0.020755220640801906,0.01801400430730985,0.020370423371009413,0.01543465994244406,63.928490044640526,0.001,0.032625777185351056,0.02542149652341913,0.006146439712329185,50,0.024108836855059698,0.02663570202305531,0.031352357206422383,0.020072135594479443,0.017850341703135576,0.02244715775547953,0.03569227685631293,0.012723575045400492,0.024078341760764736,0.027447705196960666,0.0625,0.0,-0.029056421703129942,0.870825149741455,0.01607469974996206,0.021264828969215884,0.0624854139965069,0.0767178806669257,0.1018274036174297,-2.5432221405990445,0.062485413996506915,0.04325770274564777,0.0035585834437823925,1.5133520738662072,3.3599965472129556,0.045369029187314926,17.0772409381512,0.027362602299740083,10.299487569774168,0.07227834919453137,27.20610967254178,-0.09984554316960052,-0.30190673066101636,0.2703976533648797,-0.33596268206766483,-0.6851369090079407,0.09620876994456934,0.11494252873563218,0.0034982508745627187,0.01999000499750125,-0.19465351060374358,-0.16253590462579895,-0.041133286320927,-0.3662864615570916,0.7509009519288738,0.8558276504417395,0.6146791322093182,0.8819794174503734,0.0473879319565011,2.0,0.02746747170238306,15.0,1.2119399463593932,0.059653863611524714
192,85,Danusertib,Dactolisib,DU4475,0,0.035619707970319485,0.035619707970319485,0.029633529503067947,0.03445044844135891,0.02646152239527049,47.63953418182282,0.1,0.01,16.101242188104617,False,0.038988463997272016,0.03486352486618023,0.03897745873892171,0.029346211623838055,63.928490044640526,0.001,0.07442768201446062,0.0424247689188712,0.04287347412238751,25,0.046478392057383904,0.04906712444133992,0.03833267415487772,0.03067334868957174,0.027719652196005726,0.03934988167565098,0.08248216492214709,0.056596170241250986,0.04835578104992838,0.050441677425206,0.203125,0.0,0.09727344865894294,0.9715346770353911,0.020048491052876836,0.026521660744007802,0.0747151328887499,0.0783613786426478,0.0749418836972064,0.8557936252550515,0.07471513288874994,-0.0591302739681376,0.004704205011774358,1.776677749780489,2.5213038791418576,0.025443107196375107,6.010143015741238,0.015196565697970496,3.5897161650886176,0.04016081788534986,9.486744573181678,-0.14442166327728778,-0.4655571081010353,0.18490191340209874,-0.058609459732752466,-0.7464236634061194,0.11936601499741205,0.6661669165417291,0.0014992503748125937,0.19490254872563717,-0.14866763795717708,-0.4928256252779349,-0.06012102890232213,0.3762539307938533,0.4777591269691453,0.8007231556128287,0.4131078998884484,0.7834937261488294,,,0.051595260213612805,15.0,0.9247761800695931,0.06858720734783097
192,86,Dasatinib,Dactolisib,DU4475,1,0.04301187148197632,0.04301187148197632,0.0389310450834078,0.03540890074729724,0.029107518504419113,19.69222317469505,10.0,0.01778279410038923,93.33390996845681,False,0.04333061853634936,0.04440578856026794,0.0432553814634272,0.034397907258019694,63.928490044640526,0.001,0.0648742414958435,0.05205668413068161,0.03382654116917616,24,0.052001578057448275,0.060664294260022525,0.058099660337466615,0.05040444415374717,0.0457690238729271,0.0569010196334262,0.08769912660797935,0.0708984625327901,0.06039752699677348,0.06632670156153034,0.421875,0.0,0.05507062371052196,0.9780860180923661,0.019635505421624157,0.025975332106338997,0.0743284262153717,0.074328540664961,0.0743285635633174,-4.999993389303865,0.07432842621537178,-0.02020187952454139,0.004009088672367624,2.1905151183227645,1.9092327487260308,3.9081521818699244e-07,7.027056482680683e-05,3.908122460848587e-07,7.027003042772015e-05,7.816274642705996e-07,0.00014054059525430196,0.3536025394037259,-0.5105888092257405,0.34449774762912233,-0.0055031287064598285,-0.39982559172462206,0.12534029170112196,0.00849575212393803,0.8435782108945528,0.006496751624187906,0.3118075636254805,-0.742833780653212,0.3577580611047506,-0.38100798526989155,0.4343965995313853,0.8336620887645088,0.43440208989008156,0.8336591129594306,,,0.05665638272778593,15.0,0.646701459116901,0.06331736469853767
192,87,SNS-032,Dactolisib,DU4475,0,0.05443482929042034,0.05443482929042034,0.04552822792803918,0.05098462234390279,0.04023459829626107,63.92015905833175,0.0001,0.00017782794100389227,0.6009026413446691,True,0.04290800214483152,0.0327426864834488,0.04290800214483152,0.033326353398253204,63.928490044640526,0.001,0.07058110046669021,0.038946831631462696,0.02099120364892471,27,0.05382327047332264,0.06537153432496441,0.05054369131536543,0.042900797570567764,0.039106087156952574,0.0420540889472151,0.07432532545459088,0.028285863785468705,0.0543011151921497,0.06492784456610276,0.125,0.0,0.0,1.0,0.01443025417790301,0.019089431955091087,0.0342527520510506,0.0364464678123877,0.0349241609831005,0.7921602967948188,0.03425275205105063,-0.009571561442811443,-0.0008995685151967356,3.7722709953214943,0.7523409895326846,0.017636492859453616,2.711624318242872,0.007783839971859838,1.1967713720186852,0.024805619599666345,3.8138830589258728,-0.26840231899010103,0.31440114291599913,0.5183215568464332,-0.6800303464383676,-0.3500302836833506,0.09488349582566431,0.00399800099950025,0.0024987506246876563,0.0004997501249375312,-0.17724550471451164,0.19953385359559406,0.39291604599312635,-0.23074451616672037,0.5662996941038155,-0.1339122887927591,0.6351412946240703,-0.17963331550562364,,,0.028134950054753624,15.0,-0.2845656142792404,0.0
192,88,Indibulin,Dactolisib,DU4475,0,0.10673983863066411,0.10673983863066411,0.11809449611741162,0.09088780832659918,0.08380288836732704,50.41678350188806,0.056234132519034905,0.01778279410038923,59.651977322109786,False,0.09917436757287552,0.11042740464131007,0.09487350239274749,0.08626444735627814,45.54439195258803,0.46415888336127775,0.11267975434403506,0.10792119917658402,0.04822718684210866,27,0.10968813639093497,0.10059828210250593,0.11243108097232674,0.12259687765097976,0.09080600945187753,0.10578723965184104,0.1195606891174537,0.06158838230319569,0.1154499841256718,0.1041974713415819,0.265625,0.0,0.043453420092049,0.975914934137439,0.009882200343119294,0.01307292225700541,0.1101521177500438,0.1164655905857439,0.1195608086865322,-4.999993389303865,0.1101521177500438,0.024763315687917266,-0.0018128209684058344,10.801221886275979,0.9327455670798462,0.019066848687708776,1.1301791802495629,0.009624774028368074,0.5705043030252036,0.027902370487121107,1.653900899967942,-0.3961677674174643,-0.4202882573060739,0.16431409192515425,-0.1870396173901371,-0.6783515181487447,0.1160021803435485,0.8585707146426786,0.013993003498250875,0.2098950524737631,-0.21630340249529043,-0.40756856841647565,-0.48362826621135324,0.07270143731394169,0.2108751562144005,0.2630920044789188,0.30452507582335075,0.2917565741327358,,,0.022982642883952634,15.0,-0.0696228194198005,0.0
192,89,Dinaciclib,Dactolisib,DU4475,0,0.062494354224985865,0.062494354224985865,0.05150339169463753,0.060548221003027314,0.04036767291332625,63.68652024782645,0.0001,0.001,0.7842131307081003,True,0.07084978957998125,0.06513428653582651,0.07084978957998125,0.05765787160647465,63.928490044640526,0.001,0.06840748678014759,0.036618954249969714,0.01392067204488619,23,0.08440773559193004,0.09933668311705794,0.06529866998531786,0.05240307053455673,0.04185890256108508,0.06868219117579756,0.07434633197347922,0.017503041535585358,0.08321347256713911,0.09631845608194806,0.25,0.0,-0.20812569433423,0.996521187113157,0.008116663942459018,0.01073733713361582,0.0449226468708967,0.0462950444872372,0.0475831102220443,-4.999993389303865,0.04492264687089673,0.0066503184327797605,-0.0006345551541639734,7.699512344976133,0.8722269620075136,0.013491719402829642,1.8337051738214105,0.004687884810032285,0.6371462653330978,0.017493374780354037,2.3775836781488704,-0.4466771849626878,0.5959611057013537,0.4456237364936596,-0.8623784296753829,-0.06271181269821131,0.11566264623706587,0.0004997501249375312,0.0009995002498750624,0.0079960019990005,-0.3459557450558559,0.35763191158194557,0.1491816596853308,-0.07894620216027802,0.23886546370268905,0.531640852185458,0.21482543661758802,0.6235227774102011,,,0.058661692381444905,15.0,-0.13670561140792556,0.0
192,90,TAK-901,Dactolisib,DU4475,0,0.04438045374946026,0.04438045374946026,0.037679529252188856,0.04178668999131834,0.03184400516541924,63.92015905833175,0.00017782794100389227,0.0001,5.7417569991684605,False,0.03965443239918204,0.03955456037319856,0.039513252973524725,0.03116535698714557,63.928490044640526,0.001,0.057375463398583605,0.03581020360691366,0.015046686292889994,34,0.053416482139623564,0.055105394845422956,0.054943068754285194,0.046933484993911825,0.04190657020584899,0.053151583232213466,0.07167620534010304,0.05563596619704121,0.05775127980697953,0.05784255192330834,0.28125,0.0,0.010049198539913928,0.990046024440565,0.0188131199492988,0.02488741838553635,0.0461805338676195,0.063060131181299,0.0742848434625452,-4.999993389303865,0.04618053386761955,0.019716082928403978,0.0007128947836317959,2.3590161477237803,1.225613344544022,0.020235612289683073,3.7593167653375845,0.011019937225503528,2.0472538301163503,0.03059670913150327,5.684173028995075,-0.5589898109325682,-0.08011547638890112,0.3121411381684418,-0.3467217787555374,-0.6854994049670601,0.09319660108402449,0.8650674662668666,0.0004997501249375312,0.0074962518740629685,-0.22390702992931955,-0.21103602799701265,-0.24079391370038325,-0.07965753490652361,0.20533563115929301,0.6201338903286284,0.4105432444398695,0.7563050522990314,,,0.02842761497928958,15.0,0.20344140811725583,0.026700089580969498
192,91,Trametinib,Dactolisib,DU4475,0,0.04824132446202201,0.04824132446202201,0.03398621666531674,0.04889534140581999,0.03548018074750069,63.81038541833028,0.0001,0.0005623413251903491,0.6839396446324778,False,0.041197701626735084,0.02947842274463664,0.041197701626735084,0.030892034644430546,63.928490044640526,0.001,0.07901425563043346,0.04442124234196869,0.042674106863929064,26,0.05720778270342161,0.06494002174647405,0.05284131618793202,0.03643937828435263,0.03503949510585766,0.046173906436214045,0.08513029163184217,0.05076916330505325,0.05894725832038854,0.06697111113082976,0.140625,0.0,0.11327414561193394,1.0,0.04733313667203954,0.06261585420342404,0.0748191482384426,0.0783062348035503,0.0753558016733716,0.8295139610681257,0.07481914823844263,-0.035486581970451,0.004442842019904195,1.0191871457046064,2.201455636419698,0.023075618099824266,4.7527892936553915,0.012136822124095073,2.499770883746696,0.03445046633210555,7.095619577181066,-0.510661749483715,0.5803223978745622,0.4155811093627945,-0.8406854975447311,-0.11729306732190452,0.11109651237925695,0.0004997501249375312,0.0014992503748125937,0.00849575212393803,-0.38301174423419987,0.13650108079771098,0.5023275277791813,0.1448553075985398,0.7377581306638138,0.7356183787460174,0.7468907206035053,0.6989397172737805,,,0.0851300914511988,15.0,0.7891187944865287,0.06665464739914385
192,92,Teniposide,Dactolisib,DU4475,0,0.03854957868383546,0.03854957868383546,0.035395678982362955,0.03811605098590272,0.03065104761322154,63.880544524246744,0.0001,0.00031622776601683794,0.37205877811845806,False,0.03325087364356137,0.031352480533444534,0.03325087364356137,0.026742746280737927,63.928490044640526,0.001,0.055739969705019675,0.032300314771436835,0.018679200324535936,39,0.04395521259667337,0.04883657046562886,0.04139459596962434,0.03598306610635176,0.03132168829460762,0.03745949474635904,0.06637889591850184,0.04263030108408348,0.04524990084902767,0.051044939256547295,0.125,0.0,0.050917916642903016,1.0,0.03840167292402619,0.05080063824290794,0.0447547311338632,0.0484606618170699,0.0624887034832284,-1.483016620774158,0.04475473113386325,0.003905450521523883,0.0007501318682418931,1.0038515446996774,1.2644122791418606,0.028616960201660973,5.659411746598846,0.014503399376958747,2.8682539382645764,0.041977091287402235,8.301568085704211,-0.30022182011859283,0.44607306960918336,0.5331738244067545,-0.788023834714402,-0.2112839545289639,0.10062404574530223,0.0004997501249375312,0.001999000499750125,0.0004997501249375312,-0.18737082154244494,0.23372962889763402,0.23523201270893956,-0.28763344410209774,0.7701743540435807,-0.050107497765672734,0.785132062434995,0.09225150404919569,,,0.0236751451750638,15.0,0.2346074127498958,0.027388535343130217
192,93,Floxuridine,Dactolisib,DU4475,0,0.035829587342793054,0.035829587342793054,0.03560087289539243,0.03338071961768294,0.026689622183771276,16.86922678622387,56.23413251903491,0.005623413251903491,92.02731846441034,False,0.048561470620272024,0.049694579544242626,0.04788045358498636,0.03608655958988081,63.928490044640526,0.001,0.06889334072386934,0.05504419898021219,0.02754526859762505,10,0.04619163231265671,0.059525399656103435,0.053342800527843105,0.046187870046308165,0.03591590721481179,0.056350460608148134,0.08236308204050126,0.04915328115072269,0.04871846933287336,0.06105110827662177,0.421875,0.0,0.05867442317319704,0.983523760638264,0.01819971830223582,0.024075964279573325,0.0555398047460388,0.0556555930161021,0.0555398039819241,0.9999933893038648,0.05553980474603889,-0.03949554844605195,0.0018172477603142262,1.9686891163799727,1.5600686227338803,0.00024270133226019422,0.047721001976927295,0.00024168153426569944,0.047520484815945334,0.0004843826182356991,0.09524143797296401,0.2620043531942405,-0.38836947656012527,0.3657872770086891,0.0036435734990245996,-0.31991621953315463,0.12566663604355213,0.04697651174412794,0.7206396801599201,0.0029985007496251873,0.26224889192772705,-0.4099883577582411,0.5270490654548915,-0.024158307803483624,0.23621153159524935,0.5357019110126131,0.2378343430685022,0.5369849498675354,,,0.03591933973122371,15.0,0.4447298092259355,0.04262918906470338
192,94,Refametinib,Dactolisib,DU4475,0,0.04209415624004929,0.04209415624004929,0.03475132857713707,0.04296032814374114,0.031329942876403914,63.880544524246744,0.0001,0.00031622776601683794,0.4408354993645589,True,0.03672620415679047,0.032698366296483816,0.03672620415679047,0.02910292273635049,63.928490044640526,0.001,0.06370828318978362,0.031225263378471417,0.02044152734377038,29,0.05307682209092196,0.06037207639320295,0.044688817251200656,0.0394888349924639,0.03395854788957552,0.039135252070631774,0.06920715881994434,0.033085792575398655,0.057604050532308375,0.06353361364771745,0.09375,0.0,0.059472887080727066,1.0,0.028495880485020705,0.03769650657659171,0.0456529958741597,0.0457164593021316,0.0510372632972511,0.1590234791001711,0.04565299587415969,0.003183698828498906,0.0008765411944098985,1.4772014594241691,1.3137050508104844,0.02289463749149422,4.61169310648734,0.010464132676446733,2.1078022548846564,0.03246063078573414,6.53858211480381,-0.27141008008413936,0.15216969584147252,0.40702776984310773,-0.7874407063839476,-0.19886654322215355,0.10208843710285,0.0004997501249375312,0.06096951524237881,0.00399800099950025,-0.20512091261775142,0.09998999838740269,-0.16855383254938772,0.38786922502460847,0.6199267013242081,0.026563317296126328,0.6245216653140822,0.01707600059872439,,,0.03230881348405507,15.0,0.27285142820732006,0.029606438394543483
192,95,Navitoclax,Dactolisib,DU4475,0,0.03218455613532015,0.03218455613532015,0.03058626051619475,0.031440691128691044,0.021697839846888778,63.81038541833028,0.0005623413251903491,0.0001,26.806448727113686,False,0.03622725389476626,0.03776889816890556,0.03622725389476626,0.029376555489748987,63.928490044640526,0.001,0.05791422536767983,0.03298188033426719,0.01565920021677058,32,0.05492341861049363,0.058274908315770785,0.05093775505813234,0.04885076549802224,0.037420704956650994,0.051767716520124823,0.06794741651478955,0.03404854418343324,0.06033309053556011,0.06087194647833383,0.3125,0.0,-0.24055943169648009,1.0,0.012076279821677065,0.01597541658549248,0.0435665471853583,0.0689603602080546,0.0843260989584923,-4.999993389303865,0.04356654718535838,0.028534414847119386,0.0009625247012895173,2.665105198833542,1.4243829239043713,0.02193462364932385,5.019978348251158,0.011447092199495898,2.6197921564829545,0.03271072090942446,7.486205979470226,0.012491746260579516,-0.4267538618855397,0.21756159041637546,-0.10240844491674075,-0.8411541978043999,0.11084003864759974,0.3073463268365817,0.0004997501249375312,0.11894052973513243,0.16447538756494887,-0.430970632733238,-0.10405634976496518,-0.17582016844530218,0.341302914769258,0.6823959116851533,0.5588718009141865,0.8342126072704016,0.060123357070914665,2.0,0.028970531770730248,15.0,0.3537386840769293,0.031024582209749695
192,96,BIIB021,Dactolisib,DU4475,0,0.08750301405528389,0.08750301405528389,0.067157815159631,0.08020378581715971,0.057769335348083754,63.81038541833028,0.0001,0.0005623413251903491,0.7948810838735565,False,0.07471359594501642,0.06483974206799552,0.07471359594501642,0.058924262154798235,63.928490044640526,0.001,0.08414159244821907,0.06608641042075841,0.03005269086433162,17,0.08562758104960687,0.09710257027482043,0.08663298954926182,0.06420937395334408,0.055282929131933674,0.08227070873901324,0.09777238029771042,0.04915827032649696,0.0894104054018311,0.1006672467916538,0.3125,0.0,-0.04177994081227987,1.0,0.017522519840338154,0.023180114920364987,0.0408089822552269,0.0492933191685947,0.0543046820766137,-4.999993389303865,0.04080898225522699,0.005739541349075221,-0.002844799104307739,4.993746039530536,0.6076579793167162,0.009349901342004627,0.9745598369819273,0.006796104506291881,0.7083722338340668,0.016070505549357832,1.6750625162255939,-0.5233224868533334,0.30454143502791575,0.4022833387766813,-0.8377857339715082,-0.11305936656617356,0.11193731685263926,0.0004997501249375312,0.033483258370814596,0.010494752623688156,-0.4491203016683563,-0.12062336199382714,-0.2677014923810114,-0.06588408455001386,-0.4119290457477586,0.22753944685007504,-0.12860935782112634,0.10653415780551881,,,0.032482558284207465,15.0,-0.498143089316152,0.0
192,97,GSK269962,Trametinib,DU4475,0,0.05863252435877298,0.05863252435877298,0.059232797286572825,0.05283853070859946,0.03648780443498623,63.81038541833028,0.0005623413251903491,0.0001,58.781773323029306,False,0.05660670601405166,0.05824850856277578,0.05660670601405166,0.045665476057507856,63.928490044640526,0.001,0.08897542774905122,0.07604544615727511,0.04287323400822943,14,0.0775597946749455,0.08565180871929522,0.06394763167197608,0.06396507745307309,0.04486103235730821,0.059978992328860295,0.10074024655392678,0.06172011070562438,0.08163927210598176,0.08819643867168936,0.28125,0.0,0.16414216918056102,1.0,0.0355230094099814,0.046992524359709034,0.075748601728623,0.0852361826319661,0.0882828625880514,-4.999993389303865,0.07574860172862304,-0.008714263668936134,0.002229326389449317,1.6505505961524245,1.2788287097458093,0.005085536283491758,0.6009973463217143,0.00466362343451059,0.5511366259410871,0.009747631138616356,1.1519533281569663,0.010622616390148418,-0.4514043208291899,0.19289833042531399,-0.11856425809514005,-0.8407384580669292,0.11234176062196972,0.27636181909045476,0.0004997501249375312,0.16391804097951024,0.07988714335514523,-0.2574268203092479,0.48533311204556256,0.15617919883070333,0.20062501638998606,0.6796484008199906,0.2685123838039386,0.6836085583251718,,,0.03409642464649133,15.0,0.2459445884878311,0.04721574302549222
192,98,GDC-0068,Trametinib,DU4475,0,0.050950101460615405,0.050950101460615405,0.05146374076143925,0.0405368386376832,0.025042606924142924,63.81038541833028,0.0005623413251903491,0.0001,52.855582926351076,False,0.040770057378295935,0.039870254050685436,0.040770057378295935,0.03243021287722021,63.928490044640526,0.001,0.06429607627439303,0.04079833368969487,0.028981654910409063,19,0.06465795597984951,0.07211154312687348,0.05263946370266599,0.052527208835277686,0.03452344585002201,0.052502363273893404,0.08267752323372853,0.05426193216353882,0.07015493963357268,0.07484056674183025,0.359375,0.0,-0.050791065759929976,1.0,0.022568389117659113,0.02985517254833122,0.0516943054602897,0.0539086489612777,0.0555682393957565,-4.284705029607911,0.051694305460289795,-0.01631115927965178,2.378460386111324e-05,2.257586981285626,1.0044801387431053,0.005245195773365783,0.7134415390392943,0.004514937199402751,0.6141131586668477,0.00975692337760008,1.3271181346843568,0.09101841735912644,-0.5207424645672991,0.37877147260438937,-0.11434560588783688,-0.8378903711801836,0.11183812561327554,0.175912043978011,0.0004997501249375312,0.012993503248375811,0.12125304489605125,-0.4146372507086546,0.5175907783433943,0.16311386876421746,0.21624023369631337,0.759633416371249,0.37367511350715904,0.6571219194635247,0.04479579369233766,2.0,0.032824599765531676,15.0,0.004470132795750505,0.0048769461613917
192,99,Nintedanib,Trametinib,DU4475,1,0.04062862221461489,0.04062862221461489,0.0335106672674107,0.037823351733349525,0.02663346554437306,43.13559069361449,0.1778279410038923,0.01,18.231040826276896,False,0.04335424707463991,0.04378479849505344,0.04335424707463991,0.03528918527145644,63.928490044640526,0.001,0.066017491581613,0.03780668817543995,0.02972281569963171,19,0.06327014380150743,0.06968817404137322,0.047923404032946156,0.04138928344052319,0.03647719460786348,0.05164639477392977,0.07603998486553724,0.045328764097729145,0.06464923871062594,0.07124989435182633,0.296875,0.0,0.014669864434166957,1.0,0.025049933099786478,0.03313794667042018,0.0628306385158067,0.0644595018198274,0.0658120964943669,-3.793832014900681,0.06283063851580671,-0.00971899461300671,0.002824724315596862,1.6219054179813839,1.874944417382874,0.005199992351965612,1.0862196856091382,0.004490507781799477,0.938016370183283,0.009686793708542923,2.0234618254153256,-0.3712172176684113,-0.49308348610998476,0.17013492341265368,-0.03438037962030873,-0.7201759826553872,0.123307588561018,0.9615192403798101,0.0074962518740629685,0.24237881059470265,-0.23005032583621418,-0.47844346379547364,0.46028863911317563,-0.09886278603569094,0.25217012581262566,0.7983773346422732,0.3222529813268182,0.7783244588628981,,,0.052073982603306854,15.0,0.628579014920513,0.053148135579687665
192,100,Everolimus,Trametinib,DU4475,0,0.047684342070541126,0.047684342070541126,0.040830861070031046,0.04529683833941476,0.03250222367262974,55.874709165575,0.03162277660168379,0.005623413251903491,60.62028815452381,False,0.04290870953360877,0.03857246246112113,0.04290870953360877,0.032641568318179416,63.928490044640526,0.001,0.056626818947433696,0.037195363071789195,0.019217152647751874,34,0.048702617265257854,0.059704453419187134,0.07501816625507256,0.05251946018691194,0.04811659343969392,0.05698662995518965,0.06651219323710635,0.03319205995035338,0.0525084117680028,0.0651342877577871,0.09375,0.0,0.07058838497897502,1.0,0.0184526116724226,0.024410510762438935,0.0266863394790515,0.0268146229415053,0.0383769694559904,-0.1473159044032365,0.026686339479051538,-0.0021501404131235723,-0.0009549985009289941,2.5841513882723333,0.6535825789537093,0.023993030615758738,4.113340005792424,0.014704495697852876,2.5209233209269635,0.038329838251795194,6.5712272710187625,0.43840782417162416,-0.6361474848411468,0.4967069705257564,-0.11132320415830728,-0.7824999160259181,0.11259091218060634,0.004997501249375313,0.03498250874562719,0.001999000499750125,0.24196659811644358,-0.5205678498569848,-0.2699478321149723,0.2397419928918092,0.1361434310700678,-0.2093922941459939,0.15559342216321612,-0.19919854215317398,0.06269920160432002,2.0,0.044117303974780184,15.0,-0.4252863897791606,0.0
192,101,Olaparib,Trametinib,DU4475,0,0.047387772933141906,0.047387772933141906,0.039836748525939526,0.04278143550575807,0.02505223083624919,63.880544524246744,0.00031622776601683794,0.0001,11.836935292100527,False,0.03967375592842975,0.03852594889642425,0.03967375592842975,0.03160300339391573,63.928490044640526,0.001,0.05836656538026665,0.033900217372127624,0.011972261232760847,31,0.060409742913683465,0.06906532260577443,0.04906142886647032,0.039963174272743734,0.03128845667204184,0.04807982165138213,0.06663022992576514,0.02587852643091099,0.06389058187925399,0.0718405506625014,0.28125,0.0,-0.10193838148008982,1.0,0.004938138248928145,0.006532542873159922,0.0800455262035024,0.0915710066818372,0.0963946869857178,-4.999993389303865,0.08004552620350242,0.0421076903678139,0.004820319732076644,9.596283162673245,2.009338843288907,0.008747883605220498,1.5371531940331542,0.0067944301466612645,1.193897915530423,0.015522872572340923,2.727634960861148,-0.14247850160891803,0.1362053577332637,0.5138902096465057,-0.20859939430406704,-0.7846737071015987,0.10193370073102659,0.3828085957021489,0.0004997501249375312,0.0009995002498750624,0.1585841812789394,-0.18194630517644175,0.08342654129186289,-0.5018099244467112,0.654647606340072,0.676139798970642,0.7080235564393588,0.6812921000788297,,,0.04390579970480997,15.0,0.6978057342733222,0.06942852246790683
192,102,SCH772984,Trametinib,DU4475,1,0.04267440931211408,0.04267440931211408,0.03381309890796441,0.04220766985637083,0.030947526184166293,63.81038541833028,0.0005623413251903491,0.0001,28.499653061210676,False,0.039008759437277676,0.030569227938528638,0.039008759437277676,0.03061107362329474,63.928490044640526,0.001,0.061373831422816646,0.036279904819363655,0.011305659974802075,29,0.05141165196525596,0.059596852104654895,0.05185690789850528,0.03765544839587817,0.03377430389639414,0.04181591747236726,0.06364400381826628,0.013356784879582712,0.05083980079239469,0.059246963127757714,0.109375,0.0,-0.09667097135368996,1.0,0.020588487957857855,0.02723600950366998,0.0524632887107396,0.0756949223807923,0.0863589043195703,-4.999993389303865,0.05246328871073968,0.03418385254998161,0.0016090710045866335,2.0727315866742346,1.5515670082040982,0.014716131774636373,3.0465389375533016,0.00923330105722041,1.9114813338010568,0.023453591566610258,4.855371032780484,0.379328819619304,-0.5184819274935913,0.3132854226451741,-0.11813355521502815,-0.8359528442589278,0.10861810057466134,0.011494252873563218,0.0009995002498750624,0.030984507746126936,0.11989915463559445,-0.3768479200578399,-0.2315182498242026,0.11972371402892071,0.36282993417680054,0.7637376708072786,0.39775290507301536,0.8262464843390119,,,0.054778734659298556,15.0,0.43926539327698494,0.040113227302058775
192,103,ABT-199,Trametinib,DU4475,0,0.04206467054568259,0.04206467054568259,0.029344765306287005,0.03870802342017749,0.02453293176984976,39.15158096476072,0.31622776601683794,0.005623413251903491,24.801004893955405,False,0.04759316845122087,0.04400072143241879,0.04759316845122087,0.03476093590079571,63.928490044640526,0.001,0.07296472533500782,0.05368278492582265,0.03661686134741765,25,0.0567015617461075,0.07207905385694285,0.06006818566774178,0.042562884330870805,0.029425721248480995,0.052408875464189195,0.0814973501992392,0.05342055982884957,0.06072201330879205,0.07401333705242205,0.171875,0.0,0.1171904651134319,1.0,0.03836984308896088,0.050758531328980436,0.0590300778809377,0.0649747843550309,0.0694645251937128,-3.842551902277562,0.0590300778809377,-0.012279496823617397,0.0026234348437485047,1.0962950890405054,2.0116050431758175,0.008483621576070403,2.023711909523084,0.007286475389007303,1.7381405913688945,0.015759058617856755,3.759219376048751,0.3744816488878988,-0.6137907008626815,0.3125979492645621,-0.009099801993570304,-0.6941450161763681,0.12404167539393662,0.018490754622688656,0.17041479260369816,0.03248375812093953,0.4008945855923783,-0.5126760993138427,0.40504464449212124,0.04038317842051905,0.38026632043277997,0.7267272235725367,0.3947305414876743,0.7425957902015583,,,0.050875664110863396,15.0,0.6989329323595659,0.05121947719128442
192,104,Tosedostat,Trametinib,DU4475,0,0.033381186655478574,0.033381186655478574,0.027380142502239038,0.03158923428849907,0.025730012951198974,27.958213276306093,1.7782794100389228,0.0031622776601683794,9.395810236483067,False,0.04214152681832319,0.03434934241798624,0.04185981402717345,0.03176854485846791,63.928490044640526,0.001,0.05991317870847375,0.046382609843169664,0.024723734054224587,38,0.04482420504496535,0.05718649526237568,0.038064819729580146,0.029680247665471678,0.030424532443209716,0.043579044390908823,0.061878064245446895,0.029811172184864974,0.04534869150075767,0.05787517291485486,0.078125,0.0,-0.03688830666388987,1.0,0.0324216315147773,0.04288978704353754,0.0659426836623637,0.0753263267608715,0.081936818930332,-4.999993389303865,0.06594268366236374,0.040427864103701645,0.0035987653251516507,1.0295961398569324,2.408412726740599,0.012571761381608733,3.2140931941484476,0.009581438242211927,2.4495879701867427,0.022121122245548436,5.655480270278952,-0.10145919693544943,-0.5639752868201147,0.08506244239502261,-0.004249954992716279,-0.5434719307331369,0.12449183766283854,0.712143928035982,0.5712143928035982,0.632183908045977,-0.04904054314662227,-0.4674902416719823,-0.27343724208103437,0.1654021091606599,0.6552485242828541,0.5937560925419824,0.4850363575590831,0.7218431278192611,,,0.03909212909004472,15.0,0.8789679109076796,0.059989710160590466
192,105,Navitoclax,Trametinib,DU4475,0,0.03214687359511398,0.03214687359511398,0.02905263758370518,0.0313769968245122,0.020594119802038846,63.81038541833028,0.0005623413251903491,0.0001,12.375,False,0.036463874718867445,0.03581219082014072,0.036463874718867445,0.029367274944727625,63.928490044640526,0.001,0.06433555124946919,0.042484792184416934,0.02585170582883901,27,0.05916912604679927,0.06258735632868426,0.037345520087992884,0.029298676718313665,0.02348389106412031,0.03865660997146692,0.06987159412677416,0.03336356828764767,0.05833360115546028,0.062315184379385005,0.171875,0.0,-0.03861457657415013,1.0,0.023213273711026036,0.030708274677524166,0.0639477708976138,0.0923336256213644,0.1056680132742374,-4.999993389303865,0.0639477708976138,0.03272231150269308,0.003245261652203584,1.3848487720990679,2.2011003549460972,0.01796277359003633,4.327986220458623,0.011121051641849572,2.6795281932202064,0.028862380520752993,6.954159086698129,-0.04218307664589382,-0.3350040741498161,0.18719742214780322,-0.1111404371113777,-0.8425655277409128,0.11109181606549363,0.3598200899550225,0.0004997501249375312,0.1679160419790105,-0.22523417120469366,-0.4294402594827875,0.5545663898113095,0.08638883535549324,0.49784987201578673,0.6930305724532619,0.621360405449807,0.772141798927232,0.060123357070914665,2.0,0.04508644700324045,15.0,0.7889573966644141,0.05696719803714752
192,106,Iniparib,Trametinib,DU4475,0,0.0366346856309425,0.0366346856309425,0.026399966992116084,0.03214569192648252,0.02216748805208942,39.47795753272229,0.31622776601683794,0.0031622776601683794,38.96170746306558,False,0.04631541027896203,0.036468607392918344,0.04631541027896203,0.03402974191928007,63.928490044640526,0.001,0.0611810773101676,0.043433365268520825,0.03259226363503759,26,0.055368256744602044,0.07014986748126699,0.04985207134241653,0.04444893060186631,0.03826888589257622,0.05146136830117148,0.07320000114664443,0.05240606012485058,0.06032792224381098,0.07395049717939982,0.15625,0.0,0.06966294886078406,1.0,0.03210627141676378,0.04247260484714919,0.0420731034280451,0.050622211678166,0.0548681787765287,-4.999993389303865,0.04207310342804517,-0.0017449867326971348,0.0010731877748821617,1.1410445378535696,1.5936801527293403,0.007015685544771713,1.8602219778557991,0.006348268075005852,1.683255003247224,0.013358994390619619,3.5421620323337315,0.04833385732799137,-0.7122680689735835,0.21087823456908894,-0.0073407912562232485,-0.6972318429768544,0.12327966378113066,0.39030484757621187,0.5562218890554723,0.1359320339830085,-0.0076623179941313745,-0.5429312221219762,-0.15854577125015945,0.3383146771928455,0.3833786100598266,0.5764826765592808,0.46836408497150755,0.6861450974611227,,,0.03942772785547546,15.0,0.46604590322577033,0.03275954479052116
192,107,Entinostat,Trametinib,DU4475,0,0.07676210776658571,0.07676210776658571,0.07924583129015988,0.072401283500122,0.060193341295103245,63.92015905833175,0.0001,0.00017782794100389227,0.3899994991983964,False,0.06699777196381053,0.07050335063144174,0.0669814406573259,0.05165233077047891,63.928490044640526,0.001,0.06818185822355442,0.0601937001258308,0.01715254491743426,28,0.07743352217415024,0.08625631683121436,0.08440996605047153,0.08192102345415753,0.06464553367094744,0.07569665190154527,0.0722217473032303,0.025792140199899168,0.0783153743491484,0.08742719756187678,0.296875,0.0,-0.07659251459984007,1.0,0.004556229102967205,0.006027324561343064,0.0948563422405551,0.1063714818671896,0.1119526430997374,-4.999993389303865,0.09485634224055518,0.04602159048897564,0.0027178238863888333,16.847727809954737,1.1969884181445087,0.009960884121239322,0.8798720098395044,0.007162619815429721,0.6326937063026788,0.01709945197976888,1.5104411413152161,-0.4013287320203146,0.1959926956601216,0.4612381451189759,-0.6825293345318043,-0.3451880968407038,0.09742479283602778,0.015492253873063468,0.0024987506246876563,0.0009995002498750624,-0.3071018601213128,-0.01778595488577364,0.02545481018989506,-0.10648285275208304,0.5765851940807023,0.26699394054813225,0.6580558634500052,0.2897733269247125,,,0.039114640365825876,15.0,0.1798087507934442,0.052132752530331956
192,108,Pictilisib,Trametinib,DU4475,0,0.02312300153441705,0.02312300153441705,0.021910987809703086,0.02168899612894837,0.015561681197019088,48.7717760938639,0.1,0.0031622776601683794,54.03651606422619,False,0.03564412012603819,0.030207509435383206,0.03564412012603819,0.027770189629152012,63.928490044640526,0.001,0.0501668778035375,0.026709485894501846,0.01193895586211622,34,0.05027334237766223,0.059911384182266596,0.03429096069701995,0.026892859880545482,0.022312485685576207,0.043336585350964706,0.05597283655791803,0.027500503065462575,0.05292665554257199,0.061621066729260314,0.171875,0.0,-0.03475801613634011,1.0,0.016239693054151128,0.021483094594653435,0.0615335787384761,0.0836580099094175,0.0942716912328082,-4.999993389303865,0.06153357873847611,0.04427194321864754,0.003306289925567281,1.4238570555067502,2.8083434335729263,0.014727652933828675,4.705108296904198,0.010536358743949589,3.3660970399055037,0.02518727064802024,8.04668854126531,-0.14578534861380818,-0.47071769901577193,0.07353113693999686,-0.017238044059752034,-0.7833830916138431,0.12061306661583736,0.7226386806596702,0.0004997501249375312,0.6456771614192903,-0.10130999123905905,-0.5173964578818021,-0.3288655424817665,0.2486173973672757,0.4548291014013344,0.8079522081410855,0.4768852940774333,0.8546105015806416,,,0.02644250591646452,15.0,1.0325947840883323,0.05750034717779781
192,109,GDC-0068,Dactolisib,DU4475,1,0.04510605362974129,0.04510605362974129,0.0398028260359063,0.04360382994482316,0.028445792725861112,63.880544524246744,0.00031622776601683794,0.0001,51.48382017910457,False,0.04612024869818828,0.03913330255339672,0.04600036519886698,0.03337729320875018,63.928490044640526,0.001,0.07102696769948154,0.041415690648041396,0.04240564921803358,18,0.05276342330149481,0.05870617998963865,0.05864153907950369,0.05118177601555471,0.03881639068460189,0.05727567566563523,0.09420703023413325,0.07388556002153146,0.06166020075443767,0.06412005506099516,0.34375,0.0,0.132003856621551,0.978983853448381,0.027271545170577866,0.0360768631949068,0.0831655536708714,0.08413299530364,0.083169665313817,0.9462674844996096,0.08316555367087149,-0.0525590727149561,0.005332244356937972,1.6539603219257386,2.089438413137987,0.011563875919362815,2.033703118530251,0.009150870548119482,1.609335321543528,0.02067402311711419,3.6358765503044546,-0.2448184429068845,-0.40102880176580424,0.2652815149269481,-0.2049751829133823,-0.7851776835798373,0.10347305037923467,0.552223888055972,0.0004997501249375312,0.04597701149425287,-0.2201022199422956,-0.36838242905018587,0.14914479135022535,0.13177618384548845,0.5615441204142066,0.7101479227876558,0.528546146836608,0.7479555798227991,0.04479579369233766,2.0,0.06468471642993885,15.0,0.7368953280220568,0.07302221824169663
192,110,KX2-391,Trametinib,DU4475,1,0.05879430531335975,0.05879430531335975,0.060381829609927246,0.06078563019431111,0.0488771248482815,63.090850675271206,0.0001,0.0031622776601683794,0.9164298936634487,False,0.08311850491775587,0.07199571407374136,0.08311850491775587,0.06679903207447631,63.928490044640526,0.001,0.0904747567328288,0.04697114285055056,0.0380403751164348,24,0.09577066935398171,0.1135477063642558,0.06582423794779806,0.06179787185960751,0.050010194854665305,0.09202236304542998,0.10563297362710797,0.06003676472348921,0.10068676279682404,0.11918567686354742,0.203125,0.0,0.02183384795635701,1.0,0.0319615127713583,0.042281107159214446,0.0654003062894754,0.0654089194434106,0.0673547632499432,-0.1946327427040965,0.06540030628947549,-0.022190773226892415,0.000631234715714908,1.8395344968166571,1.083112365292142,0.016011198694349308,1.8561608945022525,0.0045254915778826284,0.5246353290356445,0.0199442932506992,2.312120279507751,-0.4331677399058574,0.8805126269638608,0.5563253327957118,-0.8760059932389663,-0.014816275625756947,0.12210560813711875,0.0004997501249375312,0.0004997501249375312,0.0014992503748125937,-0.3399110843441688,0.7752229162880904,0.8220355064089887,0.059805909623608454,0.3584453420795507,0.8245351302069576,0.36420024142907553,0.824123565976675,,,0.06187807247002515,15.0,0.0798387163691637,0.02512438488231917
192,111,Linsitinib,Trametinib,DU4475,1,0.048868532710457074,0.048868532710457074,0.04779172465506509,0.043399094531222926,0.026312395558948435,63.81038541833028,0.0005623413251903491,0.0001,62.382381514635206,False,0.04340380862625544,0.04177640198157426,0.04340380862625544,0.034248078258753194,63.928490044640526,0.001,0.06154517799016488,0.04152601568853813,0.02457705377695879,22,0.06036560997192966,0.07051741997902909,0.058272333807952395,0.05540848572823423,0.04218389095743019,0.04953164342740936,0.07878812808810039,0.05050331449821302,0.06490253667813625,0.07403841611759708,0.328125,0.0,-0.016354028094760054,1.0,0.028313151031037112,0.0374547782303681,0.04912194949967,0.057803629428367,0.0607217617441647,-4.999993389303865,0.04912194949967008,0.01122821531861348,0.0001289169771425732,1.7260012019462962,1.027833790351902,0.004532750473475596,0.6639068487972305,0.0039989162334762435,0.5857167498425273,0.008529775395345426,1.249346580362212,0.14299961421945934,-0.5549060851751657,0.3931209477436783,-0.10866916588166074,-0.8413269614964181,0.1117278985023588,0.1199400299850075,0.0009995002498750624,0.015492253873063468,0.10090445592506703,-0.32482515151159597,0.36308532224778517,0.14318179161114558,0.5797854254137674,0.6706588246290556,0.631937412431498,0.5746122277651065,,,0.029320988844083854,15.0,0.02745347142388255,0.011354161225849015
192,112,Ponatinib,Trametinib,DU4475,1,0.060606607205626696,0.060606607205626696,0.043291918519398474,0.05476229572497791,0.028683862250207186,63.880544524246744,0.00031622776601683794,0.0001,14.79223792177421,False,0.05049488531769872,0.03591964420094596,0.05049488531769872,0.03570061771402425,63.928490044640526,0.001,0.07297990472146461,0.03960153527298679,0.026774018939216052,30,0.06284706933558387,0.07051228820914285,0.07327054702444796,0.05508648453372869,0.04717956009492638,0.06293418023033476,0.09252896910849247,0.06884525954798927,0.0736222581292554,0.07737415169573135,0.171875,0.0,0.1220083722860249,1.0,0.023299179025090395,0.030821916726180763,0.067921957124142,0.0875934366201747,0.09562782432592,-4.999993389303865,0.06792195712414205,0.033128824011010465,0.0027392020504835466,2.601233594555444,1.5689292470073175,0.012592204029259361,2.036071193410356,0.007822526671581106,1.264847772374228,0.019890146192271498,3.216097325035691,-0.04983293218082189,-0.10030185397097752,0.26254342317355484,-0.20126221165888553,-0.7875453256844558,0.10560746988525233,0.2413793103448276,0.0004997501249375312,0.054972513743128434,0.16399457490943115,-0.14320112317641698,-0.1116610147036632,0.13615839621133638,0.37099743267550445,0.8751456494877419,0.37299987130257706,0.8879783895627215,,,0.06127712447179855,15.0,0.4503933784111826,0.05233738673724116
192,113,AVN944,Dactolisib,DU4475,0,0.09291709094908646,0.09291709094908646,0.09243911075558753,0.07991713480672555,0.06773346818360117,63.94248720211324,0.0001,0.0001,106.08448390131977,True,0.06811063204905315,0.06883325528090502,0.06811063204905315,0.05588225501945542,63.928490044640526,0.001,0.07966936217588486,0.06087544067443641,0.03241939616700698,22,0.07711806185566548,0.08419540488702318,0.08222630756319194,0.07842376814430656,0.0670744305725078,0.0730678610521721,0.0949476570256207,0.05340123063123238,0.08363970088494337,0.08775525038902494,0.375,0.0,-0.10462916631069996,0.965656541001013,0.003366351574323734,0.004453264545635684,0.0581778563941315,0.0637352802133408,0.0581778265870383,0.9999933893038648,0.05817785639413155,0.0001964374574692807,-0.00516032622266759,27.601719219642874,0.6293640853810887,0.01922541276038796,1.455854434586078,0.007830287938142142,0.5929526487107823,0.026601755615894968,2.014431854538465,-0.018803346577557528,-0.22072905747082955,0.5138952216689175,-0.5170352580136841,-0.5245098635843662,0.09237826021196101,0.0029985007496251873,0.03648175912043978,0.0004997501249375312,0.11405087069732851,-0.22510479984878792,0.18891953038620313,-0.03501240094206527,-0.0397942020723297,0.43654420765515145,0.10400364762047432,0.48292864818786413,,,0.07320973339300306,15.0,-0.4630453576559686,0.0
192,114,Everolimus,Dactolisib,DU4475,2,0.0430069717675098,0.0430069717675098,0.024655508129891805,0.04079033060208259,0.028499459564722916,63.92015905833175,0.00017782794100389227,0.0001,16.976517559190402,False,0.04048432004884122,0.025141958987219878,0.04010574499704898,0.029864440046910624,63.928490044640526,0.001,0.04762986454496811,0.03208627508778271,0.0017492971025918132,50,0.03927652634477937,0.044462183984102614,0.05358419350634941,0.03297025547737548,0.03489921276755639,0.04721209393090115,0.05263879559875317,0.02820429115872926,0.03957635349274984,0.045286717365083655,0.171875,0.0,-0.15486288245847013,0.994105227186741,0.03204890025142217,0.04239670992918925,0.1930921697753024,0.2139528840362995,0.2259084748140697,-4.999993389303865,0.19309216977530247,0.14774050680444784,0.03667669194739105,1.341917239909078,7.831603743797989,0.029207466865872996,8.292356701147742,0.015345323913035381,4.356724948654264,0.04411313673681536,12.524258495542211,-0.07236792588377793,-0.42117539099440005,0.15014253597202765,-0.3444094834258659,-0.6842118122448826,0.09767803632102198,0.08995502248875563,0.019490254872563718,0.18290854572713644,-0.08520499379564977,-0.4974093774328001,-0.4132720912819658,-0.15815648014660563,0.6096047520897832,0.8137320308157341,0.5839726858321868,0.8507858232528499,0.06269920160432002,2.0,0.060437274373086,15.0,2.0581673094383035,0.1915115974226915
192,115,Everolimus,Dactolisib,HCC1599,2,0.09492483563663057,0.09492483563663057,0.060904698529828924,0.07831395614573723,0.06864531922408211,9.932525505537818,10.0,1.7782794100389228,116.4216128704605,False,0.09270573222369491,0.05236563328698148,0.08046230327646553,0.07272366616088267,9.660297964736223,31.622776601683793,0.09021897171210885,0.053434832572403904,0.08666887162102163,4,0.05458554300131848,0.06783104253473092,0.20791986322413236,0.16612674597154767,0.16005670079825002,0.1795005652272491,0.2109160593132085,0.2056346485513088,0.14383150582415466,0.1671610780312159,0.71875,0.0,0.3784734877524599,0.3784734877524599,0.10592250430101403,0.14012230231282632,0.1389440115522794,0.1434883722848882,0.1389439810341287,0.9999933893038648,0.13894401155227942,-0.09628787659668221,0.015596056043230605,0.8961725014249103,2.281334854391072,0.00516450056284535,0.5935749591176738,0.004962138824728053,0.5703167836235891,0.010126519804120375,1.1638779985771606,0.0610655777416017,-0.48321062964960615,0.2980022581245133,-0.1128314726530817,-0.168606722492701,0.17425090734609774,0.09895052473763119,0.9980009995002499,0.047976011994003,-0.06362504843045913,-0.46929100283878,0.2412461035251942,-0.052953199371589085,0.05574970719917301,0.8183745678415221,0.06522651698166138,0.8321620403236587,,,0.09685861907528043,4.0,0.8247607341022953,0.12488417050703667
192,116,Trametinib,Dactolisib,HCC1599,0,0.11544937205380833,0.11544937205380833,0.12433331357512585,0.09990837179052528,0.08613391099574176,63.92015905833175,0.0001,0.00017782794100389227,208.54722034885617,False,0.12338353383411067,0.13533883577789887,0.10424716464850417,0.10192307898657191,3.005114690538675,100000.0,0.10541419843122285,0.11104524887831708,0.09320416748476765,13,0.10529103223800965,0.09886908596984259,0.1358086947252791,0.13418448421815118,0.11845485431427011,0.1456023882028381,0.15187231027878503,0.13249582210563543,0.13684182902835587,0.13752688361559567,0.296875,0.0,-0.12521522741839997,0.46328880063342903,0.02864194128776945,0.03788972685677553,0.1391484264614897,0.1397621679945211,0.139148422450996,0.9999933893038648,0.13914842646148973,-0.02555912881313399,0.003903511722138032,4.030780277561249,1.1191564228473017,0.0017735104170498721,0.09984912781921358,0.001756518267692155,0.09889246510281176,0.003530028640231581,0.1987415904160749,-0.2599205629820709,-0.529057563264412,0.09536795784706621,-0.6876926210444081,-0.3440738609775678,0.09710264441052649,0.0024987506246876563,0.8195902048975512,0.4107946026986507,-0.1277170808504756,-0.28319958009178686,0.310206643606116,-0.34250312607733935,0.382717937608833,0.2554656139000255,0.384112332912245,0.2591018564391263,0.07495405943781971,9.0,0.13215127855274145,4.0,0.11257520762764044,0.06247808993669726
192,117,Refametinib,Dactolisib,HCC1599,0,0.10952060278585464,0.10952060278585464,0.10996017705924954,0.09813766939011515,0.09165323562793606,18.86860758943561,0.31622776601683794,1.7782794100389228,250.25690267000505,False,0.0997612240772807,0.10076560627102543,0.09856445502721828,0.09447603966221765,9.660297964736223,31.622776601683793,0.1037756289525071,0.11121131129178885,0.09291631579541851,14,0.09288332598585508,0.09029240901973042,0.13430060154063633,0.13491199083904848,0.11409304066560565,0.12273708528038485,0.12856609078561473,0.11662720316171152,0.12073212477443356,0.11490416794798927,0.28125,0.0,-0.008615380748300039,0.409183455452637,0.039035640632201975,0.05163929869044729,0.1358651734518659,0.136604239231438,0.1358651690380988,0.9999933893038648,0.13586517345186594,0.04040482075815643,0.006368104818204101,2.80565660027895,1.2355852553662046,0.0056783861360249505,0.3614827114252187,0.005012092437919759,0.3190668476873564,0.010689520152820233,0.6804885465892166,-0.13674927565556225,-0.21567937595014078,0.21120498979175212,-0.3137807027219379,-0.14279582557676831,0.15214966295804816,0.08345827086456771,0.6806596701649176,0.18840579710144928,-0.10938245686349977,-0.2818361428428316,0.2957544248986266,-0.04775225038494827,0.4870282232362263,0.07223322032303457,0.4857599026560768,0.0771952835540375,,,0.0646941374637811,4.0,0.21154474881385052,0.07980040612806492
192,118,Indibulin,Dactolisib,HCC1599,0,0.11070778407534015,0.11070778407534015,0.11104069097548852,0.09350727687053559,0.06911699169202631,33.58954817243031,0.01778279410038923,0.5623413251903491,100.7137019270932,False,0.10749792396970773,0.10181826518895312,0.10402799344396185,0.09499943079957027,18.019720410312352,6.812920690579608,0.10812259337773031,0.10711735729710821,0.08557963162300258,7,0.08195811147279623,0.09156852990581124,0.2044288911220961,0.19659561723561478,0.16976944433050392,0.23069196448567061,0.21975413187513668,0.19120188603759639,0.18997117797933344,0.19670441880108538,0.5625,0.0,0.09682406022597301,0.515508942149384,0.08460410501227963,0.11192071087884257,0.1371209597147387,0.1387962764231135,0.1371209488027023,0.9999933893038648,0.13712095971473878,-0.05698016699173565,0.006472122540777055,1.3085391549177403,1.2348712756570221,0.0034873798261075015,0.21984426220961845,0.0034476940078466156,0.21734247007030685,0.006935073820717585,0.43718673144549497,-0.449206830465037,-0.1705934504528749,0.11838494509285187,-0.6202178786318469,-0.026562860679496477,0.12435501138456524,0.027486256871564217,0.7861069465267366,0.4522738630684658,-0.22317844075323068,0.015948776965541745,0.30667955845405237,-0.1714093829246585,0.39881607685562004,0.29455168795386716,0.40822201936770763,0.29561872500063724,,,0.11100830942627353,4.0,0.21096673441036284,0.08044950304866436
192,119,GSK269962,Trametinib,HCC1599,0,0.06260842606225334,0.06260842606225334,0.05505164925375798,0.05758829932236633,0.055280341166778206,6.552535707689366,3.1622776601683795,316.2277660168379,58.204775563844414,False,0.06146581828285556,0.05690377710480195,0.05911192887365749,0.057004806603172004,7.162746026699256,68.12920690579608,0.061466062518091856,0.055607862802646575,0.0589144573206059,5,0.04880179242527489,0.053899108392141744,0.10280707531244532,0.09988297931644487,0.09412877577164193,0.10208907112545165,0.10613008628870749,0.10063638400513959,0.09734301465160823,0.09528619106002265,0.53125,0.0,-0.16199555091935003,0.21417798836200896,0.062390197681501086,0.08253447365670524,0.1006000373726698,0.1025603522907451,0.100600024441396,0.9999933893038648,0.10060003737266981,-0.06317427787276379,0.00708968343382377,1.0034977991553464,1.8273755416292556,0.0025215313895313738,0.3206210888498446,0.0025002615187401027,0.3179165541527531,0.00502179221237201,0.6385375545166698,0.10512015286842769,-0.3705778970049649,0.06936217462565081,-0.1134378747230481,-0.07575801601420128,0.1834019961074399,0.04847576211894053,0.9870064967516242,0.9795102448775612,0.023716659523343616,-0.4069869060095539,0.2935210785704211,-0.12259219788366608,0.5745473718076752,0.47395009195770105,0.5810731489611652,0.48665811101216877,,,0.0800943009846096,9.0,0.6028808072470301,0.08420025792017367
192,120,Navitoclax,Trametinib,HCC1599,0,0.0758793324020218,0.0758793324020218,0.05544048323430359,0.06415180683846844,0.06020141661631237,7.917700429759119,10000.0,1.0,152.02195741770126,False,0.06793281119844875,0.05787529810192627,0.0662774628124862,0.06284255080047342,8.301672599156644,46.41588833612773,0.07183071409765125,0.06276624051277889,0.0652084432204047,12,0.04988234128656372,0.058398571865055184,0.11641141290098113,0.09902817806930037,0.10081283515896666,0.1099829344061118,0.11155511894898337,0.10030495110847087,0.09090195072479632,0.09722142783701211,0.40625,0.0,-0.17947138889238,0.24935588874784798,0.06880632896292262,0.09102221753159702,0.0995029661009198,0.1017950332264915,0.0995029512899694,0.9999933893038648,0.0995029661009198,-0.08479920990246785,0.006827193081627697,1.102795826280902,1.7947709019850808,0.004482193599885093,0.5659286025086856,0.004390884630928584,0.5543997927760157,0.008873078141389682,1.1203283839938916,0.20306079900844273,-0.37066089817049347,0.18863294937440284,-0.07100071752405972,-0.14881376539097452,0.16979273127086814,0.025487256371814093,0.9610194902548725,0.3458270864567716,0.006263496952950614,-0.281156864502944,0.21742112690136328,-0.047887876463341604,0.17493573592354533,-0.1501262142683957,0.16973128323950384,-0.13091788408234423,,,0.06969483905189054,9.0,0.5848773825886037,0.08262683027702138
192,121,Ponatinib,Trametinib,HCC1599,1,0.11738174840111816,0.11738174840111816,0.10383529538566641,0.10519179048150959,0.09468489946006108,18.395860258305728,0.1,5.62341325190349,13.69205653323762,False,0.1180905544910652,0.10895393305218207,0.11130449994503015,0.09682346623795311,32.462077451052096,1.467799267622069,0.11273555355199377,0.11688952357124999,0.10021655882636633,8,0.09624786571827491,0.09982537386848196,0.18211748032284986,0.17786604721842073,0.14223691592872337,0.2135842888250502,0.1948677878221157,0.19036077663923676,0.18014373539649683,0.18565121677453728,0.4375,0.0,-0.04767218221989,0.48025686265159795,0.08111758298977113,0.10730847577278886,0.1142159607913157,0.1142340999296275,0.1144317106953347,-0.4325964551818569,0.1142159607913157,0.04899131070115743,0.00226351713165477,1.4470567794891018,1.0999724165765916,0.005052136921976006,0.3405870645668128,0.0046658356549656305,0.3145447746207112,0.00971788187998725,0.6551257249016413,-0.1291874643307917,-0.08462943438093005,0.2792895227700748,-0.375602928170473,-0.04946621285829258,0.1377211195925697,0.015492253873063468,0.5882058970514743,0.04047976011994003,-0.25699926450920596,-0.19901696568299032,0.34886311203029663,0.04310259826565421,0.39527223608799433,0.13472772788344264,0.39584260243222696,0.13229034308543502,,,0.06497813779521114,9.0,0.09528510365045857,0.04757643462529291
192,122,Olaparib,Trametinib,HCC1599,0,0.10853749974394998,0.10853749974394998,0.11256638888637834,0.09637602408029272,0.09349979179547896,12.169119099329174,1.7782794100389228,3.1622776601683795,205.43262039763184,False,0.10211360281593425,0.10609558656989346,0.09816682458575626,0.09528939882315778,7.162746026699256,68.12920690579608,0.10510766853802031,0.1072580610621144,0.10079481759300842,5,0.10881162596056992,0.09759621902431428,0.1806555422439219,0.1558719807564998,0.1513198284973817,0.16467071482444007,0.17910032830265415,0.16486425165660584,0.15953395977110077,0.15504910056304635,0.296875,0.0,0.08472016912243907,0.394061640678397,0.02925026679227121,0.03869446585732031,0.1855607272701891,0.1872520107757202,0.185560716064285,0.9999933893038648,0.18556072727018919,-0.07848696319907937,0.021761591598122146,3.7106499067088445,1.6484558943921477,0.002228542437812378,0.13858308167309769,0.002207258699555894,0.13725954123381284,0.004435796335496308,0.27584232429998107,-0.10327448361334694,-0.2131076389043895,0.16528747960404647,-0.1791745057863068,-0.15488954926236181,0.17002137832797984,0.28335832083958024,0.655672163918041,0.48575712143928035,-0.06241558800291112,-0.24646149489758015,0.16224753328416003,-0.025598893806737695,0.419813726129438,0.6080260628373264,0.4233552512093946,0.6123342708710944,,,0.15048810333538926,9.0,0.49983902817757986,0.14751810600099957
192,123,ABT-199,Trametinib,HCC1599,0,0.048930656139477176,0.048930656139477176,0.05255083636286963,0.047878346420463666,0.044892746741500726,23.975967698150924,0.01778279410038923,3.1622776601683795,11.652594517289916,False,0.055580084884315914,0.055131266471408084,0.055580084884315914,0.05445215307942477,3.005114690538675,100000.0,0.06142031754509506,0.06235348556041852,0.06005708101378069,4,0.060549316693215394,0.0580795559846086,0.11067990535877724,0.11784280192135237,0.10156367146828214,0.11392879680014181,0.13761044828942617,0.1357999066959131,0.12252350242806653,0.12133625072721421,0.6875,0.0,0.053190914437397985,0.24595234689173906,0.044005865936419315,0.05821428874790701,0.0899356207255336,0.0909335731621312,0.0899356141353929,0.9999933893038648,0.08993562072553365,-0.02681895764973675,0.005326825472849928,1.1119121303094754,1.7114022715931236,0.0013184467269180232,0.17562283927696162,0.0013102998507952507,0.17453763993844637,0.0026287460334695114,0.35016040671977133,-0.3075846048313916,-0.08210002679151474,0.2681547569644941,-0.48079308275378424,-0.012839393706785844,0.12401168316721439,0.050974512743628186,0.663168415792104,0.03798100949525238,-0.29010376693183854,-0.028135901040165733,0.49252598689091054,-0.08278789389052543,0.4182949993559765,0.4308078184572969,0.4195241862694748,0.44139817286368166,,,0.03644545787386521,9.0,0.5373130763312647,0.07298510445871766
192,124,SCH772984,Trametinib,HCC1599,1,0.07006410653745551,0.07006410653745551,0.06848441458534026,0.06668341473504287,0.0585465811879245,39.25570873017795,0.1,0.1,7.348452616665294,False,0.06603849187870592,0.06744395791895509,0.06471498556462749,0.056594621799389164,36.84495823829967,1.0,0.07100255556707345,0.06932157905749345,0.04227329137059005,35,0.07180316502271364,0.06340858214335472,0.10077734073984226,0.08817929104429045,0.08947569554296086,0.09993144970046912,0.0985287997386227,0.08509083608007897,0.1060672246219496,0.09831279093458374,0.234375,0.0,0.03738932955929297,0.764703946285752,0.028142604145863052,0.03722916590784448,0.1376870302594464,0.1533591812460323,0.1592212903265409,-4.999993389303865,0.13768703025944648,0.08630840076367197,0.014267603260568943,2.489609922888209,2.010487073491311,0.015147044822484966,1.5482254524534016,0.011047403798276649,1.1291886928750963,0.02610541105136556,2.668313344955944,-0.35324456187329484,-0.4881873491606958,0.10248822676948428,-0.36624773297707774,-0.367329379716297,0.13010694095980796,0.44377811094452774,0.7766116941529235,0.5877061469265368,-0.3107436657482791,-0.3888334808325339,-0.32794902907975393,-0.34069165827588915,0.585172002803137,0.555677562677857,0.704011118384869,0.6413130065417515,,,0.15214033012710632,9.0,0.6983770178350501,0.11944707305149399
192,125,Entinostat,Trametinib,HCC1599,0,0.11133643177264434,0.11133643177264434,0.09843159137403396,0.10362865197781658,0.08779218006722775,14.27580680731422,0.1,31.622776601683793,25.800726544699764,False,0.11295602887300052,0.09866091717077431,0.111044147931253,0.10146725961837162,15.410798766462875,10.0,0.10572539180280448,0.09188457343135381,0.09765760777700119,9,0.07527459720767245,0.09537943745527905,0.16294717456357966,0.15340359793717823,0.12874616571666628,0.16557278799900937,0.1540535218640701,0.14337439810624805,0.12679338680355276,0.14568138095121097,0.421875,0.0,-0.08732694355698012,0.47663281038895,0.12765468630095964,0.1688712768221515,0.1309633071446461,0.1336558131790895,0.1309632897719058,0.9999933893038648,0.1309633071446461,-0.07103711071302292,0.007462609637838118,0.8721687781219151,1.3305007601369934,0.005347121207091286,0.38026255521368024,0.005276891407978107,0.3752681363799527,0.010624010177385382,0.7555305182368087,-0.2605157332407556,-0.16441962229376098,0.16533167354109563,-0.29134990131091354,-0.03267554464998084,0.1389422784240489,0.3823088455772114,0.8065967016491754,0.30484757621189407,-0.2760727252535624,-0.18776502190815247,0.13633959071807267,-0.0692222668524879,0.47945006839732673,0.008666175311684302,0.47953185888441174,0.008707500593026246,,,0.10276540648527308,9.0,0.28555538275223685,0.08638639729632275
192,126,Iniparib,Trametinib,HCC1599,0,0.09627238643194407,0.09627238643194407,0.10197431130142723,0.08296094366056914,0.07561821306783967,12.343856154978612,0.1,10000.0,31.025691061753562,False,0.09137913080178424,0.09403661214801,0.086622002949022,0.08431731436067526,8.301672599156644,46.41588833612773,0.09270763620107546,0.09866761114168321,0.08730817653296129,7,0.08080884918216312,0.08453113218753143,0.15202722767997062,0.1363509113958445,0.1193678560687314,0.14599592323006189,0.15788956007511176,0.1426515852680948,0.11590764843186475,0.13317779993722637,0.4375,0.0,-0.06108117559169002,0.3893122248184,0.05457820772869791,0.07220018232687904,0.0982289087671286,0.0993469244963445,0.0982289016226742,0.9999933893038648,0.09822890876712868,-0.026618889853294997,-0.0007498416478195161,1.7639345526057433,0.963271117142164,0.0031245449345939317,0.21448357201948962,0.003089922681995152,0.21210693652081902,0.006214467599666935,0.42659050737869214,-0.1090996019822823,-0.2007700118733651,0.18957741878333959,-0.2502003667508588,-0.019789077341251883,0.14206786345669792,0.11944027986006997,0.888055972013993,0.21739130434782608,-0.25821306206991185,-0.14561517203408136,0.37686559056590346,-0.07917820607633613,0.38851222971873445,0.0365016149270683,0.3889309175289887,0.04622217494830618,,,0.055338766896307665,9.0,-0.03742037291091411,0.0
192,127,Everolimus,Dactolisib,MCF-10A,2,0.03060469917595062,0.03060469917595062,0.02462249504521221,0.029234191298118856,0.023241146619736745,30.750895903128313,0.5623413251903491,0.056234132519034905,14.015050155435585,False,0.028659129254921038,0.02359261922337482,0.02838821741010478,0.023635511852445373,32.462077451052096,1.467799267622069,0.03849050043551317,0.030527383092634718,0.025465639103780663,36,0.02438110698439083,0.02666585800524877,0.03060469917595062,0.02462249504521221,0.023241146619736745,0.028659129254921038,0.03849050043551317,0.025465639103780663,0.02438110698439083,0.02666585800524877,0.0,0.0,0.11429098209530097,0.680255664358586,0.018143500049841686,0.024001594522084554,0.0538110289950351,0.091064376108685,0.053810781417489,0.9999933893038648,0.05381102899503515,-0.07246314880120162,0.0022893595792530083,1.6868134093133627,2.1854417635672765,0.048476657428761866,13.78156849572872,0.03328796221205495,9.463530607134553,0.08153095170406964,23.178668972438764,-0.10131230900777302,-0.5202290035896927,0.14429473017597919,-0.08252821985304575,-0.539896851817065,0.1322571755262042,0.5397301349325337,0.4052973513243378,0.36281859070464767,-0.13614841917278808,-0.4634243420579704,-0.30606137870517747,0.09229953595473152,0.4856784978845655,0.7825448337813284,0.6581687091097015,0.8436451022445232,,,0.03437877833485986,4.0,0.7818179882342303,0.04784725257789634
192,128,Trametinib,Dactolisib,MCF-10A,0,0.02561053546709956,0.02561053546709956,0.024697967440797008,0.02386106381449665,0.02027980469319555,63.94248720211324,0.0001,0.0001,107.98472543713937,False,0.024274688103670613,0.023846285696752043,0.023774215060899388,0.018913103569125983,59.66808840059129,0.06812920690579612,0.050101539710183024,0.030619137731902907,0.03500424101402379,31,0.029242069080475188,0.029882322523440398,0.029542771151728323,0.028450207948797733,0.02497063512921263,0.03013178603896279,0.05729874888683197,0.045961989084885926,0.03417468123312903,0.03375941300590174,0.109375,0.0,0.12295652886467001,0.7386405539394441,0.024399788493418197,0.032277886198079954,0.0517169500592353,0.060653776869308,0.0517169473673996,0.9999933893038648,0.0517169500592353,-0.05128619327933708,0.0020646533277227696,1.0496212077415328,2.093975959082663,0.029982285273569276,8.497703198373484,0.020906656992713095,5.92545112466425,0.0506950879558718,14.368211333250143,-0.5023226022353591,-0.2229525471043035,0.24551946735426922,-0.5256663069750147,-0.5219942924591116,0.09458383673708654,0.4097951024487756,0.04447776111944028,0.02848575712143928,-0.3261073135292739,-0.348414915498768,0.7198386900592262,0.03967915859148945,0.6443485335223721,0.6634125715793876,0.36724216865845866,0.5684860636443783,0.04697431742023369,9.0,0.02315601566068583,4.0,0.7390646315241124,0.04543845648481878
192,129,Refametinib,Dactolisib,MCF-10A,0,0.03137610405066388,0.03137610405066388,0.03144996226017579,0.028455131018016055,0.022120373655347678,63.92015905833175,0.00017782794100389227,0.0001,39.55948843198051,False,0.027755167691832092,0.027847844605463218,0.027711325295013016,0.021207494441437873,63.928490044640526,0.001,0.05319168393956321,0.03382077703656469,0.03546450429973413,29,0.03241766427129394,0.03329196808989983,0.03546580104446163,0.03167879070840662,0.025034254887487818,0.030914761428613942,0.05827325115425473,0.04362266279448965,0.03249938445775541,0.03465784926286833,0.078125,0.0,0.03249067890359303,0.757262260826812,0.022215029442686458,0.02938772163666309,0.0679953052529411,0.0746822067927586,0.0679952975604838,0.9999933893038648,0.0679953052529411,-0.06276499497245376,0.003634261410274159,1.4123818350820774,2.1620154800325997,0.027511330852088966,6.123356027313284,0.01897371129758321,4.2230886633292934,0.04627310058245771,10.29927163020365,-0.1579423589395354,-0.38995793566282955,0.20219541004230346,-0.34661669581182264,-0.6850309238892545,0.09580130254901825,0.1634182908545727,0.017991004497751123,0.08095952023988005,-0.19853082852283474,-0.2442858308168195,0.6849834518932483,0.1956290647525653,0.570782249491856,0.6542904502582834,0.31734561067268485,0.6235199444856118,,,0.04858356459027268,4.0,0.7710408792434648,0.06028483565768558
192,130,Indibulin,Dactolisib,MCF-10A,0,0.05734015405665426,0.05734015405665426,0.05976744854213641,0.05402871119050346,0.049545146138564325,38.467716525353694,0.1778279410038923,0.056234132519034905,14.270672710470764,False,0.055175175719163125,0.05709189021823032,0.0542172437492071,0.04926978046826109,32.462077451052096,1.467799267622069,0.06031345754357381,0.05676273205684845,0.028824433014689246,37,0.0599113173490612,0.05546659273955896,0.062211301122698924,0.060435371739833384,0.054554712691193254,0.05922328331003816,0.0702694219320236,0.051014003142385946,0.06354391533306422,0.05904178803162342,0.1875,0.0,0.06140656369074404,0.813035194821158,0.021413311398512783,0.02832714835342477,0.0766827429572159,0.0883210106474418,0.1021050942985219,-3.9492660794003887,0.07668274295721592,0.03782964741975785,0.002308095162205521,2.677780796698109,1.2830185130481873,0.030277910752212273,3.546167360918262,0.019375160723726397,2.2692306326322016,0.049356468259284726,5.780659644043811,-0.29223700416851495,-0.3733017310066524,0.0955843707372782,-0.18720416291047615,-0.5410444016042182,0.12954632558521842,0.7171414292853573,0.08095952023988005,0.631184407796102,-0.30889080216644854,-0.3652558642397413,-0.25019713444493286,-0.11782020703869668,0.3979334620196686,0.4136079120401936,0.5123009999586744,0.4793988485210821,,,0.088724105938072,4.0,0.24921551502915137,0.04804263900126138
192,131,GSK269962,Trametinib,MCF-10A,0,0.035803193765368634,0.035803193765368634,0.03534919168120336,0.03450444511220716,0.032011967173302534,39.25570873017795,0.1,0.1,10.995560183546813,False,0.03393097151578883,0.0340316016187907,0.033449879366439034,0.0307171687880035,28.29572796775568,2.154434690031882,0.049683730784549136,0.044773872749381785,0.03527299289510003,16,0.03513861440384669,0.034199679173283995,0.05290596316871014,0.04046440944246768,0.04032975689823579,0.04256151518277792,0.058245002069962096,0.03938326632805697,0.03940530139178963,0.04091191418428405,0.203125,0.0,-0.19999999999999996,0.42000000000000004,0.013905538830084257,0.018395298795377497,0.091692745853685,0.1107552134270745,0.0916926138348983,0.9999933893038648,0.091692745853685,-0.06553262872448458,0.007157994289674012,2.5747433596682634,2.593913509553936,0.022462930319649292,4.44820672720379,0.018700475339363216,3.7031491004403727,0.04114517478651018,8.14774567133091,-0.30074503122841345,-0.30695154200597247,0.2746036885764725,-0.36391217045702057,-0.36465980999922165,0.12626896107369703,0.32983508245877063,0.34332833583208394,0.03248375812093953,-0.2803078598067284,-0.33324873400889604,0.19118132315369452,0.3146742947510403,0.6934081467936337,0.8425957671135322,0.7401975908645555,0.8764691077586934,,,0.039232923755805,9.0,0.9531677428379685,0.08460493064635188
192,132,Navitoclax,Trametinib,MCF-10A,0,0.035788502519952074,0.035788502519952074,0.03683539653149863,0.03230960619918932,0.02404714322986749,44.76169865082986,0.1,0.03162277660168379,30.280584841765773,False,0.03304967330078416,0.03500219735966058,0.03174632033674259,0.028390418472279782,21.033332728740156,4.6415888336127775,0.03813743178793326,0.0345743458375739,0.017398035795612235,31,0.028865727873393244,0.028955828073869608,0.04167913289494725,0.043618486198827966,0.030166573550898152,0.03794005211900478,0.047000167438955284,0.02817563067979832,0.034877292742892356,0.034516196973945916,0.390625,0.0,-0.13611873642807004,0.6685786864424139,0.01078403299540762,0.014265934718081758,0.0603238079950161,0.0722250663377884,0.0763267642717862,-4.999993389303865,0.060323807995016125,0.028840518563703663,0.0022821153733868266,3.3186566227303467,1.6376587107846685,0.006606334898086726,1.2554322374964169,0.006008069055082866,1.1417410248215132,0.01261332990473397,2.3969691559485873,-0.4841629313236512,-0.46102054099491574,0.1429624067720124,-0.17520350810303234,-0.6157539942206794,0.1211302371737855,0.9635182408795602,0.07896051974012994,0.2988505747126437,-0.37032692512304394,-0.3369591975229219,-0.07223944159589853,-0.20577160266235892,0.3633332479046964,0.6379486563632684,0.5112015561774702,0.7031531178069091,,,0.04226723695941339,9.0,0.49326760644716805,0.0477714912200449
192,133,Ponatinib,Trametinib,MCF-10A,1,0.03831505837133227,0.03831505837133227,0.034197918313692045,0.03671406377851842,0.025421475791450644,47.639534181822825,0.01,0.1,9.617882412952188,False,0.04302993429083651,0.04078502629102432,0.04225559148700052,0.03200104110533975,60.94043338075274,0.046415888336127774,0.07332455749539678,0.04570055647096427,0.057176545870275035,17,0.04300440144695373,0.0442452187789606,0.048799138025912465,0.04087078114036623,0.03147493882935045,0.048901881620944616,0.09578005158402653,0.08532276905496008,0.04861371505147802,0.04970023342808318,0.296875,0.0,0.18955645225601703,0.5515079985326721,0.02547083673794221,0.033694749846661376,0.118322806568165,0.128521112474062,0.1183227422510945,0.9999933893038648,0.11832280656816505,-0.11497633401797669,0.012830788937177437,1.5042716800212879,3.459941786011908,0.021690277247078667,4.43980067256786,0.016206420857506412,3.3173056021109972,0.03779937868941787,7.737185883621087,-0.6375293283318637,-0.13130906097128697,0.12687432054536874,-0.7500022127646645,-0.05608324948775715,0.1225429392569053,0.07196401799100449,0.6521739130434783,0.383808095952024,-0.5315841995575847,-0.03008069266157502,0.6759457257561231,0.18986747509967158,0.5544625236659882,0.485153952407027,0.5746348468913633,0.4349107196963035,,,0.07894838423764425,9.0,1.2412517640760439,0.11327307242755198
192,134,Olaparib,Trametinib,MCF-10A,0,0.042062945613568055,0.042062945613568055,0.042395923385460756,0.03862934551689712,0.03428509757508601,32.62663684535225,0.1778279410038923,0.1778279410038923,17.4967561167599,False,0.03904540503864335,0.040627931966522174,0.03719388781706662,0.03370575340917268,24.46482137210672,3.1622776601683795,0.058106775509468925,0.04208412577468909,0.04411350200710598,18,0.035194562677562644,0.0348101505174864,0.049252032576037365,0.04789890994345212,0.04255415290287827,0.045803971702688,0.07409273147346726,0.06337380514927884,0.042284668659186925,0.042395886015107936,0.359375,0.0,0.021930174324948926,0.49578143192076407,0.020963331371463046,0.027731880730164908,0.096800276685642,0.097116315679852,0.0968002748904888,0.9999933893038648,0.09680027668564208,-0.08485873654311098,0.0075728792467109896,2.0065010120875866,2.283244919695243,0.0030526906572508053,0.5040304089256812,0.0029531886458678083,0.48760161049267337,0.00600576692964458,0.9916134654099638,-0.2827587478582356,-0.15448596697864853,0.17327487234655573,-0.3249617766945182,-0.32611116112831084,0.138865119301533,0.3798100949525237,0.11694152923538231,0.2753623188405797,-0.32448518454048203,-0.13826014714173318,0.6730420161022198,0.029697279259821407,0.41067422778057705,0.4803694855631039,0.3710969751401632,0.48942520447980886,,,0.07823180737330239,9.0,0.8255976415549818,0.08702229166547494
192,135,ABT-199,Trametinib,MCF-10A,0,0.027708979863725707,0.027708979863725707,0.024235957401855867,0.026769614301215418,0.02254352219087914,32.62663684535225,0.1778279410038923,0.1778279410038923,16.94496491402387,True,0.026555065312185367,0.024511147748362844,0.025971192319753512,0.023262703100023208,21.033332728740156,4.6415888336127775,0.061350965987822983,0.04205512536761273,0.047404135127210395,8,0.023650535295013642,0.023873304651075466,0.041424871720874626,0.039015897745432536,0.037764432886420105,0.04101933970192686,0.08873227015738877,0.07428092346529355,0.0408612402119972,0.039452682370160475,0.421875,0.0,0.07756104563071209,0.506403610902885,0.016849938763723503,0.022290373787739765,0.120603470257189,0.1206036741656315,0.120603470255841,0.9999933893038648,0.12060347025718908,-0.10920938375314523,0.013957815406892098,1.6444558198265269,4.976220590648249,5.432941367732755e-07,0.00015691804100636476,5.432910846296577e-07,0.00015691715946473755,1.0865852214023806e-06,0.0003138352004709427,-0.12984010715087393,-0.3733509891571363,0.19558974447162256,-0.32600447670208427,-0.32294842795116485,0.13868333074891404,0.10694652673663169,0.6216891554222889,0.18840579710144928,-0.2170973995026975,-0.32269436027925763,0.8293296156066898,0.22293264077230693,0.4185452605016092,0.7942240752460336,0.41854617671052674,0.7942219616120094,,,0.10169561432685593,9.0,1.6046706853723487,0.11814319873311412
192,136,SCH772984,Trametinib,MCF-10A,1,0.02916355838338594,0.02916355838338594,0.025588778533600504,0.027391509033756208,0.02398523334799866,29.37309966271959,0.1778279410038923,0.31622776601683794,16.5732792163885,False,0.02750149658878636,0.025590370510358194,0.02702973086972811,0.02322712040131699,32.462077451052096,1.467799267622069,0.03910466654810138,0.028479165396483715,0.021699078209793575,39,0.02541619351279988,0.025305908226681977,0.03756269602598582,0.03477441840974979,0.030614301266389542,0.03454465196163229,0.050800116628098496,0.04655158022619184,0.034203936437359195,0.03239193941146127,0.1875,0.0,0.042696055758465024,0.600886776503613,0.017443052767445275,0.023074989864218586,0.0422496288183918,0.0422704618537726,0.0470055018068527,-0.0796083129488701,0.042249628818391845,0.01088618167727684,0.0011302455484502295,1.6719297230938355,1.651099866408786,0.020933659866755938,5.726557790747078,0.01645451063110156,4.501253323462334,0.037337380837884605,10.21391722633417,-0.18998092493308474,-0.2028876271733915,0.19960613048265072,-0.3676196631854719,-0.24212121856878038,0.14156933112878395,0.10994502748625687,0.391304347826087,0.19490254872563717,-0.1874416583987883,-0.3519095935389524,-0.0697324189992258,-0.0024765189321160797,0.47603531796660764,0.47110560434103577,0.47935966474636854,0.4760554759006694,,,0.06009009385037705,9.0,0.5014416515452146,0.033619124742477004
192,137,Entinostat,Trametinib,MCF-10A,0,0.025929414316217758,0.025929414316217758,0.027686091430056382,0.022754898584977524,0.01881314665006753,40.606753017733446,0.03162277660168379,0.1778279410038923,67.78876132597036,False,0.023782253884029103,0.024536239273796626,0.021723070743991164,0.019411361686738925,28.29572796775568,2.154434690031882,0.0353807944651548,0.03218791888581577,0.014533328928903938,18,0.018938763450049526,0.020934658862165192,0.04599911648073817,0.037757310277080444,0.031717696268508205,0.03914938121582434,0.04591701784981129,0.027288498824425585,0.032353609397506436,0.0327658763426527,0.46875,0.0,-0.16891816456403008,0.47383530837812404,0.003878700200605157,0.005131038070488793,0.0442395461052743,0.0442404521834017,0.044240633409051,-4.999993389303865,0.04423954610527435,0.015189708894276926,0.0011906177809272492,6.685078241461466,1.5978978548502254,3.8045436319567683e-07,9.619200128330699e-05,3.804525712369124e-07,9.619154821424944e-05,7.609069344324133e-07,0.00019238354949751194,-0.41931736249020535,0.15920219070304809,0.2582207962790115,-0.6343232561076995,-0.11344137983265686,0.1252608055071148,0.02048975512243878,0.07496251874062969,0.06196901549225387,-0.2097733333402102,-0.16150468627041958,0.4718279831817848,-0.35312173923951423,0.664768120139325,0.64169861839123,0.6647750516147146,0.6417011329084055,,,0.052599443438276376,9.0,0.4686889246816897,0.03450532974668188
192,138,Iniparib,Trametinib,MCF-10A,0,0.025698911893708893,0.025698911893708893,0.027339908139379702,0.023907574139651725,0.021624659652174402,23.704555667869812,0.5623413251903491,0.31622776601683794,24.91383099022258,False,0.0230863266759046,0.02438697831954708,0.022869155705034144,0.021037955472382193,21.033332728740156,4.6415888336127775,0.032696194495612216,0.025563945654431465,0.017604730809608324,24,0.0217680030485362,0.02260252679171281,0.04106028931123041,0.04019551037423741,0.03709670780834696,0.03987071490081388,0.057582438055031035,0.043261939617527584,0.038377430603137745,0.038809519097729034,0.421875,0.0,-0.16282556340610999,0.47842868307309505,0.01145899499997721,0.015158825522336147,0.0349422366141455,0.0352026308815314,0.0352565008541265,-4.999993389303865,0.03494223661414551,-0.002717195687592289,0.00047348932252920983,2.242684624066945,1.2780670818646827,0.00014648859302649866,0.03750634954433156,0.00014621208155006746,0.03743555265923777,0.0002927006623121754,0.07494189906344412,-0.11786026079917769,-0.23285902647601278,0.24530626004666417,-0.2207536781550152,-0.30848182205747515,0.15126686623005545,0.2543728135932034,0.29235382308845576,0.10694652673663169,-0.34126268579413876,-0.20017090616606603,0.0349786124306367,-0.49482509010625764,0.5850782215806158,0.29214237808540106,0.5939990377535201,0.2925538642210947,,,0.027730096736899905,9.0,0.2453488442997797,0.02175980979993184
192,139,Everolimus,Dactolisib,MDAMB-436,2,0.06421150245251575,0.06421150245251575,0.04919029770077766,0.05938770183641634,0.03940480987037857,63.92015905833175,0.0001,0.00017782794100389227,140.85431303300584,True,0.05602805283088233,0.05099207487782695,0.05480889819077635,0.04159671362407592,52.87459259749658,0.21544346900318823,0.09361836503050298,0.0709904537352756,0.08683010729688226,9,0.045223961783552924,0.050010388475599604,0.06421150245251575,0.04919029770077766,0.03940480987037857,0.05602805283088233,0.09361836503050298,0.08683010729688226,0.045223961783552924,0.050010388475599604,0.0,0.0,0.46206815449746497,0.468340040767261,0.029299427284630305,0.038759499075876135,0.2646947526563699,0.3191085395699285,0.2646943430571857,0.9999933893038648,0.2646947526563698,-0.3102220538879581,0.0676436266959257,2.191561692613677,5.381035794222999,0.05713224628750273,8.130174906548627,0.0436157856605881,6.206721932876003,0.10068194683127016,14.327492630884185,-0.3731060399547686,-0.3744948036860688,0.3278040681185415,-0.6799699353115124,-0.3459287578719332,0.09485610552917202,0.010994502748625687,0.5347326336831584,0.00849575212393803,-0.16612864543379993,-0.31488710858245283,0.14472536667582503,0.5261060011735581,0.5623829723073842,0.6065037420596161,0.5752610281938081,0.5669841486833517,,,0.0900510776077441,4.0,1.6828808824500345,0.2600838839603979
192,140,Trametinib,Dactolisib,MDAMB-436,0,0.031620724819268343,0.031620724819268343,0.032170598033308795,0.03001047383497058,0.02247824668245624,63.92015905833175,0.0001,0.00017782794100389227,0.2790714234295586,False,0.029129873071371496,0.02874709612396339,0.02912658823247355,0.02077154056409286,63.928490044640526,0.001,0.06121550167285223,0.0358117608659006,0.053348887384142854,17,0.027752969623379385,0.03076221467238371,0.047507682767664934,0.04986993596795979,0.03595366636149259,0.0550107806516619,0.11071368628401276,0.10220378757517762,0.05175747073769982,0.05057139244607655,0.375,0.0,0.023584905660376965,0.470691998118434,0.010170535267911784,0.013454353509653131,0.1321401436668116,0.1321402426797635,0.1321401436661571,0.9999933893038648,0.13214014366681168,-0.11568278984110297,0.016426070190464877,3.10905217732564,4.107481730056629,6.19980725434968e-07,0.00013490159783636495,6.199770392553308e-07,0.00013490079576058652,1.2399577646899133e-06,0.0002698023935968676,-0.402515491087089,0.23982989980204703,0.4284142004020536,-0.6834035398878863,-0.34566675272681335,0.09548299504811907,0.013993003498250875,0.0029985007496251873,0.0034982508745627187,-0.28189528509267864,-0.12592826131706866,0.8956667484122969,0.06678971934015623,0.5524985339778883,0.8196700446521171,0.5524947300229703,0.8196743549370018,0.10833183652420242,9.0,0.03635432210708739,4.0,1.412810122972134,0.12816423132241256
192,141,Refametinib,Dactolisib,MDAMB-436,0,0.042018888676507375,0.042018888676507375,0.04388808705524799,0.040176523609842016,0.036077044234572815,32.118398703131014,0.31622776601683794,0.1,19.201236939322424,False,0.040623524405177476,0.04437011176977901,0.03908466823665606,0.035251540230625475,32.462077451052096,1.467799267622069,0.07654275788888454,0.05384969046679312,0.06227911481326173,13,0.04075502695646542,0.039062361110864204,0.05881173173588711,0.058724054792824304,0.045480235381295135,0.05763989242297961,0.11659849279540081,0.10127467250197761,0.05483434649519913,0.05380004130522993,0.390625,0.0,0.06000000000000005,0.71,0.016582450233535224,0.021936519723019573,0.1413649107901191,0.1413650704279607,0.1413649107890638,0.9999933893038648,0.14136491079011912,-0.12804637919286876,0.018057873817329304,2.5339372701104943,3.221031497958969,5.827587808144732e-07,9.294803531915437e-05,5.827547481930108e-07,9.294739212980321e-05,1.1655135290064073e-06,0.00018589542744878586,-0.14827287931413058,-0.3601051934784888,0.34035389777725766,-0.17688494009190078,-0.4623869029300647,0.13601158527605337,0.42328835582208896,0.19640179910044978,0.014492753623188406,-0.13874924955643614,-0.38033393951047983,0.7476307687546049,0.27973929050324775,0.36709313721371073,0.6230157084138825,0.36708923749318384,0.6230186024696286,,,0.14827886150140324,4.0,1.169701649239146,0.13437958854427745
192,142,Indibulin,Dactolisib,MDAMB-436,0,0.06024601128047515,0.06024601128047515,0.04935317061073559,0.05659862390010733,0.039103308178008986,63.92015905833175,0.0001,0.00017782794100389227,50.21605663281417,False,0.0490173131362825,0.045449345598931996,0.0490173131362825,0.03676382597350957,63.928490044640526,0.001,0.09195828807202677,0.06126974762938983,0.08326981749020475,22,0.04716227579212279,0.051034299999508696,0.06412934251553724,0.049758870490911475,0.04699774531563102,0.060446629617584895,0.11955495803198611,0.11318885413658994,0.05371730714976409,0.06029088517135947,0.140625,0.0,0.283868185856897,0.743754246589662,0.06504955309910641,0.08605247019806325,0.1531670397809147,0.1625617302047048,0.1531669942207464,0.9999933893038648,0.15316703978091475,-0.12486778854449292,0.021024406625915933,0.9261556522715412,3.1034893581405876,0.03100584214183563,4.397709251645068,0.024800582291347715,3.5175870950360104,0.05575716010618384,7.90830894780216,-0.39121081357719695,-0.16290727986448483,0.29224177663013173,-0.6776897583027844,-0.3422941118773764,0.09783625847942548,0.01649175412293853,0.16891554222888555,0.01649175412293853,-0.1900475909070025,-0.27133532106779484,0.07302128453582335,0.8236873450660012,0.8518734448437836,0.6156730173180645,0.8446454772057791,0.5245898244227383,,,0.1972025722343678,4.0,1.1325270778792527,0.144997953868032
192,143,GSK269962,Trametinib,MDAMB-436,0,0.03421581199103849,0.03421581199103849,0.028322453722743193,0.02330854992366159,0.020548882954433446,30.59825400668358,0.01,1.0,74.10328518358683,False,0.024619796166530233,0.024167887377822845,0.024619796166530233,0.018008167199898402,63.928490044640526,0.001,0.03963577975373271,0.0329189523210276,0.01749029975855652,7,0.035444108612849946,0.04041604153384507,0.07615748389744509,0.07703629801873205,0.05923234947852486,0.06875029197620755,0.07869532615607837,0.05157714875525839,0.06668933415221068,0.06563860604956197,0.765625,0.0,-0.37648303977421005,0.48276537918779094,2.2103468414818663e-06,2.9240140268790624e-06,0.0219384942969676,0.0219385934119982,0.02193861324672,-4.999993389303865,0.021938494296967686,0.00026291374734559354,-0.00032086385285884985,15479.838434812991,0.7745972334081629,2.930726341473546e-07,7.243399385922916e-05,2.930707112841809e-07,7.243351861642894e-05,5.861433454313873e-07,0.00014486751247562148,-0.15614196647969406,0.41668437827702876,0.2446334549329841,-0.5872085924246881,-0.00822863590859625,0.1265383725084857,0.0004997501249375312,0.004497751124437781,0.09045477261369315,-0.2720387840521192,0.4963516999055074,0.1041393855052593,0.4612961179272161,0.0873453901126015,0.34040046770357846,0.08734270785552117,0.3404227003013365,,,0.10833183652420242,9.0,-0.2554120835472092,0.0
192,144,Navitoclax,Trametinib,MDAMB-436,0,0.06722026286519443,0.06722026286519443,0.05418680902095522,0.057173247071943316,0.03488523765121184,44.76169865082986,0.03162277660168379,0.1,62.230599072622624,False,0.055064233795120564,0.04387599890204736,0.05320074189077044,0.03786185327868757,36.84495823829967,1.0,0.0580654640008757,0.04101971181310397,0.022223743068014345,19,0.033263917207142196,0.0420138886652877,0.06391724874740333,0.056862523122908626,0.04854204411735474,0.06411118467600026,0.07649986690950289,0.052517766517923385,0.04878070008774916,0.05389605686586518,0.5625,0.0,-0.4496289133957001,0.597619296503423,7.972792776171203e-07,1.054701347020063e-06,0.0631328672640989,0.0635834815914771,0.0632631926567621,0.6951337414407622,0.06313286726409897,0.011157989637069043,0.0010495486571128572,84312.06573698985,1.1650966057012888,0.012633025693056627,1.6319687659998237,0.008982309258966717,1.1603592451522922,0.021584152375060953,2.788299760685248,-0.5542730030530261,0.15125381360992057,0.3438485653900303,-0.6121249346190129,-0.18023906183777094,0.12161524948582197,0.27136431784107945,0.04047976011994003,0.015492253873063468,-0.434848801668771,-0.18971819594037426,-0.35020348005758506,-0.21328433151951087,0.6483452131891767,0.02838475819468804,0.6204400113436417,-0.003703100291674693,,,0.11940074636719529,9.0,0.15280400692845883,0.032396738371522175
192,145,Ponatinib,Trametinib,MDAMB-436,1,0.06192440370116201,0.06192440370116201,0.0464101359828277,0.05742673831594245,0.036246399923190085,59.981041922094484,0.005623413251903491,0.01,84.53271717765554,False,0.05501767676716657,0.0423555276928691,0.05275662285350704,0.03894118490122816,45.54439195258803,0.46415888336127775,0.0986834045196766,0.05706820340080554,0.0932126889414105,11,0.04363471573932571,0.0469997141258181,0.07911182944094963,0.06646396839301157,0.05469657306088182,0.07127980519180513,0.1661157993622859,0.16935329691255932,0.07326639825159428,0.07228855251429799,0.5,0.0,0.44642336829836804,0.48022290209790197,0.06952599998064588,0.09197425280093527,0.2366066379616256,0.2525234692954367,0.2366065309511553,0.9999933893038648,0.23660663796162568,-0.2354831072768887,0.05382880040555921,0.8906654160803161,5.0981673065808915,0.01843845151104598,2.7810554277427455,0.017243320880769093,2.600794925704274,0.03567957849730833,5.3815194502677475,-0.6197320511393309,-0.09640181805110057,0.26018896701017497,-0.6490766800364803,-0.32987615842599916,0.10179402663534505,0.3548225887056472,0.10494752623688156,0.030484757621189407,-0.40534776851085386,-0.21702469898853477,0.33394548337606045,0.4744063770528474,0.8457074926346082,0.25315444099175627,0.8441443155419992,0.2624038830080652,,,0.10789704489382004,9.0,1.6288811234971978,0.23201034547097077
192,146,Olaparib,Trametinib,MDAMB-436,0,0.03353044163519083,0.03353044163519083,0.02184212802051929,0.026915513600053193,0.017283398099485144,63.880544524246744,0.0001,0.00031622776601683794,108.48385063966606,False,0.02626437121795091,0.022499331650681416,0.02626437121795091,0.018192723628547583,63.928490044640526,0.001,0.052864109475874985,0.027649642052617836,0.051136303326926986,11,0.015288365883693474,0.024231656731488412,0.061596023253849184,0.05838119300960739,0.05178967303679327,0.06496589954079202,0.11203085504068053,0.11036087304268276,0.0601716863215588,0.059384031856728504,0.640625,0.0,0.01511509324009297,0.22745483682983703,0.027685929577494484,0.03662504223884898,0.1398984132316629,0.1409379855295249,0.1398984064769959,0.9999933893038648,0.1398984132316629,-0.12911062842757312,0.019094487468272362,1.2111004451317853,6.4049809203680725,0.003037299959267641,0.9733987317948157,0.00297001630153629,0.9518355579283777,0.006007312734084951,1.9252331594746737,-0.5306188780968482,-0.06879166718319686,0.17521461984156775,-0.7887550373686668,-0.20288603347776454,0.10269744807732484,0.004497751124437781,0.25987006496751625,0.14392803598200898,-0.20638117223386604,-0.08642935823048255,0.8289290320420822,-0.0645841868671867,0.25096431523699975,0.9708072813279814,0.24476698126744278,0.968909496447267,,,0.08846626266026297,9.0,1.8570759564790105,0.13818280453179535
192,147,ABT-199,Trametinib,MDAMB-436,0,0.029601788642133406,0.029601788642133406,0.027126201882846597,0.029359390420830554,0.022185474863986403,63.92015905833175,0.0001,0.00017782794100389227,0.24206145913796356,True,0.027190285406212593,0.023825424792016447,0.027190285406212593,0.02098861113545517,63.928490044640526,0.001,0.11068275545735363,0.061160835146307525,0.09570524345122518,7,0.03452381913817804,0.03643164985128633,0.06961712704258538,0.06616570610238,0.05866065434996676,0.06567477636312521,0.1757595222351361,0.1559159042053444,0.062350038282793584,0.06292696388429345,0.625,0.0,0.09997814685314699,0.639459498834499,0.03414665125266007,0.04517177366009536,0.2782355631347492,0.2782358202771628,0.2782355631330493,0.9999933893038648,0.2782355631347492,-0.26023477365347075,0.07667919776432204,0.8669016596415846,10.257077800143225,6.049931195865764e-07,0.00015612033912436633,6.049894113586093e-07,0.0001561193822047105,1.2099825309444256e-06,0.00031223972132888065,-0.11399835387098278,-0.07126175708124982,0.4105175153535463,-0.6867214017721573,-0.3453962273186013,0.09287588165727413,0.0004997501249375312,0.07646176911544228,0.0009995002498750624,-0.2318172139784153,-0.04615052669941436,0.9836633177324867,0.18899320139613607,0.44253310188503536,0.9574630658379606,0.44253349034581024,0.9574628092493749,,,0.3119229238380707,9.0,2.3279679843743297,0.27691008967591274
192,148,SCH772984,Trametinib,MDAMB-436,1,0.055232960584906315,0.055232960584906315,0.03791387946406583,0.05260266592869861,0.03051345564559869,53.573066840027764,0.03162277660168379,0.01778279410038923,70.55593276569661,False,0.04775580034222978,0.03618134234941395,0.04577223478938064,0.034433791236632705,36.84495823829967,1.0,0.09384674461662706,0.04952979156720228,0.08298249189092302,7,0.03297866008180301,0.03792163903519449,0.08017544033245844,0.06733935645178618,0.057765470151382746,0.06944430391508614,0.17905864295907395,0.16994969691318265,0.062129144100410795,0.06078905192601312,0.578125,0.0,0.275021853146853,0.5876675407925409,0.039295820029801226,0.051983483681602397,0.2207368623214104,0.2207370986352617,0.2207368623198481,0.9999933893038648,0.2207368623214104,-0.2083653403866422,0.04728730013148558,1.405568341442389,5.8220595054278546,6.038947636345086e-07,0.0001114964600087441,6.038913207860496e-07,0.00011149582435922593,1.2077860844199907e-06,0.00022299228436786523,-0.17621359771847608,-0.3715571814143515,0.3268829959208862,-0.31000579540960455,-0.5943299325204386,0.11111408043647258,0.22288855572213892,0.051974012993503245,0.008995502248875561,-0.23362719010211527,-0.3962524346327562,0.08199738364521719,0.8293008190296167,0.8654040881359618,0.41384269850764166,0.8654036403994452,0.41384313351133917,,,0.10833183652420242,9.0,1.76165406605922,0.21745643272040857
192,149,Entinostat,Trametinib,MDAMB-436,0,0.031034507942864456,0.031034507942864456,0.029376744312248782,0.028226924692483234,0.023586622835531756,20.758925959961985,0.0017782794100389228,10.0,49.53872183390988,False,0.03324704510833663,0.02480432874462112,0.03324704510833663,0.020170515126593316,63.928490044640526,0.001,0.03968061871183182,0.03057745044844319,0.017388781509614832,7,0.024398110195907406,0.03434065719800875,0.07464364598857323,0.07012518292617512,0.05787154031563346,0.0650626716805444,0.07794165099810563,0.05479977211900188,0.06566597083379613,0.06229029161153641,0.828125,0.0,-0.41174970862471016,0.36527534965035,2.540585233660236e-06,3.3608783564139545e-06,0.0363725302794086,0.0363725327829338,0.036372530279392,0.9999933893038648,0.03637253027940864,-0.003631408467026788,0.0004599678525392543,12215.495678589323,1.2381402749331514,2.646736647407439e-07,6.306742617536104e-05,2.6467215784470534e-07,6.306706710656302e-05,5.293458225854449e-07,0.000126134493281923,-0.26946389781470775,0.1346903485011951,0.15482033379337745,-0.40884201126876757,0.0006979813494342575,0.12641982207216607,0.10994502748625687,0.20439780109945027,0.29735132433783107,-0.23627990995038592,0.18743452904401542,-0.27691096076654637,-7.98177154289328e-34,0.5328793540314211,-0.02707570451472832,0.5328794959185206,-0.02707934591198914,,,0.10833183652420242,9.0,0.2136104755440171,0.02144686113488998
192,150,Iniparib,Trametinib,MDAMB-436,0,0.045482404032133016,0.045482404032133016,0.048383065135053374,0.04307821925942147,0.027051598645903858,63.94248720211324,0.0001,0.0001,86.07400522225046,False,0.04575470430386998,0.04953438540625568,0.04318259783626551,0.03123243069318143,49.46168975333602,0.31622776601683794,0.04212329834486608,0.03527560666518754,0.018073442053965362,14,0.03341641420928347,0.039743369065544466,0.07089938028059244,0.06394570465406048,0.06070513223816397,0.06999500998867755,0.07816474827521425,0.04956547471993489,0.060560776890009646,0.0630601447888019,0.625,0.0,-0.42478875291374996,0.48779865967366,7.642091108526232e-07,1.0109536284829164e-06,0.0452896162646571,0.0453907503385665,0.0454441190526535,0.4703372557295385,0.045289616264657113,0.005227742066941206,-0.0002897716504629243,59515.65270059211,0.9360633961126394,0.007295005240323447,1.0554320306025355,0.006162358083242674,0.8915620881457231,0.013452861661360966,1.9463428240163496,-0.08042165333221264,-0.3626145131601793,0.32501798111228386,-0.5273949626327742,-0.5276073861717319,0.09035557637560472,0.004997501249375313,0.1374312843578211,0.0014992503748125937,-0.30853736594639936,-0.2640864513307256,-0.1529070358347692,-0.03972934031915862,0.36503740291081455,0.3310111406712518,0.3282563017360176,0.31215811394801785,,,0.10753976768733314,9.0,-0.06607207390860609,0.0
192,151,Danusertib,Dactolisib,MDAMB231,0,0.029367074793293733,0.029367074793293733,0.028428757748809975,0.027720909230652603,0.020985524603667614,63.94248720211324,0.0001,0.0001,145.04742960817163,True,0.02606687159020952,0.02539195276768285,0.02604656933544843,0.01997935058766919,63.928490044640526,0.001,0.0430129156576111,0.029824370393324157,0.026158888175743533,23,0.024269674631432266,0.028397505102788302,0.033607922178581356,0.0340230917755217,0.026501887830677324,0.031242217940638847,0.0484426226939302,0.03538144487409003,0.03086938006278656,0.03251663505752935,0.171875,0.0,0.06440160099753,0.583707327752369,0.01656562492741454,0.02191426193515564,0.0462269279183006,0.0520676062652859,0.0462269093605942,0.9999933893038648,0.04622692791830061,-0.039938551377976514,0.0013287345976232367,1.7727719251142773,1.626062184171085,0.01771791287857847,4.362673573214467,0.014572460481254566,3.588170270051704,0.03227354655220344,7.946700586130285,-0.19294492956197848,-0.31900411959705327,0.17869393886243645,-0.5216844977940239,-0.5255556294679871,0.09465090737605097,0.02848575712143928,0.09895052473763119,0.09295352323838081,-0.11682952095555597,-0.32972696529578754,0.35002001912023223,0.034791358150432744,0.4682769744113766,0.2697975797691077,0.5114655971799782,0.2707295540524147,,,0.016237970305918836,15.0,0.48616125404200294,0.036451811993688826
192,152,Dasatinib,Dactolisib,MDAMB231,1,0.03240065698634572,0.03240065698634572,0.03291327933120187,0.031478644961875316,0.026983001613268363,48.46801339708395,0.056234132519034905,0.03162277660168379,16.529913402960556,False,0.02958724277356,0.031161059148645868,0.029140180151455083,0.02551401492917842,41.273227752910074,0.6812920690579608,0.039433278164851385,0.03457860732643768,0.020831821679608276,43,0.0314574855341627,0.03136588271611123,0.03478996573743431,0.033249108334297554,0.027379085994437394,0.03203606096815346,0.040976980127256785,0.02306080485128917,0.031518450617757016,0.031547313466379304,0.0625,0.0,-0.005273202328200055,0.708436647804339,0.018637692940218775,0.024655350265901547,0.0379150811949436,0.037993308470431,0.05025932869889,0.0797039466278762,0.03791508119494366,-0.011730853775079512,0.0003542694256854456,1.738447837415943,1.1519691129349123,0.034786908536423806,7.3984836729447405,0.025996101515565584,5.528853833669759,0.06067926635241297,12.90527328476267,-0.2675141037743881,-0.38125615030373877,0.15564171393859502,-0.29068436354514854,-0.5536862087620466,0.116976875580215,0.4197901049475262,0.095952023988006,0.23738130934532733,-0.22644893207868752,-0.38192283869909593,-0.0693401675638664,-0.17726865529389393,0.280241217852474,0.4098377434734287,0.26025225570617394,0.40631561604706334,,,0.01966174089996693,15.0,0.1414727502258156,0.018822046267222
192,153,SNS-032,Dactolisib,MDAMB231,0,0.02465575182274091,0.02465575182274091,0.021591156244080895,0.023760260465433693,0.019112154692649756,59.53699016891515,0.0005623413251903491,0.01778279410038923,50.0527846378201,False,0.04071726513456564,0.034093842414191666,0.04071726513456564,0.030674516724369594,63.928490044640526,0.001,0.053043871286299636,0.026326888033320492,0.02357820069332744,36,0.04430895514775111,0.05416231781854311,0.024574477857921696,0.02002478943553691,0.018217749433476944,0.04068059279793172,0.05581493506856926,0.02932003680008797,0.04434641500689598,0.05404729419471763,0.109375,0.0,0.017485329741717903,0.925827745230084,0.036181454331488644,0.04786356511687985,0.045228641299008,0.0458392519518674,0.0581476644797672,-0.3802912306984322,0.04522864129900807,-0.01585428079174439,0.0015794519657980188,0.6814472297561311,2.094776249484425,0.029761339964958996,9.64882924284453,0.017469624700959956,5.6637713851125575,0.04676664051054714,15.162063572374723,-0.7249370333869944,0.5325761643881434,0.2505367553085413,-0.8556635770225676,-0.012193816766870787,0.12463926829564724,0.02148925537231384,0.004997501249375313,0.1054472763618191,-0.6820781332615906,0.44858700876066915,0.8748398602774953,-0.23989854983000714,0.562090145589984,0.0942311611148245,0.6047227557491094,0.16845064058907572,,,0.07116542827812355,15.0,0.739446745514939,0.039742319582505736
192,154,Indibulin,Dactolisib,MDAMB231,0,0.04505359163495658,0.04505359163495658,0.04084537935867973,0.04213103391855582,0.0344362349659517,63.94248720211324,0.0001,0.0001,25.80954413311818,True,0.039596747351857024,0.036715740297885054,0.039463937177387304,0.03072417794291495,63.928490044640526,0.001,0.04286069974664641,0.03910858462313187,0.02740047796986116,37,0.04231857735776291,0.04268160816767279,0.05001551439890773,0.04426255940074914,0.03766572341778373,0.043219176274323444,0.05203204748530167,0.045198746096459276,0.046460994906054175,0.0468635513792163,0.171875,0.0,0.09989577334748401,0.729596086027442,0.022760997889504104,0.030109970003646933,0.0639516062074165,0.0959041475766714,0.1103708150406301,-4.999993389303865,0.06395160620741651,0.05804016979178571,0.002421462921554012,1.9794207553497631,1.5656998958396657,0.020747040793921482,3.555586649890884,0.016535838666420437,2.8338791922701474,0.037231423874112955,6.380647485978322,-0.1982898591172154,-0.21639562078117378,0.37073286991252996,-0.5168683879238957,-0.5256186803472362,0.09246355024333432,0.03548225887056472,0.031484257871064465,0.0009995002498750624,-0.211757804139835,-0.2953612180185638,-0.2016892543329072,0.14485369877519727,0.5540605954261906,0.44603568073077665,0.7002159634814206,0.6987577464350806,,,0.05285188976809664,15.0,0.44833294180897004,0.0492083623132696
192,155,Dinaciclib,Dactolisib,MDAMB231,0,0.04182456607955023,0.04182456607955023,0.039734111020946365,0.03998630143949779,0.027060109956976823,58.90532304581338,0.0031622776601683794,0.01778279410038923,47.84258653059531,False,0.040161740029655134,0.04049486522488301,0.040117603044067716,0.032320445545577024,63.928490044640526,0.001,0.05771749162373261,0.041009552985914556,0.017594656716242385,32,0.05225903584813697,0.05949418060196854,0.04654652385059877,0.043156858841132274,0.0339707988143539,0.043777791058685796,0.06264247098992658,0.025371569256913206,0.0534649621172309,0.060768597358908986,0.234375,0.0,-0.06735230988154006,0.889020031505956,0.011721729943952075,0.015506391183578137,0.045774135211684,0.0501477189205684,0.0606643449752219,-2.007063743699136,0.045774135211684094,0.013139114845833211,0.0005164718757526374,3.5681223061387763,1.152011056383105,0.02316645070466539,4.081257910795341,0.014147148310251233,2.4923179511818856,0.037103302274869354,6.536527664785781,-0.4955237753767427,-0.19867190976257645,0.32114067786023615,-0.8068888414394596,-0.11988953569500219,0.10923939988643255,0.0009995002498750624,0.6356821589205397,0.02798600699650175,-0.468243916264905,-0.013279687030388157,-0.29854960860835245,0.02115633547107786,0.621939179278388,0.5405211228472636,0.635649022129721,0.5357597973606839,,,0.056770136009038324,15.0,0.14150915978242187,0.022726017595536562
192,156,TAK-901,Dactolisib,MDAMB231,0,0.03654748098485153,0.03654748098485153,0.034296178896265316,0.03341301301515656,0.028146910237631485,56.40303345955448,0.0031622776601683794,0.03162277660168379,49.94361811317213,False,0.03394541566247518,0.031187177369431603,0.033934405679509706,0.025258676652002727,63.928490044640526,0.001,0.04396789319699706,0.030769542891872736,0.009455168103031927,41,0.03228194909090076,0.034794014940341914,0.04053967205073303,0.033955740380962635,0.029251395214334095,0.03753773826805606,0.047070147762370305,0.01694777297684947,0.03273068678510826,0.03549509416330303,0.21875,0.0,-0.10915719187698003,0.900841903873519,0.027601609498301313,0.036513497258811776,0.0384591759846882,0.0477947694532181,0.0683207773439367,-1.6427234620057254,0.03845917598468828,0.020477349082971413,0.00030288033053658286,1.3241068781550862,1.1213836999455415,0.028569353298090423,5.831129867018812,0.018943753847057102,3.866502951553005,0.047261809830387934,9.646341938365081,-0.7333454430170602,0.31701962380038823,0.2573397781075514,-0.8185005216457928,-0.0627400068589438,0.11848086954873628,0.11344327836081959,0.03698150924537731,0.08545727136431784,-0.5770410439621821,0.08214454744351221,-0.15174816087888207,-0.3185769555831517,0.352973211479071,0.3346265220306238,0.5113629252063409,0.4093118331980494,,,0.03128101441371491,15.0,0.11456336915105564,0.01740345743053899
192,157,Trametinib,Dactolisib,MDAMB231,0,0.035309851888682756,0.035309851888682756,0.036431027336260344,0.03333398108227808,0.029534572265114023,48.46801339708395,0.03162277660168379,0.056234132519034905,21.205099622496473,False,0.03164566376860308,0.03256021283187179,0.031034761771113462,0.027476778889868624,36.84495823829967,1.0,0.05194473951092582,0.04078658470132946,0.029420351866444,33,0.03580387312459718,0.03419235077596514,0.039203761706428565,0.04093365002557118,0.031116510797133786,0.03754416924955478,0.057359997559270876,0.038889019816658085,0.04004148831210288,0.0387234626102595,0.109375,0.0,0.07816518066635392,0.795800093852651,0.005538941534573748,0.007327330913504304,0.0482767199089633,0.0483056129772375,0.0589089880496793,0.0570620264483225,0.04827671990896332,-0.029299493302449922,0.0010034219323931451,6.374837442908674,1.3251539536166954,0.034210855449350076,6.573407495074852,0.02385697208631526,4.583971872733613,0.057905690178827254,11.126225662276342,-0.41806200697514007,-0.3908805286583162,0.2562838417618543,-0.5558169243838599,-0.2924439797067558,0.11542145309192185,0.14192903548225888,0.6901549225387307,0.04097951024487756,-0.3109001237903768,-0.3891588964030043,0.3609650509807975,-0.1411738786071085,0.5100761357718273,0.3412985894345614,0.48989592725825626,0.32283267328965726,,,0.037449832680438784,15.0,0.2815286440973134,0.031676835896174114
192,158,Teniposide,Dactolisib,MDAMB231,0,0.03516264554942382,0.03516264554942382,0.03194494999102127,0.03235398745559474,0.02345109112383008,57.38488077854324,0.01778279410038923,0.01,100.26028138519011,False,0.030151166629944864,0.029571011396538633,0.029378707890677803,0.022061609287787595,63.670352598175555,0.004641588833612777,0.040443833960886355,0.030594674339919855,0.02005763884786959,24,0.027422826422435712,0.030074516702943532,0.036695841901107196,0.033783573631149776,0.027140644729073207,0.03279200253542083,0.04972967450686521,0.03634752232127042,0.029399185960781674,0.031543472958798655,0.234375,0.0,0.01912247770999498,0.623824495541999,0.012966808271198374,0.01715347499192314,0.0387786341778018,0.0424298461192597,0.038813224490047,0.9230330851207176,0.03877863417780187,-0.027086905324095727,0.00048330263876692793,2.7117425363284204,1.213920641250065,0.01836861214285654,4.025058265426481,0.014562902665581334,3.191124690685745,0.03288600641424226,7.206210839722661,-0.12737272504638608,-0.4220426261555626,0.3031415350201877,-0.31309084834440976,-0.6319123876215399,0.10443352810945232,0.16241879060469766,0.05647176411794103,0.01699150424787606,-0.04505916387020077,-0.3619232595885999,0.34426629924355506,-0.12525462785619118,0.22833540401620614,0.40990028568460446,0.16378274886511535,0.29065610925076474,,,0.017549692492267212,15.0,0.1938553208548726,0.021984145167982493
192,159,Floxuridine,Dactolisib,MDAMB231,0,0.031059866540696333,0.031059866540696333,0.02981555406539742,0.029263881196783463,0.021573571708257466,63.92015905833175,0.00017782794100389227,0.0001,34.21724811201764,False,0.02872995332116945,0.02959803452905761,0.028362909275823283,0.02200696718889811,63.928490044640526,0.001,0.05185575134155119,0.03584914394558268,0.031503365533828084,20,0.03127312055958831,0.03002753728618565,0.03512212374791473,0.03352933117747724,0.025461641766888973,0.033188696208115584,0.059597370662227964,0.04155974766521014,0.034886825653000546,0.03305096568393245,0.1875,0.0,0.04671515720319108,0.5950211168465509,0.00809994802378991,0.010715224051748597,0.0785428853688418,0.0926402298970265,0.0785427898269583,0.9999933893038648,0.07854288536884181,-0.07591623103323918,0.005280017577836386,3.834576030546383,2.634292329317975,0.021844363792066814,5.1285495553453,0.016572209182467594,3.8907700330782657,0.03833411426972998,8.999960198610955,-0.3554305136248617,-0.20192828505486854,0.23031141312092882,-0.3513618922162183,-0.6810953843570297,0.09457849610920274,0.4847576211894053,0.0004997501249375312,0.04897551224387806,-0.17401928614414489,-0.25150972357444007,0.6787678665625592,0.2517950964931965,0.2723799491081244,0.5729542364030891,0.42899077794816026,0.5058370373432713,,,0.07742832514012593,15.0,0.9686145801993647,0.07266372945174494
192,160,Refametinib,Dactolisib,MDAMB231,0,0.03534964119939455,0.03534964119939455,0.03172318828728317,0.03325988440751337,0.02817804077057619,32.118398703131014,0.31622776601683794,0.1,65.78909357928846,False,0.03126184817758633,0.030238355970413293,0.03090357304548241,0.027408779717415243,32.462077451052096,1.467799267622069,0.04223018762876011,0.03382135840082046,0.0206755179627309,43,0.02747233521793519,0.030453168150846453,0.03876735467220491,0.034919184832720176,0.0303116010481678,0.033118599204605664,0.04476189763867044,0.026305404854919577,0.029594112917013787,0.03201639608651375,0.09375,0.0,-0.03226184889722994,0.845579540122008,0.021151133525671183,0.027980319628023376,0.0381079996640496,0.0481151477741459,0.0727813969478207,-1.282483644593267,0.03810799966404968,0.013842810694604394,0.0004458589632847841,1.6712882624702172,1.2012663834084387,0.03284432630715147,7.247388946785785,0.023740880555554445,5.23863372066861,0.056432539042253274,12.452335172569244,0.07372424395833088,-0.3211621264936472,0.2438489040623435,-0.18262605176197405,-0.460454154198178,0.13421406249041762,0.06696651674162919,0.12093953023488256,0.07246376811594203,0.010505603615667044,-0.35286821598628076,-0.21905013706050253,0.35694220364807894,0.289954191513013,0.5307186033985665,0.5312226006524243,0.6707325153769217,,,0.05252349537405036,15.0,0.18337631984281563,0.021115372676909685
192,161,Navitoclax,Dactolisib,MDAMB231,0,0.04879732908629425,0.04879732908629425,0.04803794524926074,0.04643248891957766,0.036776843659845876,63.00247802247354,0.0017782794100389228,0.0017782794100389228,95.00270863737255,False,0.0426661536305793,0.04397188437375345,0.041676051214575675,0.033619472945346854,57.95159207147972,0.1,0.05744027655885607,0.051154244090625745,0.0246316838658577,26,0.04238965720953005,0.046735569085150544,0.05757186831007415,0.054092533241185264,0.04375251746267322,0.0492188138164036,0.061064891221760315,0.028821033926235532,0.046401699102487766,0.05337826200957498,0.25,0.0,-0.07531206006570001,0.900736743312999,0.019879310893007124,0.026297856429117097,0.0514119492435363,0.0566809036668332,0.0706699240329765,-1.4356082668761416,0.05141194924353637,0.009912493270330886,0.00033554434124898015,2.4546791057762225,1.0702362263158514,0.02351733422322369,3.426902185519669,0.01656419475162423,2.413703639065494,0.039916581179935524,5.816569938820367,-0.41996641764086046,-0.18320940343637096,0.29851139569229984,-0.5215880764447347,-0.5202481282857738,0.09053577857279643,0.2288855572213893,0.020989505247376312,0.006496751624187906,-0.3601912931407101,-0.2005621743742608,-0.1775431243653427,-0.011722017411024748,0.31088626443316303,0.43163539939853235,0.35492431316723905,0.5080875273722472,0.02775663300294962,2.0,0.03506589370247379,15.0,0.06787939636501115,0.018317869451685155
192,162,BIIB021,Dactolisib,MDAMB231,0,0.040778937362004455,0.040778937362004455,0.04286516085360791,0.0383919989047958,0.0303597538248134,51.70359815786696,0.01,0.056234132519034905,21.156682741142927,False,0.04446478394459457,0.04725835892960326,0.04281110785559209,0.03605546967669055,55.70536609437829,0.1467799267622069,0.05293636464458667,0.04259561168515284,0.02676470871331959,27,0.04295808475369122,0.04569746437815695,0.044306549513040784,0.045072944473701325,0.033101525865952296,0.04734024757640058,0.05790962726833207,0.0324063202538269,0.04553038841705337,0.04793652029827879,0.234375,0.0,-0.03642890661660991,0.6877381511027689,0.021191541538203327,0.028033774404090592,0.0440242399512944,0.0538818234273884,0.0440242207517295,0.9999933893038648,0.04402423995129443,-0.023892789128652434,0.00010071168828346545,1.924302547244602,1.027040120102312,0.027917687361952853,4.559036001312973,0.01902884867411637,3.1074639186289943,0.04677162349488753,7.637936215434865,-0.500716311905444,-0.13805575815920043,0.34532115795447504,-0.7506378817068396,-0.10805975252984343,0.11523229951609223,0.006496751624187906,0.5572213893053474,0.017491254372813594,-0.5635854648088089,-0.05339068162580326,0.47285589985602544,-0.625893885728175,0.5584723431707397,-0.21117965581570977,0.5751129025795808,0.034892410883196966,,,0.024318019369694528,15.0,0.026680995521571885,0.010035521325943434
192,163,GSK269962,Trametinib,MDAMB231,0,0.03704883951835063,0.03704883951835063,0.037154929043441115,0.03427618933041562,0.02597382808605555,53.573066840027764,0.01778279410038923,0.03162277660168379,83.55750820682947,False,0.03407086154827452,0.032537229952630864,0.033056425711397865,0.025830945514842624,49.46168975333602,0.31622776601683794,0.0783303221616294,0.046960803072288414,0.06808102792635737,11,0.027281181677443558,0.03032917219278506,0.04505333301681939,0.04310535215430729,0.026978293216829777,0.040622750574333635,0.08954344083725221,0.07743576281821746,0.03422284378628013,0.038358411876841546,0.265625,0.0,0.054952986712267116,0.5311314676574741,0.016581281281756233,0.021934973345168654,0.2067265623037834,0.2217458718007689,0.2067264580378382,0.9999933893038648,0.20672656230378347,-0.1892603171636557,0.041355382809716894,2.2343773613631472,5.563906798532197,0.01741976642711797,3.2818893247584153,0.015211262419537859,2.865806493998984,0.03261612553122551,6.144888029570391,-0.37455871493991355,-0.12587362317373288,0.3701661347947537,-0.5931974152756465,-0.2999537061090662,0.1088624215146529,0.05897051474262868,0.1724137931034483,0.0034982508745627187,-0.4249950563584233,-0.058628259401580674,0.6733078771599693,0.2524582970533789,0.6801864402520675,0.9306048954580229,0.6987374555538092,0.9293259678454475,,,0.02678764982249751,15.0,1.7163005231179163,0.20336022917403712
192,164,GDC-0068,Trametinib,MDAMB231,0,0.023425337889684046,0.023425337889684046,0.022492363785346067,0.021786663156031064,0.01787262386954564,30.59825400668358,1.0,0.01,21.524853912105886,False,0.02931073848125552,0.03189462197518031,0.02732665613769448,0.020700421188800156,63.928490044640526,0.001,0.044117734796808944,0.03414943463329142,0.024678793559080682,8,0.023218496650503365,0.027676459681228116,0.039581712471099914,0.03808420864030557,0.0340172072478717,0.037652271238514265,0.06320693858231069,0.047255728589980124,0.032092758646269474,0.0350045968654649,0.484375,0.0,0.035740755991106044,0.559557430812233,0.004100757455358619,0.00542479220693648,0.0594183439542596,0.0596401547538405,0.0594183425009044,0.9999933893038648,0.05941834395425962,-0.04621239118072044,0.003024633169614351,5.712441700026235,2.641711850355678,0.0006135723836644353,0.1909539933926053,0.0006082617075151359,0.1893012221054311,0.0012218326986993078,0.3802547821348765,0.369030900025282,-0.5663137236489127,0.36795725242442695,-0.010267274274988235,-0.5842829961291828,0.125666960808698,0.011494252873563218,0.39980009995002497,0.006496751624187906,0.21763864731441246,-0.4865147464860142,0.606939800381548,0.09561412371598686,0.04357309245305758,0.7343549897982196,0.0500417965889811,0.7309088436864615,0.036357933542072826,2.0,0.014226762899926292,15.0,0.9714271351845467,0.054996665077205825
192,165,Nintedanib,Trametinib,MDAMB231,1,0.034376943685809874,0.034376943685809874,0.03571105694126394,0.030795400494193888,0.027266073233933003,45.75230375168021,0.056234132519034905,0.056234132519034905,125.06988280932184,False,0.031812217973845626,0.033613766704560205,0.029512246914345782,0.02383641009389279,62.516734477067665,0.021544346900318832,0.0530658701554992,0.03360520891129621,0.03507740742397897,14,0.030987464981931567,0.02961062918419713,0.04570869553891814,0.04307364744704297,0.03247083154757965,0.04142870544301245,0.06373487889243859,0.04845128512377151,0.037935763843998584,0.03968929941182671,0.34375,0.0,0.03565355978510998,0.637336446560836,0.009719473262197697,0.012857654563158396,0.0846929866884999,0.0851771403212767,0.0846929835788117,0.9999933893038648,0.0846929866884999,-0.07402894220707514,0.005897622406356225,3.536914270808623,2.371618034935213,0.0018875702982515546,0.3699972282952325,0.0018396309588665071,0.36060026823753183,0.0037271512294460444,0.7305876902225031,-0.10126989813083422,-0.2949141516058647,0.36347170282514324,-0.40323324404240796,-0.4064399912218576,0.12041351569999378,0.03498250874562719,0.2353823088455772,0.0024987506246876563,-0.12414748117908851,-0.24203075961408552,0.7530118990154385,-0.1692250317314955,0.2026230572882818,0.6230198196618667,0.19329854580066116,0.6273272493755965,,,0.055341913206762336,15.0,0.8635724373655973,0.07679597910279043
192,166,Everolimus,Trametinib,MDAMB231,0,0.03810651323904346,0.03810651323904346,0.039188645156576905,0.034461084966536285,0.030419325158413394,57.38488077854324,0.01778279410038923,0.01,46.554812704354205,False,0.036394903166837425,0.03726333369570821,0.03426358041710303,0.030048591861324764,41.273227752910074,0.6812920690579608,0.04281439970494217,0.03840864285920879,0.033149758450557266,36,0.036373998203513835,0.03477029901027362,0.045744740524205366,0.04213927543596601,0.03426680647284678,0.0414543016624816,0.04792446388104513,0.03787956167187295,0.0380664521355104,0.03734192967325532,0.125,0.0,0.021760297629715986,0.68488744423076,0.026261241804072688,0.03474035746665478,0.0402751830540658,0.0490462212481572,0.0616816588120574,-1.7973198486773032,0.04027518305406587,0.002889509338417003,8.634046083041058e-05,1.451055267048863,1.0277258346938933,0.01863905102951542,3.329366368378036,0.01622939919666383,2.8989467209886617,0.034856366579811254,6.226154670155264,-0.4520176126030884,-0.3575091023699301,0.17603653876850114,-0.3166203180024445,-0.6342865405140125,0.1038142583163345,0.7646176911544228,0.022988505747126436,0.13243378310844578,-0.32820084181196796,-0.3371773713147713,-0.12842354670974562,0.15293317073069676,0.05408846494042063,0.34540980556107986,0.39778572593790684,0.6085144447211466,0.02329818436741496,2.0,0.03605208536402886,15.0,0.02734843369421277,0.009291956781561706
192,167,Olaparib,Trametinib,MDAMB231,0,0.03130283322310311,0.03130283322310311,0.0296402882144694,0.0278793091398799,0.025256167353675186,14.134992086877636,100.0,0.056234132519034905,96.65590016708434,False,0.03268343374408391,0.03067104559641761,0.03141305128784805,0.023706154961703117,57.95159207147972,0.1,0.040528961248070365,0.03594944135772702,0.020698426473755957,12,0.028299875746114363,0.029682931522590206,0.05169089131782494,0.045791961598559056,0.03861123044173788,0.05384238369317541,0.06274375945825583,0.04556365040074363,0.04443278883499567,0.046805229193632614,0.546875,0.0,-0.05264713148703004,0.56144668194215,0.0189212292064499,0.025030433489959224,0.0444151407556097,0.0444151622694616,0.0444151407554675,0.9999933893038648,0.04441514075560975,0.0015115249348956318,0.0010941580429038081,1.6543763030169596,1.498471959322167,3.9437698825556355e-07,9.313805917856403e-05,3.9437451630664766e-07,9.313747539063705e-05,7.887515045616757e-07,0.0001862755345690746,-0.013068559705113203,-0.13175041109901034,0.19050645925217705,-0.012522815360670854,-0.28157467530368924,0.1314100020396915,0.5057471264367817,0.12043978010994502,0.1729135432283858,-0.0836581228432809,-0.21544729344282373,0.19060595372583938,-0.2750876723366544,-0.020508274135266718,0.7051446348926541,-0.020508220156011638,0.7051443799787125,,,0.06583730682497979,15.0,0.4044458951017801,0.0330780598418923
192,168,SCH772984,Trametinib,MDAMB231,1,0.038411462482699776,0.038411462482699776,0.034468220703980895,0.03710107051749887,0.03429358628590866,32.118398703131014,0.31622776601683794,0.1,8.046966018902715,False,0.0380733650102314,0.03592259236292111,0.03720283033301082,0.03315526281172865,32.462077451052096,1.467799267622069,0.04362788518852671,0.034151214270087306,0.0194459130455861,36,0.03699860581904678,0.036374124630730545,0.054952553140855585,0.046160028984365976,0.04785354732498404,0.053586377897207264,0.061234136957070556,0.045920266049452596,0.04513739900196136,0.04756582914151255,0.203125,0.0,-0.09546046863116997,0.645329432110487,0.02957813430282546,0.03912819380527251,0.0681665578235568,0.0687210270511688,0.0733974913916999,-0.6117476872953277,0.06816655782355688,0.024761372031801315,0.003458621367013975,1.2986438593265333,1.9776639591867278,0.02191039436665734,4.449686042218235,0.01628736840203246,3.3077303233427275,0.03811930313389616,7.741482341920106,-0.06807328010884042,-0.3214487151625089,0.16906742454673002,-0.1848437173693129,-0.4594418692522314,0.1346200791325815,0.2383808095952024,0.1409295352323838,0.2688655672163918,-0.08044334435424129,-0.3302336204969376,0.01742509129143897,-0.2688547588561121,0.5495231151679052,0.5413464206769865,0.5659739603160702,0.5810395881919277,,,0.01777288127379707,15.0,0.6819163295800168,0.05881004477990112
192,169,ABT-199,Trametinib,MDAMB231,0,0.03163018365634459,0.03163018365634459,0.025572922081061322,0.02656212069026186,0.023418595850383625,26.234069290228287,0.5623413251903491,0.1778279410038923,164.9148387887954,False,0.0261461610983853,0.02436396964049394,0.025692406078198126,0.02250540423111388,32.462077451052096,1.467799267622069,0.04738131837168609,0.03459662136216051,0.028674192090790886,8,0.022264483217159813,0.024972251838125403,0.04503502400226259,0.0373558587087478,0.028146523407494108,0.03946077064710774,0.0555721288776382,0.04009989752728005,0.029583739988399253,0.03512732351616561,0.3125,0.0,0.05808600442177192,0.584363006422097,0.0348571561995856,0.04611168335751841,0.0690287064805274,0.0722115724775872,0.0690286855221973,0.9999933893038648,0.06902870648052747,-0.06486717397252817,0.004110987974610772,0.9074229542776249,2.69928896907907,0.003969195910923016,1.0864762066841602,0.0038860893518361758,1.0637276951232266,0.007855231189205494,2.1501891004141527,0.10939522144492757,-0.34433127120289636,0.4204564616354937,-0.18307263492033835,-0.38941029298302415,0.1400621742415159,0.034482758620689655,0.3468265867066467,0.0004997501249375312,-0.20748667510455077,-0.25925231027988355,0.686405632163008,0.03831822792296145,0.15168831852777034,0.5192031626131942,0.18150267638927886,0.5462608558802741,,,0.048955987783531676,15.0,0.9929883935434268,0.06411698663077338
192,170,Tosedostat,Trametinib,MDAMB231,0,0.04072482830357409,0.04072482830357409,0.04290494134432439,0.03812755256792956,0.03506092372545836,32.118398703131014,0.1,0.31622776601683794,10.427846864735548,False,0.03840487744350533,0.04087392356032663,0.037748307139908996,0.034576324932024845,28.29572796775568,2.154434690031882,0.04786431997368775,0.040610069787571236,0.027142115317444704,27,0.038774436385398243,0.03793554556440415,0.04173550577967987,0.04345237619006772,0.0369347449170763,0.040442509033081,0.050102785300126185,0.030640936241750228,0.04211616492129621,0.040411470785320654,0.09375,0.0,0.0012920762229259308,0.636275757778777,0.01966787589877055,0.026018154222513922,0.0600636917534751,0.0807333667644228,0.0600635689310544,0.9999933893038648,0.060063691753475174,-0.06373008010369353,0.0017668130752965558,2.070626666203432,1.3999248075285045,0.030231696035361827,4.932342653709905,0.023000146739144647,3.752505472083818,0.053133914968688176,8.668871070022297,-0.1736785939611725,-0.2024095413813997,0.23635544003745743,-0.4636403607393981,-0.18301469835896733,0.13385566369137167,0.01899050474762619,0.5347326336831584,0.09295352323838081,-0.22013634891443914,-0.2183006347289562,0.28246069708274385,-0.24612032497139408,0.23317241709895833,0.0420675324337389,0.43318294974480664,0.34655227975470765,,,0.03313932938786016,15.0,0.3364185262706268,0.042033475650920846
192,171,Navitoclax,Trametinib,MDAMB231,0,0.04233895171989313,0.04233895171989313,0.03885758156758076,0.039382355010294016,0.029016933779521994,63.92015905833175,0.00017782794100389227,0.0001,113.52264366636288,False,0.04130220268900182,0.03945312692964397,0.04017260954642401,0.030703969722096554,45.54439195258803,0.46415888336127775,0.052262868918816756,0.03523947935233705,0.02580292895182744,30,0.03662784440720409,0.03726538115575006,0.04743615983211088,0.04294395049565711,0.035067195100964434,0.04384669138763139,0.05517137923567843,0.03258539097628121,0.037615556379562605,0.039095067108979954,0.09375,0.0,0.052085028186403926,0.739354727563336,0.019036584201981243,0.025183033805291674,0.0444556434767633,0.047881617302568,0.0448429519566485,0.7986890982719544,0.04445564347676339,-0.029233989602532356,0.00046639259165189495,2.2240834422115854,1.1440661431655605,0.024333614745109415,4.383579634762401,0.016172608137944983,2.913414896105258,0.04024186387778687,7.249371571274707,-0.20827539615912813,-0.5050867349234859,0.2922611274207596,-0.3468938764423723,-0.6834673749791977,0.0936776524449793,0.22038980509745126,0.06796601699150424,0.010994502748625687,-0.3733931796426594,-0.28816164640913094,0.41978904571483533,-0.12601768056825183,0.04993258185220018,0.6213136045614498,-0.0775718153923195,0.5310554734365148,0.02775663300294962,2.0,0.045345743336859375,15.0,0.13458870873865475,0.02159612445907587
192,172,Iniparib,Trametinib,MDAMB231,0,0.03424671528481654,0.03424671528481654,0.029935269712036663,0.030707547108101658,0.02800352803642226,26.234069290228287,0.5623413251903491,0.1778279410038923,79.04176482048905,False,0.030890395118421555,0.02988862396945345,0.030451855268243858,0.027882388091525122,24.46482137210672,3.1622776601683795,0.04325630821507203,0.03831382785738292,0.028557135553551632,15,0.028818126183788095,0.029900773683846544,0.043913574741348306,0.04268100885430403,0.03787964197728034,0.0414247702305851,0.056607098165410256,0.044824513858361816,0.0393180133657607,0.03956162023059259,0.234375,0.0,0.025008853114861007,0.57939569116507,0.032165166936913896,0.042550516296975684,0.0450861803812374,0.0465818314249754,0.0450861741284514,0.9999933893038648,0.04508618038123747,-0.028561294640050285,0.0011366432886370965,1.0647143648278035,1.5061224039384122,0.007170087608250211,1.676638084124906,0.006837204295062069,1.5987973559560178,0.01400678677652515,3.275317322304003,-0.1681048635000192,-0.18270900059327297,0.3403879222385537,-0.18230090223476259,-0.38372548679746027,0.14572796778288846,0.44227886056971516,0.06596701649175413,0.013993003498250875,-0.14890816428095807,-0.2283770433456306,0.11647014149533723,0.1219902855347159,0.2612305327901456,0.5621274276094054,0.23959286994467346,0.5278425385781418,,,0.024749004742295327,15.0,0.4095384035904095,0.033714140781534035
192,173,Entinostat,Trametinib,MDAMB231,0,0.029937011462521222,0.029937011462521222,0.029202332572217982,0.02904479755144178,0.026065286975372092,13.414743368689448,10000.0,0.056234132519034905,0.29973947020704494,False,0.033443043568702806,0.033430629479480445,0.03294391207487266,0.025492138541707208,63.928490044640526,0.001,0.04338724230100195,0.03796848582405065,0.023061142069987647,23,0.030835332014091395,0.03214476586065637,0.04217125589203849,0.04034040015642126,0.036426611690325766,0.04460778201790178,0.05433824944496025,0.036317153585178105,0.03776447839064248,0.03849813974495452,0.3125,0.0,-0.11169281127073005,0.581290736292028,0.023624282521142983,0.03125198822663717,0.0397682155885414,0.0397825961365977,0.0401332866817945,-0.2519428833096203,0.03976821558854142,-0.012043571461495787,0.0007287347434382838,1.2672135729721548,1.3618164059392779,0.004345684373669618,1.0416904382709342,0.004209918128153446,1.0091463352865941,0.008555480862600471,2.050807615799118,0.24805035321989716,-0.413751644575515,0.349589277723022,-0.016215380496430672,-0.26332552998838127,0.13282789893050437,0.041979010494752625,0.8985507246376812,0.004497751124437781,0.2699404158019445,-0.4614771772218408,0.3580206319829523,-0.529206017685968,-0.11855428086814267,0.5617848500620612,-0.10753311684563234,0.565317940515112,,,0.027644117687289232,15.0,0.30881940123992313,0.02699508739452947
192,174,Pictilisib,Trametinib,MDAMB231,0,0.04624624385576028,0.04624624385576028,0.044163774032227016,0.041170958021943004,0.02940322898925034,37.72311428635069,0.31622776601683794,0.01778279410038923,32.72878830608269,False,0.04143748665583156,0.03996957052449275,0.04097974093277878,0.03558577101870656,24.46482137210672,3.1622776601683795,0.05206708948235004,0.046712332674478316,0.029624368987265018,35,0.029781755144549647,0.03614804124924564,0.0552302462130761,0.048660606576652866,0.04215569539568722,0.04877244710465658,0.06148264555253155,0.04223956286890118,0.03486493528951781,0.04199169930971017,0.125,0.0,-0.024779150675229955,0.740417101346631,0.027280854864015616,0.036089178761716065,0.0490474360101801,0.0492044973305364,0.0539555334244103,-0.2458078307447251,0.0490474360101801,-0.004523929746827498,0.0004552120424031025,1.6951904214981424,1.1105807210767222,0.018505012077890865,2.933061935574442,0.014804632345403143,2.3465482443189694,0.03325561537645868,5.271046524813316,-0.12380859331270938,-0.5967209879814208,0.05420972876113143,-0.042268247344004764,-0.6633428920008959,0.12331398676902654,0.656671664167916,0.2048975512243878,0.8150924537731135,-0.2341597620452328,-0.34963683733082124,-0.20826134299552146,-0.13229394667648595,0.3689795852593785,0.2615457740305625,0.37004984245461026,0.29281488633344793,,,0.018752703133185025,15.0,0.10488305065860291,0.02133569877934872
192,175,GDC-0068,Dactolisib,MDAMB231,1,0.03364852566543837,0.03364852566543837,0.03143392355431735,0.03223395805665694,0.028337426378769293,32.118398703131014,0.31622776601683794,0.1,25.757887141611597,False,0.03181120317519667,0.030682776543580224,0.03141882380800798,0.027311141768299164,36.84495823829967,1.0,0.04742610584323764,0.031188321392139885,0.03317897021230232,16,0.02805752707664407,0.031274355562777814,0.041107584975760274,0.03589745741618443,0.03487607939667441,0.03812313277847277,0.0531279236992826,0.039672801877726774,0.03269128203737005,0.037115565229981815,0.234375,0.0,0.0427142864067549,0.509537035690568,0.01973146435880612,0.02610227384826777,0.0780758546033205,0.0826435030495271,0.0780758260218696,0.9999933893038648,0.07807585460332052,-0.07312149903537188,0.005107747522020176,1.705323287393066,2.4838087573893404,0.008414275690986444,1.8737695832060834,0.007854105822320767,1.749025719339265,0.016266578664781536,3.6223938273792617,0.002204821651490602,-0.3654131748681109,0.42841397892225874,-0.1851194210474347,-0.4633192590941552,0.137118262408582,0.14142928535732133,0.20839580209895053,0.0029985007496251873,0.037430415763236115,-0.43383755633484294,0.522194633534736,-0.08908815382611819,0.3153757414832363,0.5664108780507141,0.29236968296410065,0.6186972958735968,0.036357933542072826,2.0,0.051323208812713,15.0,0.9097931713285187,0.07146850720436364
192,176,KX2-391,Trametinib,MDAMB231,1,0.03698572363056054,0.03698572363056054,0.039301625155559815,0.03571055652503544,0.030080016343989976,43.13559069361449,0.01,0.1778279410038923,34.903630580992214,False,0.03229955081912826,0.03305430111839439,0.03229955081912826,0.02638201394843504,63.928490044640526,0.001,0.053368361402897524,0.04132410879912825,0.02339519243648234,32,0.045322462690726706,0.04915798875445029,0.04255960539570821,0.04590529635017005,0.03539125666123679,0.03726143495428678,0.06566921176205393,0.046788860473731014,0.04902800253190769,0.05054817343173881,0.265625,0.0,0.0051381234216019145,0.904173998187115,0.014528023648401141,0.019218768807467347,0.0451998866794625,0.0825311436665954,0.1065229364455771,-4.999993389303865,0.04519988667946254,0.027936805753863238,0.0004984120159681196,2.5458193437502383,1.1500767843710475,0.03082109996301818,5.489536345817151,0.01952295780640277,3.4772278271929595,0.050104199382605,8.924043071756257,-0.6307506201130552,0.5020182188998765,0.27149592613834533,-0.7258843739435774,-0.03200495527428035,0.12268485678425986,0.11494252873563218,0.0014992503748125937,0.05897051474262868,-0.5885024203227386,0.39029735564388585,0.35493436085439867,0.023385293265523754,0.44693700057151486,0.3832309705781345,0.8357827198685126,0.6753212069977337,,,0.014823437216131009,15.0,0.13982870916450924,0.022325143134325466
192,177,Linsitinib,Trametinib,MDAMB231,1,0.033602093819332136,0.033602093819332136,0.035127021247801586,0.03252894691368419,0.030029300820464795,21.13852716222428,1.0,0.31622776601683794,14.133492676418486,True,0.03189758938897617,0.03275804088912931,0.031575187045178865,0.028895193287569315,21.033332728740156,4.6415888336127775,0.050268434930904396,0.03868885200279971,0.03042301901283446,18,0.03435580377771803,0.032609464673722346,0.03955862110379652,0.03634155190616304,0.034668505887386965,0.037887786103866804,0.05605145294884155,0.03827290848844644,0.03818819798133212,0.03745565985536382,0.328125,0.0,0.03361108283527503,0.675779564810641,0.015049362501504977,0.01990843528452154,0.0607690117217651,0.0608446440437888,0.0607690114469434,0.9999933893038648,0.06076901172176517,-0.039855729973352745,0.0024589651638965196,2.232791841911698,1.7299790748857848,0.002103025973628433,0.41908426312465513,0.002055754942543906,0.4096642438392909,0.004158738213435613,0.8287399972996914,-0.08621628109524292,-0.36508487190351535,0.3440218886880587,-0.16845199954062617,-0.3213748573798166,0.15103829549989248,0.2798600699650175,0.6181909045477262,0.011494252873563218,-0.127044039672674,-0.38278768937473556,0.3710897561030247,-0.08357145828704408,0.45290910251887684,0.3752782167485525,0.4318354470755383,0.3789514797150631,,,0.05440575006117938,15.0,0.5481093129947943,0.04958795381840755
192,178,Ponatinib,Trametinib,MDAMB231,1,0.03884651369365719,0.03884651369365719,0.03874808493917551,0.03685662389122293,0.02391190128066354,59.23755982160647,0.0017782794100389228,0.01778279410038923,82.47750492321755,False,0.04124396400995416,0.030201066175626148,0.04111590253241827,0.027681657191544647,63.928490044640526,0.001,0.05490169062655827,0.033936891991943635,0.02232957462240762,38,0.03758342902600965,0.041944583517214674,0.04714294631266232,0.04660762948694577,0.031999753335395675,0.04880194568417501,0.06496203542168319,0.04869749235278492,0.04688140216850203,0.04866048048114263,0.1875,0.0,0.04192902603477411,0.978657398655363,0.049166896575420116,0.06504169053769746,0.0728788037317816,0.1033639416359283,0.118428191108746,-4.999993389303865,0.07287880373178167,0.05976536147012741,0.0038099059469219832,0.7900948890290065,1.8808362747780312,0.022639476661905997,4.089914040451519,0.014857083740449533,2.683992934009493,0.03720217129649252,6.72072437861722,-0.6993656951259312,0.1622474521640056,0.15080362268184525,-0.8374507372777693,-0.05645465096948165,0.11926965792896582,0.02148925537231384,0.1724137931034483,0.27886056971514245,-0.500806007041873,-0.08948487041552053,0.19940296226650928,-0.18803532746736512,0.7020987621404702,0.48979213077067896,0.801658368511979,0.7253001382064378,,,0.047400709761844205,15.0,0.6317165049452443,0.06172443557394416
192,179,AVN944,Dactolisib,MDAMB231,0,0.03661220395425604,0.03661220395425604,0.038072553223920017,0.034210898811688095,0.0274863440945154,63.880544524246744,0.0001,0.00031622776601683794,0.29973947020704494,False,0.03687857228532713,0.0390694857277503,0.03617926378431893,0.030131899120604436,63.928490044640526,0.001,0.04990881965612596,0.04505807148764565,0.01991492155972588,29,0.039608509348754734,0.040686771303274555,0.047987430291242916,0.04316121884839429,0.036101064834751534,0.04737449293402216,0.056112652809972144,0.030896529759247393,0.04340304547632284,0.04559641134305657,0.296875,0.0,-0.08967479556570002,0.616012525387662,0.005823454458485623,0.0077037061342316365,0.0448636298737811,0.0468044229482835,0.0454708993384369,0.6816395085407218,0.04486362987378111,0.009445828644243724,0.0005632259764634016,6.287025032179433,1.1783719786251272,0.02163911735976255,3.97855695748744,0.016016393222060655,2.944765797424527,0.03760533936561052,6.914098300974686,-0.32914887482216465,-0.14956065363098997,0.3062270459602369,-0.7846706500047845,-0.19956003362540622,0.10715333858101636,0.0004997501249375312,0.4077961019490255,0.02848575712143928,-0.30827156970141795,-0.09080340529464609,0.39894272338038944,-0.557265712131211,0.413601808956268,0.3030433893305215,0.4443505495033367,0.34247294591388333,,,0.04878787205736053,15.0,0.16413380671275274,0.02373238244389723
192,180,Everolimus,Dactolisib,MDAMB231,2,0.03187295067310285,0.03187295067310285,0.02934229092129168,0.02999320590143477,0.02502440803595302,50.41678350188806,0.056234132519034905,0.01778279410038923,112.13930785070137,False,0.02860831795383753,0.026700028876781825,0.028251062437961893,0.024195214763607135,36.84495823829967,1.0,0.03362769279902659,0.0312888603255053,0.020223142380736716,39,0.026238150328866162,0.027760026319083836,0.035425644038270955,0.028277737568841166,0.02649151371438311,0.030592566744905375,0.03614751450370625,0.02307229627628647,0.026305654504580344,0.028613540979282565,0.109375,0.0,-0.03371772313269994,0.5374283207546251,0.02552295155629438,0.03376369127115195,0.0971958478726841,0.0979429431630038,0.1015661663059333,-0.8007037565596218,0.09719584787268418,0.0544799774688007,0.008586062807180233,1.248795641946139,3.312483273150147,0.01923534643162734,4.58885181741849,0.01655556804995573,3.949554472776271,0.03577750963579519,8.535208383093135,-0.05332655220604542,-0.5836060856303744,0.20140197983435307,-0.18073475898553243,-0.6725840645143925,0.11512304815834645,0.248375812093953,0.1774112943528236,0.12343828085957022,-0.15716846129298678,-0.4441046300961141,-0.040720538427676915,-0.1293697632640602,0.634118517505758,0.8656935378518977,0.6139576946821846,0.8542822782097835,0.02329818436741496,2.0,0.020089854052622296,15.0,1.1976981416845411,0.0926610101778533
192,181,Everolimus,Dactolisib,MFM-223,2,0.04754009709962129,0.04754009709962129,0.030919209915527233,0.04154027389729933,0.026353256593592996,56.40303345955448,0.0031622776601683794,0.03162277660168379,50.83750729960607,False,0.04771087660905164,0.03956993755539542,0.045405314354576135,0.036289268088900775,49.46168975333602,0.31622776601683794,0.05138274437235684,0.042180137975858935,0.036478988727874036,40,0.03644487583330195,0.042019398180734774,0.04754009709962129,0.030919209915527233,0.026353256593592996,0.04771087660905164,0.05138274437235684,0.036478988727874036,0.03644487583330195,0.042019398180734774,0.0,0.0,0.14567621685349097,0.723478114415106,0.03765127221558745,0.04980795141382015,0.0481889390992958,0.0724776303776486,0.0481889181839582,0.9999933893038648,0.04818893909929582,-0.05660710233225977,0.001366176309715202,1.262642516497488,1.558543676599444,0.05227480211649643,11.834830702828304,0.034580582843441496,7.828921908594079,0.08659921161380428,19.605755869984467,-0.6475738177355208,-0.22851224702750386,0.1778906032255176,-0.8153730377959123,-0.05509465716360626,0.12040842627437867,0.013493253373313344,0.7891054472763618,0.2178910544727636,-0.4616615918227207,-0.11570014828974902,0.22922142302766388,-0.24615242462201253,0.6152764371581951,0.28922523901821523,0.629226672722604,0.1383383140488037,,,0.028220871488207892,4.0,0.4437518445996161,0.03696182232676309
192,182,Trametinib,Dactolisib,MFM-223,0,0.04033040175512453,0.04033040175512453,0.040834498696211335,0.039029516689305904,0.03336117441519467,51.433401544498714,0.03162277660168379,0.03162277660168379,20.04893914743371,False,0.03748443630588391,0.03898025292522296,0.03658403585745328,0.03245240671077613,36.84495823829967,1.0,0.058312178773845126,0.041189582659681055,0.04301368057140542,21,0.04162360824246184,0.03953268909986389,0.0420765514571297,0.04259725436979591,0.03516251250480794,0.03877846850454274,0.0626228176324922,0.04853022900490691,0.043274284938889164,0.04083773899873214,0.1875,0.0,0.01722589217209003,0.701190186574845,0.019478070510936536,0.02576706529565944,0.0938223382020568,0.0985691452790952,0.0938223131229877,0.9999933893038648,0.0938223382020568,-0.07730103133326194,0.00713517486193024,2.070554253948297,2.297624342104675,0.015919143907717433,2.72891821650699,0.013031090214731773,2.2338374270671695,0.02891694831824869,4.957049668556882,-0.4242395609386088,-0.2801371706778215,0.14659283905584752,-0.44600363472272375,-0.4458688127836745,0.11189519149143473,0.41329335332333833,0.15092453773113443,0.24587706146926536,-0.4006831353509823,-0.3437745884482483,0.5244222540430424,0.11857840260457535,0.4806599559550115,0.7685385857514115,0.44824768215463884,0.763842482741008,0.030344102442929958,9.0,0.032899839346086555,4.0,0.8318756943946305,0.08446996425907992
192,183,Refametinib,Dactolisib,MFM-223,0,0.04307940427021427,0.04307940427021427,0.044306003797038584,0.04249641096058868,0.03216368777877208,61.99187278282636,0.0017782794100389228,0.005623413251903491,68.29158960616967,False,0.045858951298474004,0.047492521622960235,0.04346546571478178,0.038678674956464695,32.462077451052096,1.467799267622069,0.06092095909104719,0.04561419089685722,0.04536905491167113,21,0.04217145654932843,0.04304000888667443,0.05139817898769553,0.0494239501137237,0.032841025925290146,0.05786979786530921,0.07281070488204977,0.0586135310350421,0.04619890807044167,0.0510157718470899,0.171875,0.0,0.03900855212680299,0.712081516552202,0.02472144019464195,0.032703391403189404,0.0878599658562537,0.0895043477600236,0.08785995707393,0.9999933893038648,0.08785996585625379,-0.06649270404831403,0.005756351627798869,1.742592823518072,1.9830261889276115,0.008040947842027088,1.2704064928092615,0.007172873231729601,1.1332575343990572,0.015210474296650844,2.4031352627580596,-0.44909134166848913,-0.29352691054299196,0.24030188644572742,-0.7751927611942095,-0.19531568673369892,0.10751778394028806,0.0014992503748125937,0.6661669165417291,0.07596201899050475,-0.4798349907726744,-0.14799462511844755,0.6817629743665085,-0.3635957347276057,0.5804820851365567,0.4970277974560389,0.5672797131531448,0.4858733039619875,,,0.045259710760593146,4.0,0.6846240561713847,0.07587062427447706
192,184,Indibulin,Dactolisib,MFM-223,0,0.045338136732347885,0.045338136732347885,0.04672058686154213,0.0396360536007236,0.03302401898234621,55.874709165575,0.03162277660168379,0.005623413251903491,121.83110487570231,False,0.04376301936006623,0.04556460325542164,0.042109188027375566,0.03441671096537612,63.928490044640526,0.001,0.05998236475893412,0.0535376764773251,0.034900612091166495,28,0.04516512932526718,0.04553471136250086,0.04756111298282585,0.0494055642529634,0.039182483158341934,0.04771936473446399,0.06416111965469883,0.04284842235670077,0.04876854640913643,0.047883757513117305,0.078125,0.0,0.10531092688586596,0.759801261298351,0.026127364585405672,0.03456325455324981,0.0554873242794874,0.0626193329543654,0.0555098120176756,0.9592557169636206,0.05548732427948747,-0.03489467869871715,0.000896029919010089,1.7352740106697575,1.187641851416074,0.030711247512201018,4.601370552611059,0.020854778442267737,3.1246064936748446,0.05133300349466637,7.691064016972923,0.18670536140266317,-0.5768008138201854,0.23220623566716536,-0.11394740952266852,-0.7855000465056577,0.11446137334540533,0.0864567716141929,0.009495252373813094,0.0944527736131934,0.16669023964853574,-0.5440882223206266,-0.005400333690420928,0.2927778448468032,0.29299607883965345,0.4513101052468869,0.22070364062910752,0.36090666247848635,,,0.06147808349741881,4.0,0.17196970361668165,0.029933758852006692
192,185,GSK269962,Trametinib,MFM-223,0,0.0457394850140472,0.0457394850140472,0.047792815094122455,0.039163009906474804,0.030305025264503835,63.94248720211324,0.0001,0.0001,173.82270216260412,False,0.03793310169375454,0.04008127463563598,0.0360401373274139,0.028225015429959446,63.928490044640526,0.001,0.04028101600676954,0.038683442878863904,0.025320500216909788,20,0.030445737128132377,0.03337853326045456,0.054700078802696436,0.05543073525320603,0.04552561429835488,0.06265763449680307,0.05766161214071561,0.042841520424965224,0.04944180520614402,0.0512096400214821,0.375,0.0,-0.17449519995508989,0.3209480322622901,0.012725919987789698,0.016834809746098838,0.0413117579496215,0.0416224838329871,0.0413124659901051,0.9556730180020072,0.04131175794962153,-0.0004747321033942754,-0.0005774918297328643,3.5941986950989357,0.8643926470592439,0.0053257874893682024,0.7800442880830043,0.005055129208145411,0.7404021794349088,0.010380457423391613,1.5203791996901515,-0.20206565358037246,-0.48753838086075435,0.22419755855624823,-0.5237291795252166,-0.5116554565408419,0.09419468409872489,0.02948525737131434,0.41179410294852575,0.04097951024487756,-0.2617669281729646,-0.17947686398493826,0.3511045746435349,-0.10868132874251483,0.46026637487478844,0.0805045937301318,0.4669532774275827,0.08312735587330106,,,0.026390309507724724,9.0,-0.14572816079553044,0.0
192,186,Navitoclax,Trametinib,MFM-223,0,0.04050554259041265,0.04050554259041265,0.04192716729537412,0.03148673497974661,0.02475994532916981,44.76169865082986,0.1,0.03162277660168379,37.27586337342671,False,0.034801684626157306,0.0339776034408891,0.031282071215111854,0.022510805167072725,60.94043338075274,0.046415888336127774,0.036893295440151644,0.03328687205642467,0.023518281182595063,22,0.02520444976633642,0.027187263739828,0.050722337139693846,0.04536823330217637,0.0336267165598323,0.04981468745826261,0.05083432220561925,0.04184625316019652,0.038564217660149086,0.03910999670896387,0.4375,0.0,-0.13272638808315995,0.38539775810767796,0.004295182637073612,0.0056819925466496885,0.0425775812787334,0.0429406416805351,0.0435880536948294,-1.64073425885837,0.042577581278733456,0.010366757653484484,5.4963070132859476e-05,9.430458728527974,1.0155129484130696,0.004040488594016895,0.6745845708789109,0.0037502755712550584,0.6261317110655796,0.0077902112134233354,1.300623963212031,0.051228652015386726,-0.5135870559847825,0.2555678784074959,-0.18360243093441853,-0.6100885202249723,0.11935281142581446,0.09945027486256872,0.17341329335332334,0.051974012993503245,-0.17218635863640255,-0.1837219384010367,0.10967771968263743,-0.0686323034653583,0.02508506497739901,0.4482764854419723,0.0874618281748152,0.47799866603059227,,,0.03902688670032043,9.0,0.015393852733052838,0.007413708257873348
192,187,Ponatinib,Trametinib,MFM-223,1,0.030839093487040208,0.030839093487040208,0.032369365836800584,0.029372657577340207,0.02319756859758349,53.573066840027764,0.01778279410038923,0.03162277660168379,74.59987014063765,False,0.027819588739658348,0.030065947993026195,0.02708506959550675,0.02279779425714898,45.54439195258803,0.46415888336127775,0.049224328677201855,0.036443633543397795,0.038929569679297824,22,0.02879190319798098,0.029570616382904376,0.03179050885078786,0.03365768715320022,0.024438600393954388,0.028547888716348353,0.05088412875279401,0.0410867236229328,0.02962320624693353,0.030370550840741563,0.046875,0.0,0.16662614868478598,0.5269120435649339,0.03401250083336235,0.044994309336226966,0.086722208864678,0.1020017196788876,0.0867221108555838,0.9999933893038648,0.08672220886467802,-0.09206453875144684,0.006472965665692203,0.9066987940148936,2.679144512806115,0.021823419781810273,4.719398558590088,0.01882375675651102,4.070709879208466,0.040621042446022645,8.784456839710014,-0.3860360725357583,-0.18518454343543098,0.24076155374205613,-0.597110271247856,-0.31190168805582696,0.10728070611229586,0.05997001499250375,0.23638180909545228,0.046476761619190406,-0.41375144046526136,-0.24672227800743102,0.2856144952616681,0.19294188854663713,0.5726888008088811,0.3911050106003124,0.4980967101162388,0.4291760893187717,,,0.05375391459630614,9.0,0.9854975319243758,0.0804547429657954
192,188,Olaparib,Trametinib,MFM-223,0,0.029109538883060334,0.029109538883060334,0.028200888810209816,0.027366041859735197,0.023726405837263046,18.966805759022627,10.0,0.03162277660168379,86.30016091200235,False,0.03364822476776254,0.03633463184115646,0.031023602100006945,0.025052563919337738,63.670352598175555,0.004641588833612777,0.039959578843553445,0.03490875138551324,0.03072435531266742,8,0.029103233043690203,0.02960110973067968,0.05581385151041829,0.04617359001490752,0.04485574899572164,0.053369005949742886,0.06327190482732535,0.05311852432816604,0.042004702168837775,0.046442726512855144,0.578125,0.0,0.02023630087032602,0.2556036368940541,0.01612632197513758,0.021333118754184987,0.0628576451170202,0.0628577566412531,0.0628576451162829,0.9999933893038648,0.06285764511702022,-0.04892275930380474,0.0031557934199714366,1.8050947344310349,2.2289242562547638,2.88835009497504e-07,7.169437389329876e-05,2.888341801604115e-07,7.169416803596971e-05,5.776691896578344e-07,0.00014338854192924837,0.12284423949631527,-0.5441268722249146,0.34847562605214705,-0.020805288458878916,-0.39128404176415216,0.12574907680267783,0.1889055472263868,0.9255372313843079,0.005497251374312844,0.16891476221208646,-0.499490897088095,0.4408498124940247,0.0640747319709011,0.18678027937046773,0.620143267730534,0.18678373311986768,0.6201431816098386,,,0.03723048458260766,9.0,0.8015190727831885,0.05617644897972313
192,189,ABT-199,Trametinib,MFM-223,0,0.05608239212762605,0.05608239212762605,0.04879325380663935,0.04571838828279817,0.035615930785800935,36.38406270526773,0.31622776601683794,0.03162277660168379,26.013649512083074,False,0.04840836519489643,0.04413475097884972,0.04571542203120553,0.039631696933702776,24.46482137210672,3.1622776601683795,0.06254750042353217,0.047783406827464237,0.05139756809113016,11,0.02988310341902915,0.0373980475411418,0.07430506593352273,0.05770184704896968,0.04935638292382925,0.06041423610228096,0.0749185025815069,0.066630450428005,0.042559392153233525,0.05057176446805547,0.453125,0.0,-0.008411533038359842,0.433616959206496,0.03893832856701467,0.05151056692842144,0.1131574587817912,0.1136803512281543,0.1131574553501375,0.9999933893038648,0.11315745878179129,-0.09932907159893252,0.01042382886091365,1.4402876084191865,2.319120984024102,0.0013855212977379383,0.1987702874376839,0.0013655135385204342,0.19589992517249158,0.002751025071488759,0.39466881173234997,-0.07280589526352665,-0.44780427160050873,0.1871520510647657,-0.0726379495588781,-0.6217151860570682,0.1265489810832912,0.5037481259370314,0.04247876061969016,0.19590204897551225,-0.13493906551325469,-0.27658081248728955,0.376088684782011,0.07707408603211034,0.3018421421205192,0.5627645351552998,0.3058993014833704,0.5628548535047256,,,0.12124498943836327,9.0,0.8411882276862004,0.10209715402945202
192,190,SCH772984,Trametinib,MFM-223,1,0.0384863649338603,0.0384863649338603,0.034853204279566403,0.036285118067922804,0.029038641842162354,45.75230375168021,0.056234132519034905,0.056234132519034905,20.07639219176344,False,0.03536210037966846,0.03291778902934703,0.03433133772016312,0.028302569778282695,41.273227752910074,0.6812920690579608,0.03500064237172143,0.03167532987846963,0.0187036721121867,27,0.031179516276535493,0.03219229694077707,0.05588525962934555,0.04341836508627559,0.03879207166940471,0.05274703682903473,0.05313295895906632,0.04315736858735489,0.040630238245580666,0.04431031227843288,0.28125,0.0,0.06469587202800597,0.491321048281227,0.02481217528923651,0.03282342265093097,0.0922065891167761,0.0987276009972065,0.1008960800547099,-4.999993389303865,0.09220658911677615,0.05897634661550333,0.007287309227996785,1.5511080542202857,2.645569927435183,0.00552263084713836,1.1091782442692943,0.005096579719803484,1.0236091279429478,0.01061831546752129,2.1326075983270747,-0.22685478501716783,-0.37037223700182215,0.171876865062368,-0.40586198007435487,-0.411704889067449,0.11963370560081205,0.12643678160919541,0.3708145927036482,0.19890054972513743,-0.19798656329833741,-0.41122135560136525,0.013351697787694516,-0.2301863237516615,0.7425467195705822,0.65150347990541,0.8162839391773427,0.7356189158773815,,,0.04450167819728848,9.0,0.9728865156096462,0.08536573802174258
192,191,Entinostat,Trametinib,MFM-223,0,0.019940672189092283,0.019940672189092283,0.019842620804966335,0.01914882410053551,0.016779755654541532,16.613194928782672,100.0,0.0017782794100389228,112.96113822903875,False,0.030598246473239363,0.028435575083560177,0.029472486451785306,0.022217154142541776,45.54439195258803,0.46415888336127775,0.028429334999188562,0.024976206043210773,0.01182465558552352,8,0.022336729819741642,0.026449801630181465,0.03942721464429691,0.03506085508771252,0.032696184725003796,0.04424195952014969,0.045061511172147586,0.030612136793917704,0.035680323108866374,0.03916991266024108,0.6875,0.0,-0.16553702533184,0.23319881363349093,0.005982634138006685,0.007914281057125482,0.0246972547721382,0.0246972633019318,0.0246972547720818,0.9999933893038648,0.024697254772138213,0.004437261591157129,0.00021622479287022016,3.3330923685291887,1.2446568936073614,1.9070401311977835e-07,6.727579511595235e-05,1.9070337064124354e-07,6.72755684649576e-05,3.8140738376101517e-07,0.00013455136358090757,0.013245940067570797,-0.5391610289529268,0.16357878271992957,-0.00720616754564646,-0.3069287013106405,0.1240255016884251,0.4407796101949025,0.9835082458770614,0.24187906046976512,0.07014837237709363,-0.5088063393741111,-0.09913724491055236,-0.6822721245789448,0.08026347960620421,0.3426315272704218,0.0802617246116782,0.3426318813564219,,,0.05000791018878052,9.0,0.2188599044715008,0.014704584076750358
192,192,Iniparib,Trametinib,MFM-223,0,0.0337133527089478,0.0337133527089478,0.0355110980815202,0.03195327172161827,0.02930028899670122,16.90399983352915,3.1622776601683795,0.31622776601683794,7.299133082085844,False,0.03296711820569796,0.03428690056493901,0.03226827613461315,0.02928598087497035,21.033332728740156,4.6415888336127775,0.03463605914038149,0.03697164676386878,0.023646091547663655,18,0.028778999596993152,0.030042609886683537,0.054027203515355435,0.05353577079111589,0.050384516258124505,0.05224023850949316,0.05772227180039494,0.04851755344753483,0.051336334623986186,0.04980654670976925,0.546875,0.0,-0.07760976321291002,0.264705596343657,0.008933242144846275,0.011817568558392244,0.0524989496264338,0.053336586595828,0.0535291661027701,-4.999993389303865,0.05249894962643384,0.01817580382600314,0.0014951016249234856,3.773921288856762,1.4783814768531192,0.0006453552131489953,0.1272133709206206,0.0006405803318983,0.12627213928993045,0.00128593554500308,0.25348551020183524,0.03536156359054412,-0.31312087597024185,0.27427486389264627,-0.12019418922573749,-0.2980982482964721,0.15636441610278923,0.14742628685657172,0.5387306346826587,0.06696651674162919,-0.020831219015614313,-0.42438283773598556,0.1774754092309516,-0.2057585134937332,-0.21277720161330685,0.6332132638789707,-0.18420205312698903,0.6397233263113595,,,0.06248339126623795,9.0,0.39094789264194274,0.038666544000252795
