drug,cell,conc,src_a,pid_a,src_b,pid_b,rms_diff,mean_diff,identical
BMS-754807,HEK293,"(np.float64(10.0), np.float64(30.0), np.float64(100.0), np.float64(300.0), np.float64(1000.0), np.float64(3000.0), np.float64(10000.0))",18,1,18,2,0.02780013616834448,-0.009006673680893303,False
BMS-754807,HeLa,"(np.float64(10.0), np.float64(30.0), np.float64(100.0), np.float64(300.0), np.float64(1000.0), np.float64(3000.0), np.float64(10000.0))",18,7,18,8,0.032390996829749455,-0.020896176264739018,False
BMS-754807,Hep G2,"(np.float64(10.0), np.float64(30.0), np.float64(100.0), np.float64(300.0), np.float64(1000.0), np.float64(3000.0), np.float64(10000.0))",18,13,18,14,0.043790178041947854,-0.02706482095646473,False
Cisplatin,HEK293,"(np.float64(100.0), np.float64(300.0), np.float64(1000.0), np.float64(3000.0), np.float64(10000.0), np.float64(30000.0), np.float64(100000.0))",18,4,18,5,0.04348190572738205,-0.020821020419947243,False
Cisplatin,HeLa,"(np.float64(100.0), np.float64(300.0), np.float64(1000.0), np.float64(3000.0), np.float64(10000.0), np.float64(30000.0), np.float64(100000.0))",18,10,18,11,0.051076670547233256,0.020732453017669294,False
Cisplatin,Hep G2,"(np.float64(100.0), np.float64(300.0), np.float64(1000.0), np.float64(3000.0), np.float64(10000.0), np.float64(30000.0), np.float64(100000.0))",18,16,18,17,0.03552995453837096,-0.006629298379671009,False
Dactolisib,BT-549,"(np.float64(0.3), np.float64(1.0), np.float64(3.0), np.float64(10.0), np.float64(30.0), np.float64(100.0), np.float64(300.0))",192,1,192,2,0.05378060774881565,-0.014152605201506423,False
Dactolisib,BT-549,"(np.float64(0.3), np.float64(1.0), np.float64(3.0), np.float64(10.0), np.float64(30.0), np.float64(100.0), np.float64(300.0))",192,1,192,3,0.043752550946038735,0.0028571428571428437,False
Dactolisib,BT-549,"(np.float64(0.3), np.float64(1.0), np.float64(3.0), np.float64(10.0), np.float64(30.0), np.float64(100.0), np.float64(300.0))",192,1,192,4,0.07177355090975085,0.059824187555867984,False
Dactolisib,BT-549,"(np.float64(0.3), np.float64(1.0), np.float64(3.0), np.float64(10.0), np.float64(30.0), np.float64(100.0), np.float64(300.0))",192,2,192,3,0.04382383674673064,0.017009748058649268,False
Dactolisib,BT-549,"(np.float64(0.3), np.float64(1.0), np.float64(3.0), np.float64(10.0), np.float64(30.0), np.float64(100.0), np.float64(300.0))",192,2,192,4,0.10118864958097466,0.07397679275737441,False
Dactolisib,BT-549,"(np.float64(0.3), np.float64(1.0), np.float64(3.0), np.float64(10.0), np.float64(30.0), np.float64(100.0), np.float64(300.0))",192,3,192,4,0.08149046063376134,0.05696704469872514,False
Dactolisib,CAL-85-1,"(np.float64(0.3), np.float64(1.0), np.float64(3.0), np.float64(10.0), np.float64(30.0), np.float64(100.0), np.float64(300.0))",192,13,192,14,0.06337939076941436,0.019425642243597392,False
Dactolisib,CAL-85-1,"(np.float64(0.3), np.float64(1.0), np.float64(3.0), np.float64(10.0), np.float64(30.0), np.float64(100.0), np.float64(300.0))",192,13,192,15,0.071431622529205,0.009391204528361683,False
Dactolisib,CAL-85-1,"(np.float64(0.3), np.float64(1.0), np.float64(3.0), np.float64(10.0), np.float64(30.0), np.float64(100.0), np.float64(300.0))",192,13,192,16,0.10486507503466645,0.08003800023750154,False
Dactolisib,CAL-85-1,"(np.float64(0.3), np.float64(1.0), np.float64(3.0), np.float64(10.0), np.float64(30.0), np.float64(100.0), np.float64(300.0))",192,14,192,15,0.11824655299834859,-0.010034437715235711,False
Dactolisib,CAL-85-1,"(np.float64(0.3), np.float64(1.0), np.float64(3.0), np.float64(10.0), np.float64(30.0), np.float64(100.0), np.float64(300.0))",192,14,192,16,0.11942757486393217,0.06061235799390415,False
Dactolisib,CAL-85-1,"(np.float64(0.3), np.float64(1.0), np.float64(3.0), np.float64(10.0), np.float64(30.0), np.float64(100.0), np.float64(300.0))",192,15,192,16,0.1297919057601235,0.07064679570913987,False
Dactolisib,CAL148,"(np.float64(0.1), np.float64(0.3), np.float64(1.0), np.float64(3.0), np.float64(10.0), np.float64(30.0), np.float64(100.0))",192,25,192,26,0.0438695025548846,-0.015620077155199594,False
Dactolisib,CAL148,"(np.float64(0.1), np.float64(0.3), np.float64(1.0), np.float64(3.0), np.float64(10.0), np.float64(30.0), np.float64(100.0))",192,25,192,27,0.04830722001847283,-0.03772443171304761,False
Dactolisib,CAL148,"(np.float64(0.1), np.float64(0.3), np.float64(1.0), np.float64(3.0), np.float64(10.0), np.float64(30.0), np.float64(100.0))",192,25,192,28,0.04212864708658012,0.03345859134249455,False
Dactolisib,CAL148,"(np.float64(0.1), np.float64(0.3), np.float64(1.0), np.float64(3.0), np.float64(10.0), np.float64(30.0), np.float64(100.0))",192,25,192,29,0.06057490568182138,0.04494985512145896,False
Dactolisib,CAL148,"(np.float64(0.1), np.float64(0.3), np.float64(1.0), np.float64(3.0), np.float64(10.0), np.float64(30.0), np.float64(100.0))",192,25,192,30,0.04981213765573621,0.007881552665875249,False
Dactolisib,CAL148,"(np.float64(0.1), np.float64(0.3), np.float64(1.0), np.float64(3.0), np.float64(10.0), np.float64(30.0), np.float64(100.0))",192,25,192,31,0.05316310691730736,0.013460367426730544,False
Dactolisib,CAL148,"(np.float64(0.1), np.float64(0.3), np.float64(1.0), np.float64(3.0), np.float64(10.0), np.float64(30.0), np.float64(100.0))",192,25,192,32,0.03663510313512914,0.010428273457161115,False
Dactolisib,CAL148,"(np.float64(0.1), np.float64(0.3), np.float64(1.0), np.float64(3.0), np.float64(10.0), np.float64(30.0), np.float64(100.0))",192,25,192,33,0.046162636066500166,-0.029092349546406302,False
Dactolisib,CAL148,"(np.float64(0.1), np.float64(0.3), np.float64(1.0), np.float64(3.0), np.float64(10.0), np.float64(30.0), np.float64(100.0))",192,25,192,34,0.04722040278148585,0.02918346253472927,False
Dactolisib,CAL148,"(np.float64(0.1), np.float64(0.3), np.float64(1.0), np.float64(3.0), np.float64(10.0), np.float64(30.0), np.float64(100.0))",192,25,192,35,0.04933499160188134,0.03428358448755596,False
Dactolisib,CAL148,"(np.float64(0.1), np.float64(0.3), np.float64(1.0), np.float64(3.0), np.float64(10.0), np.float64(30.0), np.float64(100.0))",192,25,192,36,0.048849221890051864,0.016419472173361847,False
Dactolisib,CAL148,"(np.float64(0.1), np.float64(0.3), np.float64(1.0), np.float64(3.0), np.float64(10.0), np.float64(30.0), np.float64(100.0))",192,25,192,49,0.0399885007699114,-0.0031196204124828947,False
Dactolisib,CAL148,"(np.float64(0.1), np.float64(0.3), np.float64(1.0), np.float64(3.0), np.float64(10.0), np.float64(30.0), np.float64(100.0))",192,25,192,53,0.050919202850250915,0.036999120076608834,False
Dactolisib,CAL148,"(np.float64(0.1), np.float64(0.3), np.float64(1.0), np.float64(3.0), np.float64(10.0), np.float64(30.0), np.float64(100.0))",192,25,192,54,0.05808525249161253,0.022694080364441396,False
Dactolisib,CAL148,"(np.float64(0.1), np.float64(0.3), np.float64(1.0), np.float64(3.0), np.float64(10.0), np.float64(30.0), np.float64(100.0))",192,26,192,27,0.0438619069226013,-0.022104354557848014,False
Dactolisib,CAL148,"(np.float64(0.1), np.float64(0.3), np.float64(1.0), np.float64(3.0), np.float64(10.0), np.float64(30.0), np.float64(100.0))",192,26,192,28,0.0666087858061645,0.04907866849769414,False
Dactolisib,CAL148,"(np.float64(0.1), np.float64(0.3), np.float64(1.0), np.float64(3.0), np.float64(10.0), np.float64(30.0), np.float64(100.0))",192,26,192,29,0.08992024144893074,0.06056993227665856,False
Dactolisib,CAL148,"(np.float64(0.1), np.float64(0.3), np.float64(1.0), np.float64(3.0), np.float64(10.0), np.float64(30.0), np.float64(100.0))",192,26,192,30,0.056911844872447256,0.023501629821074843,False
Dactolisib,CAL148,"(np.float64(0.1), np.float64(0.3), np.float64(1.0), np.float64(3.0), np.float64(10.0), np.float64(30.0), np.float64(100.0))",192,26,192,31,0.0484351201980322,0.029080444581930136,False
Dactolisib,CAL148,"(np.float64(0.1), np.float64(0.3), np.float64(1.0), np.float64(3.0), np.float64(10.0), np.float64(30.0), np.float64(100.0))",192,26,192,32,0.04459311010628083,0.02604835061236071,False
Dactolisib,CAL148,"(np.float64(0.1), np.float64(0.3), np.float64(1.0), np.float64(3.0), np.float64(10.0), np.float64(30.0), np.float64(100.0))",192,26,192,33,0.042820613131467615,-0.01347227239120671,False
Dactolisib,CAL148,"(np.float64(0.1), np.float64(0.3), np.float64(1.0), np.float64(3.0), np.float64(10.0), np.float64(30.0), np.float64(100.0))",192,26,192,34,0.06704867249760497,0.04480353968992886,False
Dactolisib,CAL148,"(np.float64(0.1), np.float64(0.3), np.float64(1.0), np.float64(3.0), np.float64(10.0), np.float64(30.0), np.float64(100.0))",192,26,192,35,0.07010264019227912,0.04990366164275555,False
Dactolisib,CAL148,"(np.float64(0.1), np.float64(0.3), np.float64(1.0), np.float64(3.0), np.float64(10.0), np.float64(30.0), np.float64(100.0))",192,26,192,36,0.05298413884292832,0.03203954932856144,False
Dactolisib,CAL148,"(np.float64(0.1), np.float64(0.3), np.float64(1.0), np.float64(3.0), np.float64(10.0), np.float64(30.0), np.float64(100.0))",192,26,192,49,0.03127883206288475,0.012500456742716699,False
Dactolisib,CAL148,"(np.float64(0.1), np.float64(0.3), np.float64(1.0), np.float64(3.0), np.float64(10.0), np.float64(30.0), np.float64(100.0))",192,26,192,53,0.07566882254070967,0.052619197231808426,False
Dactolisib,CAL148,"(np.float64(0.1), np.float64(0.3), np.float64(1.0), np.float64(3.0), np.float64(10.0), np.float64(30.0), np.float64(100.0))",192,26,192,54,0.06886871839243507,0.03831415751964099,False
Dactolisib,CAL148,"(np.float64(0.1), np.float64(0.3), np.float64(1.0), np.float64(3.0), np.float64(10.0), np.float64(30.0), np.float64(100.0))",192,27,192,28,0.07464107038891556,0.07118302305554215,False
Dactolisib,CAL148,"(np.float64(0.1), np.float64(0.3), np.float64(1.0), np.float64(3.0), np.float64(10.0), np.float64(30.0), np.float64(100.0))",192,27,192,29,0.09139165588360819,0.08267428683450657,False
Dactolisib,CAL148,"(np.float64(0.1), np.float64(0.3), np.float64(1.0), np.float64(3.0), np.float64(10.0), np.float64(30.0), np.float64(100.0))",192,27,192,30,0.051001584462925534,0.04560598437892286,False
Dactolisib,CAL148,"(np.float64(0.1), np.float64(0.3), np.float64(1.0), np.float64(3.0), np.float64(10.0), np.float64(30.0), np.float64(100.0))",192,27,192,31,0.060643897638887403,0.05118479913977815,False
Dactolisib,CAL148,"(np.float64(0.1), np.float64(0.3), np.float64(1.0), np.float64(3.0), np.float64(10.0), np.float64(30.0), np.float64(100.0))",192,27,192,32,0.05180012769984432,0.04815270517020872,False
Dactolisib,CAL148,"(np.float64(0.1), np.float64(0.3), np.float64(1.0), np.float64(3.0), np.float64(10.0), np.float64(30.0), np.float64(100.0))",192,27,192,33,0.017182858338875225,0.008632082166641306,False
Dactolisib,CAL148,"(np.float64(0.1), np.float64(0.3), np.float64(1.0), np.float64(3.0), np.float64(10.0), np.float64(30.0), np.float64(100.0))",192,27,192,34,0.07272342734198038,0.06690789424777688,False
Dactolisib,CAL148,"(np.float64(0.1), np.float64(0.3), np.float64(1.0), np.float64(3.0), np.float64(10.0), np.float64(30.0), np.float64(100.0))",192,27,192,35,0.0757396001058558,0.07200801620060357,False
Dactolisib,CAL148,"(np.float64(0.1), np.float64(0.3), np.float64(1.0), np.float64(3.0), np.float64(10.0), np.float64(30.0), np.float64(100.0))",192,27,192,36,0.05950902502186641,0.05414390388640945,False
Dactolisib,CAL148,"(np.float64(0.1), np.float64(0.3), np.float64(1.0), np.float64(3.0), np.float64(10.0), np.float64(30.0), np.float64(100.0))",192,27,192,49,0.03974801602828193,0.03460481130056471,False
Dactolisib,CAL148,"(np.float64(0.1), np.float64(0.3), np.float64(1.0), np.float64(3.0), np.float64(10.0), np.float64(30.0), np.float64(100.0))",192,27,192,53,0.08190063192398614,0.07472355178965644,False
Dactolisib,CAL148,"(np.float64(0.1), np.float64(0.3), np.float64(1.0), np.float64(3.0), np.float64(10.0), np.float64(30.0), np.float64(100.0))",192,27,192,54,0.0681920326660062,0.060418512077489,False
Dactolisib,CAL148,"(np.float64(0.1), np.float64(0.3), np.float64(1.0), np.float64(3.0), np.float64(10.0), np.float64(30.0), np.float64(100.0))",192,28,192,29,0.031735150938949505,0.011491263778964414,False
Dactolisib,CAL148,"(np.float64(0.1), np.float64(0.3), np.float64(1.0), np.float64(3.0), np.float64(10.0), np.float64(30.0), np.float64(100.0))",192,28,192,30,0.04086741210867266,-0.025577038676619295,False
Dactolisib,CAL148,"(np.float64(0.1), np.float64(0.3), np.float64(1.0), np.float64(3.0), np.float64(10.0), np.float64(30.0), np.float64(100.0))",192,28,192,31,0.04459498290308819,-0.019998223915764002,False
Dactolisib,CAL148,"(np.float64(0.1), np.float64(0.3), np.float64(1.0), np.float64(3.0), np.float64(10.0), np.float64(30.0), np.float64(100.0))",192,28,192,32,0.03610707310164182,-0.023030317885333433,False
Dactolisib,CAL148,"(np.float64(0.1), np.float64(0.3), np.float64(1.0), np.float64(3.0), np.float64(10.0), np.float64(30.0), np.float64(100.0))",192,28,192,33,0.06853842706492265,-0.06255094088890086,False
Dactolisib,CAL148,"(np.float64(0.1), np.float64(0.3), np.float64(1.0), np.float64(3.0), np.float64(10.0), np.float64(30.0), np.float64(100.0))",192,28,192,34,0.0322359653210061,-0.004275128807765276,False
Dactolisib,CAL148,"(np.float64(0.1), np.float64(0.3), np.float64(1.0), np.float64(3.0), np.float64(10.0), np.float64(30.0), np.float64(100.0))",192,28,192,35,0.026508796872812556,0.0008249931450614113,False
Dactolisib,CAL148,"(np.float64(0.1), np.float64(0.3), np.float64(1.0), np.float64(3.0), np.float64(10.0), np.float64(30.0), np.float64(100.0))",192,28,192,36,0.041240419346376817,-0.0170391191691327,False
Dactolisib,CAL148,"(np.float64(0.1), np.float64(0.3), np.float64(1.0), np.float64(3.0), np.float64(10.0), np.float64(30.0), np.float64(100.0))",192,28,192,49,0.048007669619930866,-0.03657821175497744,False
Dactolisib,CAL148,"(np.float64(0.1), np.float64(0.3), np.float64(1.0), np.float64(3.0), np.float64(10.0), np.float64(30.0), np.float64(100.0))",192,28,192,53,0.0350207826361034,0.0035405287341142883,False
Dactolisib,CAL148,"(np.float64(0.1), np.float64(0.3), np.float64(1.0), np.float64(3.0), np.float64(10.0), np.float64(30.0), np.float64(100.0))",192,28,192,54,0.04315180035947984,-0.010764510978053152,False
Dactolisib,CAL148,"(np.float64(0.1), np.float64(0.3), np.float64(1.0), np.float64(3.0), np.float64(10.0), np.float64(30.0), np.float64(100.0))",192,29,192,30,0.056929489846178016,-0.037068302455583714,False
Dactolisib,CAL148,"(np.float64(0.1), np.float64(0.3), np.float64(1.0), np.float64(3.0), np.float64(10.0), np.float64(30.0), np.float64(100.0))",192,29,192,31,0.0658864272061777,-0.03148948769472842,False
Dactolisib,CAL148,"(np.float64(0.1), np.float64(0.3), np.float64(1.0), np.float64(3.0), np.float64(10.0), np.float64(30.0), np.float64(100.0))",192,29,192,32,0.06003183187176794,-0.03452158166429785,False
Dactolisib,CAL148,"(np.float64(0.1), np.float64(0.3), np.float64(1.0), np.float64(3.0), np.float64(10.0), np.float64(30.0), np.float64(100.0))",192,29,192,33,0.0869824760856129,-0.07404220466786526,False
Dactolisib,CAL148,"(np.float64(0.1), np.float64(0.3), np.float64(1.0), np.float64(3.0), np.float64(10.0), np.float64(30.0), np.float64(100.0))",192,29,192,34,0.04044019664096674,-0.01576639258672969,False
Dactolisib,CAL148,"(np.float64(0.1), np.float64(0.3), np.float64(1.0), np.float64(3.0), np.float64(10.0), np.float64(30.0), np.float64(100.0))",192,29,192,35,0.029773076470288245,-0.010666270633903003,False
Dactolisib,CAL148,"(np.float64(0.1), np.float64(0.3), np.float64(1.0), np.float64(3.0), np.float64(10.0), np.float64(30.0), np.float64(100.0))",192,29,192,36,0.05689600432588595,-0.028530382948097115,False
Dactolisib,CAL148,"(np.float64(0.1), np.float64(0.3), np.float64(1.0), np.float64(3.0), np.float64(10.0), np.float64(30.0), np.float64(100.0))",192,29,192,49,0.0723583882880914,-0.048069475533941856,False
Dactolisib,CAL148,"(np.float64(0.1), np.float64(0.3), np.float64(1.0), np.float64(3.0), np.float64(10.0), np.float64(30.0), np.float64(100.0))",192,29,192,53,0.03412338129599091,-0.007950735044850126,False
Dactolisib,CAL148,"(np.float64(0.1), np.float64(0.3), np.float64(1.0), np.float64(3.0), np.float64(10.0), np.float64(30.0), np.float64(100.0))",192,29,192,54,0.04668095989883554,-0.022255774757017566,False
Dactolisib,CAL148,"(np.float64(0.1), np.float64(0.3), np.float64(1.0), np.float64(3.0), np.float64(10.0), np.float64(30.0), np.float64(100.0))",192,30,192,31,0.0399232089704237,0.005578814760855295,False
Dactolisib,CAL148,"(np.float64(0.1), np.float64(0.3), np.float64(1.0), np.float64(3.0), np.float64(10.0), np.float64(30.0), np.float64(100.0))",192,30,192,32,0.03188068830275744,0.0025467207912858647,False
Dactolisib,CAL148,"(np.float64(0.1), np.float64(0.3), np.float64(1.0), np.float64(3.0), np.float64(10.0), np.float64(30.0), np.float64(100.0))",192,30,192,33,0.04664512663200371,-0.03697390221228155,False
Dactolisib,CAL148,"(np.float64(0.1), np.float64(0.3), np.float64(1.0), np.float64(3.0), np.float64(10.0), np.float64(30.0), np.float64(100.0))",192,30,192,34,0.048858761231571526,0.02130190986885402,False
Dactolisib,CAL148,"(np.float64(0.1), np.float64(0.3), np.float64(1.0), np.float64(3.0), np.float64(10.0), np.float64(30.0), np.float64(100.0))",192,30,192,35,0.04426064611065952,0.02640203182168071,False
Dactolisib,CAL148,"(np.float64(0.1), np.float64(0.3), np.float64(1.0), np.float64(3.0), np.float64(10.0), np.float64(30.0), np.float64(100.0))",192,30,192,36,0.03574582199182138,0.008537919507486598,False
Dactolisib,CAL148,"(np.float64(0.1), np.float64(0.3), np.float64(1.0), np.float64(3.0), np.float64(10.0), np.float64(30.0), np.float64(100.0))",192,30,192,49,0.029099922136969127,-0.011001173078358144,False
Dactolisib,CAL148,"(np.float64(0.1), np.float64(0.3), np.float64(1.0), np.float64(3.0), np.float64(10.0), np.float64(30.0), np.float64(100.0))",192,30,192,53,0.05666832299270062,0.029117567410733586,False
Dactolisib,CAL148,"(np.float64(0.1), np.float64(0.3), np.float64(1.0), np.float64(3.0), np.float64(10.0), np.float64(30.0), np.float64(100.0))",192,30,192,54,0.03885652972916506,0.014812527698566145,False
Dactolisib,CAL148,"(np.float64(0.1), np.float64(0.3), np.float64(1.0), np.float64(3.0), np.float64(10.0), np.float64(30.0), np.float64(100.0))",192,31,192,32,0.024203181317989823,-0.0030320939695694304,False
Dactolisib,CAL148,"(np.float64(0.1), np.float64(0.3), np.float64(1.0), np.float64(3.0), np.float64(10.0), np.float64(30.0), np.float64(100.0))",192,31,192,33,0.049668077042549524,-0.042552716973136846,False
Dactolisib,CAL148,"(np.float64(0.1), np.float64(0.3), np.float64(1.0), np.float64(3.0), np.float64(10.0), np.float64(30.0), np.float64(100.0))",192,31,192,34,0.03563183364427786,0.015723095107998724,False
Dactolisib,CAL148,"(np.float64(0.1), np.float64(0.3), np.float64(1.0), np.float64(3.0), np.float64(10.0), np.float64(30.0), np.float64(100.0))",192,31,192,35,0.03989951964124777,0.020823217060825412,False
Dactolisib,CAL148,"(np.float64(0.1), np.float64(0.3), np.float64(1.0), np.float64(3.0), np.float64(10.0), np.float64(30.0), np.float64(100.0))",192,31,192,36,0.017778724899682782,0.0029591047466313025,False
Dactolisib,CAL148,"(np.float64(0.1), np.float64(0.3), np.float64(1.0), np.float64(3.0), np.float64(10.0), np.float64(30.0), np.float64(100.0))",192,31,192,49,0.03041066198621881,-0.01657998783921344,False
Dactolisib,CAL148,"(np.float64(0.1), np.float64(0.3), np.float64(1.0), np.float64(3.0), np.float64(10.0), np.float64(30.0), np.float64(100.0))",192,31,192,53,0.04877106679707204,0.02353875264987829,False
Dactolisib,CAL148,"(np.float64(0.1), np.float64(0.3), np.float64(1.0), np.float64(3.0), np.float64(10.0), np.float64(30.0), np.float64(100.0))",192,31,192,54,0.03521824151178697,0.00923371293771085,False
Dactolisib,CAL148,"(np.float64(0.1), np.float64(0.3), np.float64(1.0), np.float64(3.0), np.float64(10.0), np.float64(30.0), np.float64(100.0))",192,32,192,33,0.040434195151879,-0.039520623003567415,False
Dactolisib,CAL148,"(np.float64(0.1), np.float64(0.3), np.float64(1.0), np.float64(3.0), np.float64(10.0), np.float64(30.0), np.float64(100.0))",192,32,192,34,0.035395083356224315,0.018755189077568155,False
Dactolisib,CAL148,"(np.float64(0.1), np.float64(0.3), np.float64(1.0), np.float64(3.0), np.float64(10.0), np.float64(30.0), np.float64(100.0))",192,32,192,35,0.03746577587922576,0.023855311030394843,False
Dactolisib,CAL148,"(np.float64(0.1), np.float64(0.3), np.float64(1.0), np.float64(3.0), np.float64(10.0), np.float64(30.0), np.float64(100.0))",192,32,192,36,0.021538930372260293,0.005991198716200733,False
Dactolisib,CAL148,"(np.float64(0.1), np.float64(0.3), np.float64(1.0), np.float64(3.0), np.float64(10.0), np.float64(30.0), np.float64(100.0))",192,32,192,49,0.02098396496395278,-0.01354789386964401,False
Dactolisib,CAL148,"(np.float64(0.1), np.float64(0.3), np.float64(1.0), np.float64(3.0), np.float64(10.0), np.float64(30.0), np.float64(100.0))",192,32,192,53,0.04365091456877162,0.02657084661944772,False
Dactolisib,CAL148,"(np.float64(0.1), np.float64(0.3), np.float64(1.0), np.float64(3.0), np.float64(10.0), np.float64(30.0), np.float64(100.0))",192,32,192,54,0.04074948358433772,0.012265806907280281,False
Dactolisib,CAL148,"(np.float64(0.1), np.float64(0.3), np.float64(1.0), np.float64(3.0), np.float64(10.0), np.float64(30.0), np.float64(100.0))",192,33,192,34,0.06384673100438625,0.058275812081135574,False
Dactolisib,CAL148,"(np.float64(0.1), np.float64(0.3), np.float64(1.0), np.float64(3.0), np.float64(10.0), np.float64(30.0), np.float64(100.0))",192,33,192,35,0.06800000102061846,0.06337593403396226,False
Dactolisib,CAL148,"(np.float64(0.1), np.float64(0.3), np.float64(1.0), np.float64(3.0), np.float64(10.0), np.float64(30.0), np.float64(100.0))",192,33,192,36,0.04873551733381986,0.04551182171976815,False
Dactolisib,CAL148,"(np.float64(0.1), np.float64(0.3), np.float64(1.0), np.float64(3.0), np.float64(10.0), np.float64(30.0), np.float64(100.0))",192,33,192,49,0.03236749237580894,0.025972729133923407,False
Dactolisib,CAL148,"(np.float64(0.1), np.float64(0.3), np.float64(1.0), np.float64(3.0), np.float64(10.0), np.float64(30.0), np.float64(100.0))",192,33,192,53,0.07321760933650473,0.06609146962301514,False
Dactolisib,CAL148,"(np.float64(0.1), np.float64(0.3), np.float64(1.0), np.float64(3.0), np.float64(10.0), np.float64(30.0), np.float64(100.0))",192,33,192,54,0.06123180434087663,0.0517864299108477,False
Dactolisib,CAL148,"(np.float64(0.1), np.float64(0.3), np.float64(1.0), np.float64(3.0), np.float64(10.0), np.float64(30.0), np.float64(100.0))",192,34,192,35,0.014260616420651812,0.005100121952826687,False
Dactolisib,CAL148,"(np.float64(0.1), np.float64(0.3), np.float64(1.0), np.float64(3.0), np.float64(10.0), np.float64(30.0), np.float64(100.0))",192,34,192,36,0.025952922806564416,-0.012763990361367423,False
Dactolisib,CAL148,"(np.float64(0.1), np.float64(0.3), np.float64(1.0), np.float64(3.0), np.float64(10.0), np.float64(30.0), np.float64(100.0))",192,34,192,49,0.051236770235986655,-0.03230308294721217,False
Dactolisib,CAL148,"(np.float64(0.1), np.float64(0.3), np.float64(1.0), np.float64(3.0), np.float64(10.0), np.float64(30.0), np.float64(100.0))",192,34,192,53,0.0180353382083634,0.007815657541879564,False
Dactolisib,CAL148,"(np.float64(0.1), np.float64(0.3), np.float64(1.0), np.float64(3.0), np.float64(10.0), np.float64(30.0), np.float64(100.0))",192,34,192,54,0.025257824433912737,-0.006489382170287875,False
Dactolisib,CAL148,"(np.float64(0.1), np.float64(0.3), np.float64(1.0), np.float64(3.0), np.float64(10.0), np.float64(30.0), np.float64(100.0))",192,35,192,36,0.028930133124549895,-0.01786411231419411,False
Dactolisib,CAL148,"(np.float64(0.1), np.float64(0.3), np.float64(1.0), np.float64(3.0), np.float64(10.0), np.float64(30.0), np.float64(100.0))",192,35,192,49,0.05228053924335163,-0.03740320490003885,False
Dactolisib,CAL148,"(np.float64(0.1), np.float64(0.3), np.float64(1.0), np.float64(3.0), np.float64(10.0), np.float64(30.0), np.float64(100.0))",192,35,192,53,0.01574229147554863,0.002715535589052877,False
Dactolisib,CAL148,"(np.float64(0.1), np.float64(0.3), np.float64(1.0), np.float64(3.0), np.float64(10.0), np.float64(30.0), np.float64(100.0))",192,35,192,54,0.024536669040891256,-0.011589504123114562,False
Dactolisib,CAL148,"(np.float64(0.1), np.float64(0.3), np.float64(1.0), np.float64(3.0), np.float64(10.0), np.float64(30.0), np.float64(100.0))",192,36,192,49,0.03310860313220886,-0.01953909258584474,False
Dactolisib,CAL148,"(np.float64(0.1), np.float64(0.3), np.float64(1.0), np.float64(3.0), np.float64(10.0), np.float64(30.0), np.float64(100.0))",192,36,192,53,0.03688205576178511,0.020579647903246987,False
Dactolisib,CAL148,"(np.float64(0.1), np.float64(0.3), np.float64(1.0), np.float64(3.0), np.float64(10.0), np.float64(30.0), np.float64(100.0))",192,36,192,54,0.023933605008870224,0.006274608191079548,False
Dactolisib,CAL148,"(np.float64(0.1), np.float64(0.3), np.float64(1.0), np.float64(3.0), np.float64(10.0), np.float64(30.0), np.float64(100.0))",192,49,192,53,0.060919089306209255,0.04011874048909173,False
Dactolisib,CAL148,"(np.float64(0.1), np.float64(0.3), np.float64(1.0), np.float64(3.0), np.float64(10.0), np.float64(30.0), np.float64(100.0))",192,49,192,54,0.04945455066089865,0.02581370077692429,False
Dactolisib,CAL148,"(np.float64(0.1), np.float64(0.3), np.float64(1.0), np.float64(3.0), np.float64(10.0), np.float64(30.0), np.float64(100.0))",192,53,192,54,0.03614429563993934,-0.01430503971216744,False
Dactolisib,CAL51,"(np.float64(0.1), np.float64(0.3), np.float64(1.0), np.float64(3.0), np.float64(10.0), np.float64(30.0), np.float64(100.0))",192,55,192,56,0.03336238091037548,0.02391305358812076,False
Dactolisib,CAL51,"(np.float64(0.1), np.float64(0.3), np.float64(1.0), np.float64(3.0), np.float64(10.0), np.float64(30.0), np.float64(100.0))",192,55,192,57,0.016818562675598617,0.0027145840129203036,False
Dactolisib,CAL51,"(np.float64(0.1), np.float64(0.3), np.float64(1.0), np.float64(3.0), np.float64(10.0), np.float64(30.0), np.float64(100.0))",192,55,192,58,0.04072332186506975,0.03567558661522715,False
Dactolisib,CAL51,"(np.float64(0.1), np.float64(0.3), np.float64(1.0), np.float64(3.0), np.float64(10.0), np.float64(30.0), np.float64(100.0))",192,55,192,59,0.07030435771514065,0.062049431206289016,False
Dactolisib,CAL51,"(np.float64(0.1), np.float64(0.3), np.float64(1.0), np.float64(3.0), np.float64(10.0), np.float64(30.0), np.float64(100.0))",192,55,192,60,0.04646680906508279,0.026615014718944865,False
Dactolisib,CAL51,"(np.float64(0.1), np.float64(0.3), np.float64(1.0), np.float64(3.0), np.float64(10.0), np.float64(30.0), np.float64(100.0))",192,55,192,61,0.027108220998016033,0.012431652334253727,False
Dactolisib,CAL51,"(np.float64(0.1), np.float64(0.3), np.float64(1.0), np.float64(3.0), np.float64(10.0), np.float64(30.0), np.float64(100.0))",192,55,192,62,0.034734650363364525,0.0026432247709467427,False
Dactolisib,CAL51,"(np.float64(0.1), np.float64(0.3), np.float64(1.0), np.float64(3.0), np.float64(10.0), np.float64(30.0), np.float64(100.0))",192,55,192,63,0.024973506596561147,-0.021587625078832988,False
Dactolisib,CAL51,"(np.float64(0.1), np.float64(0.3), np.float64(1.0), np.float64(3.0), np.float64(10.0), np.float64(30.0), np.float64(100.0))",192,55,192,64,0.03740486173116887,0.0317649612686063,False
Dactolisib,CAL51,"(np.float64(0.1), np.float64(0.3), np.float64(1.0), np.float64(3.0), np.float64(10.0), np.float64(30.0), np.float64(100.0))",192,55,192,65,0.07433736969021494,0.06811190147003088,False
Dactolisib,CAL51,"(np.float64(0.1), np.float64(0.3), np.float64(1.0), np.float64(3.0), np.float64(10.0), np.float64(30.0), np.float64(100.0))",192,55,192,66,0.047537851014781245,0.040265122634594315,False
Dactolisib,CAL51,"(np.float64(0.1), np.float64(0.3), np.float64(1.0), np.float64(3.0), np.float64(10.0), np.float64(30.0), np.float64(100.0))",192,55,192,79,0.026646213350565863,0.003916418045472191,False
Dactolisib,CAL51,"(np.float64(0.1), np.float64(0.3), np.float64(1.0), np.float64(3.0), np.float64(10.0), np.float64(30.0), np.float64(100.0))",192,55,192,83,0.0775556900973889,0.0642182054742216,False
Dactolisib,CAL51,"(np.float64(0.1), np.float64(0.3), np.float64(1.0), np.float64(3.0), np.float64(10.0), np.float64(30.0), np.float64(100.0))",192,55,192,84,0.04974800120093325,0.03612118735346903,False
Dactolisib,CAL51,"(np.float64(0.1), np.float64(0.3), np.float64(1.0), np.float64(3.0), np.float64(10.0), np.float64(30.0), np.float64(100.0))",192,56,192,57,0.03646442565982332,-0.021198469575200458,False
Dactolisib,CAL51,"(np.float64(0.1), np.float64(0.3), np.float64(1.0), np.float64(3.0), np.float64(10.0), np.float64(30.0), np.float64(100.0))",192,56,192,58,0.027370724326348544,0.011762533027106392,False
Dactolisib,CAL51,"(np.float64(0.1), np.float64(0.3), np.float64(1.0), np.float64(3.0), np.float64(10.0), np.float64(30.0), np.float64(100.0))",192,56,192,59,0.043247215699096855,0.03813637761816825,False
Dactolisib,CAL51,"(np.float64(0.1), np.float64(0.3), np.float64(1.0), np.float64(3.0), np.float64(10.0), np.float64(30.0), np.float64(100.0))",192,56,192,60,0.03260824163567877,0.0027019611308241043,False
Dactolisib,CAL51,"(np.float64(0.1), np.float64(0.3), np.float64(1.0), np.float64(3.0), np.float64(10.0), np.float64(30.0), np.float64(100.0))",192,56,192,61,0.023485876033589866,-0.011481401253867032,False
Dactolisib,CAL51,"(np.float64(0.1), np.float64(0.3), np.float64(1.0), np.float64(3.0), np.float64(10.0), np.float64(30.0), np.float64(100.0))",192,56,192,62,0.031136118521950237,-0.021269828817174017,False
Dactolisib,CAL51,"(np.float64(0.1), np.float64(0.3), np.float64(1.0), np.float64(3.0), np.float64(10.0), np.float64(30.0), np.float64(100.0))",192,56,192,63,0.05052397095703504,-0.045500678666953745,False
Dactolisib,CAL51,"(np.float64(0.1), np.float64(0.3), np.float64(1.0), np.float64(3.0), np.float64(10.0), np.float64(30.0), np.float64(100.0))",192,56,192,64,0.023879936751361422,0.00785190768048554,False
Dactolisib,CAL51,"(np.float64(0.1), np.float64(0.3), np.float64(1.0), np.float64(3.0), np.float64(10.0), np.float64(30.0), np.float64(100.0))",192,56,192,65,0.047995140548823034,0.04419884788191012,False
Dactolisib,CAL51,"(np.float64(0.1), np.float64(0.3), np.float64(1.0), np.float64(3.0), np.float64(10.0), np.float64(30.0), np.float64(100.0))",192,56,192,66,0.028201195737528408,0.016352069046473554,False
Dactolisib,CAL51,"(np.float64(0.1), np.float64(0.3), np.float64(1.0), np.float64(3.0), np.float64(10.0), np.float64(30.0), np.float64(100.0))",192,56,192,79,0.026848229134999516,-0.01999663554264857,False
Dactolisib,CAL51,"(np.float64(0.1), np.float64(0.3), np.float64(1.0), np.float64(3.0), np.float64(10.0), np.float64(30.0), np.float64(100.0))",192,56,192,83,0.049622368263809474,0.04030515188610084,False
Dactolisib,CAL51,"(np.float64(0.1), np.float64(0.3), np.float64(1.0), np.float64(3.0), np.float64(10.0), np.float64(30.0), np.float64(100.0))",192,56,192,84,0.03121479189112498,0.01220813376534827,False
Dactolisib,CAL51,"(np.float64(0.1), np.float64(0.3), np.float64(1.0), np.float64(3.0), np.float64(10.0), np.float64(30.0), np.float64(100.0))",192,57,192,58,0.04571221646251079,0.032961002602306846,False
Dactolisib,CAL51,"(np.float64(0.1), np.float64(0.3), np.float64(1.0), np.float64(3.0), np.float64(10.0), np.float64(30.0), np.float64(100.0))",192,57,192,59,0.0698267939058478,0.05933484719336871,False
Dactolisib,CAL51,"(np.float64(0.1), np.float64(0.3), np.float64(1.0), np.float64(3.0), np.float64(10.0), np.float64(30.0), np.float64(100.0))",192,57,192,60,0.038462907691793016,0.023900430706024562,False
Dactolisib,CAL51,"(np.float64(0.1), np.float64(0.3), np.float64(1.0), np.float64(3.0), np.float64(10.0), np.float64(30.0), np.float64(100.0))",192,57,192,61,0.03190320538214844,0.009717068321333424,False
Dactolisib,CAL51,"(np.float64(0.1), np.float64(0.3), np.float64(1.0), np.float64(3.0), np.float64(10.0), np.float64(30.0), np.float64(100.0))",192,57,192,62,0.04245316755838121,-7.135924197356123e-05,False
Dactolisib,CAL51,"(np.float64(0.1), np.float64(0.3), np.float64(1.0), np.float64(3.0), np.float64(10.0), np.float64(30.0), np.float64(100.0))",192,57,192,63,0.03299044100688989,-0.02430220909175329,False
Dactolisib,CAL51,"(np.float64(0.1), np.float64(0.3), np.float64(1.0), np.float64(3.0), np.float64(10.0), np.float64(30.0), np.float64(100.0))",192,57,192,64,0.041623847478088775,0.029050377255685995,False
Dactolisib,CAL51,"(np.float64(0.1), np.float64(0.3), np.float64(1.0), np.float64(3.0), np.float64(10.0), np.float64(30.0), np.float64(100.0))",192,57,192,65,0.07380456079414839,0.06539731745711057,False
Dactolisib,CAL51,"(np.float64(0.1), np.float64(0.3), np.float64(1.0), np.float64(3.0), np.float64(10.0), np.float64(30.0), np.float64(100.0))",192,57,192,66,0.04739165581695836,0.03755053862167401,False
Dactolisib,CAL51,"(np.float64(0.1), np.float64(0.3), np.float64(1.0), np.float64(3.0), np.float64(10.0), np.float64(30.0), np.float64(100.0))",192,57,192,79,0.03300252488863408,0.0012018340325518867,False
Dactolisib,CAL51,"(np.float64(0.1), np.float64(0.3), np.float64(1.0), np.float64(3.0), np.float64(10.0), np.float64(30.0), np.float64(100.0))",192,57,192,83,0.07827362301408833,0.0615036214613013,False
Dactolisib,CAL51,"(np.float64(0.1), np.float64(0.3), np.float64(1.0), np.float64(3.0), np.float64(10.0), np.float64(30.0), np.float64(100.0))",192,57,192,84,0.056033732734946766,0.03340660334054873,False
Dactolisib,CAL51,"(np.float64(0.1), np.float64(0.3), np.float64(1.0), np.float64(3.0), np.float64(10.0), np.float64(30.0), np.float64(100.0))",192,58,192,59,0.04020665015115229,0.026373844591061863,False
Dactolisib,CAL51,"(np.float64(0.1), np.float64(0.3), np.float64(1.0), np.float64(3.0), np.float64(10.0), np.float64(30.0), np.float64(100.0))",192,58,192,60,0.04991955224808586,-0.009060571896282288,False
Dactolisib,CAL51,"(np.float64(0.1), np.float64(0.3), np.float64(1.0), np.float64(3.0), np.float64(10.0), np.float64(30.0), np.float64(100.0))",192,58,192,61,0.030381181442823934,-0.023243934280973426,False
Dactolisib,CAL51,"(np.float64(0.1), np.float64(0.3), np.float64(1.0), np.float64(3.0), np.float64(10.0), np.float64(30.0), np.float64(100.0))",192,58,192,62,0.04869233639295906,-0.03303236184428041,False
Dactolisib,CAL51,"(np.float64(0.1), np.float64(0.3), np.float64(1.0), np.float64(3.0), np.float64(10.0), np.float64(30.0), np.float64(100.0))",192,58,192,63,0.058910344906772064,-0.05726321169406014,False
Dactolisib,CAL51,"(np.float64(0.1), np.float64(0.3), np.float64(1.0), np.float64(3.0), np.float64(10.0), np.float64(30.0), np.float64(100.0))",192,58,192,64,0.016396011390982672,-0.003910625346620852,False
Dactolisib,CAL51,"(np.float64(0.1), np.float64(0.3), np.float64(1.0), np.float64(3.0), np.float64(10.0), np.float64(30.0), np.float64(100.0))",192,58,192,65,0.04489835839107174,0.03243631485480373,False
Dactolisib,CAL51,"(np.float64(0.1), np.float64(0.3), np.float64(1.0), np.float64(3.0), np.float64(10.0), np.float64(30.0), np.float64(100.0))",192,58,192,66,0.020073690282891722,0.004589536019367164,False
Dactolisib,CAL51,"(np.float64(0.1), np.float64(0.3), np.float64(1.0), np.float64(3.0), np.float64(10.0), np.float64(30.0), np.float64(100.0))",192,58,192,79,0.04386716712829858,-0.03175916856975496,False
Dactolisib,CAL51,"(np.float64(0.1), np.float64(0.3), np.float64(1.0), np.float64(3.0), np.float64(10.0), np.float64(30.0), np.float64(100.0))",192,58,192,83,0.04992191571903703,0.02854261885899445,False
Dactolisib,CAL51,"(np.float64(0.1), np.float64(0.3), np.float64(1.0), np.float64(3.0), np.float64(10.0), np.float64(30.0), np.float64(100.0))",192,58,192,84,0.02391449858045582,0.0004456007382418787,False
Dactolisib,CAL51,"(np.float64(0.1), np.float64(0.3), np.float64(1.0), np.float64(3.0), np.float64(10.0), np.float64(30.0), np.float64(100.0))",192,59,192,60,0.05584976772394742,-0.03543441648734415,False
Dactolisib,CAL51,"(np.float64(0.1), np.float64(0.3), np.float64(1.0), np.float64(3.0), np.float64(10.0), np.float64(30.0), np.float64(100.0))",192,59,192,61,0.05945065063661623,-0.049617778872035286,False
Dactolisib,CAL51,"(np.float64(0.1), np.float64(0.3), np.float64(1.0), np.float64(3.0), np.float64(10.0), np.float64(30.0), np.float64(100.0))",192,59,192,62,0.06262924746732058,-0.05940620643534227,False
Dactolisib,CAL51,"(np.float64(0.1), np.float64(0.3), np.float64(1.0), np.float64(3.0), np.float64(10.0), np.float64(30.0), np.float64(100.0))",192,59,192,63,0.08878539420904587,-0.083637056285122,False
Dactolisib,CAL51,"(np.float64(0.1), np.float64(0.3), np.float64(1.0), np.float64(3.0), np.float64(10.0), np.float64(30.0), np.float64(100.0))",192,59,192,64,0.03630765664954429,-0.030284469937682714,False
Dactolisib,CAL51,"(np.float64(0.1), np.float64(0.3), np.float64(1.0), np.float64(3.0), np.float64(10.0), np.float64(30.0), np.float64(100.0))",192,59,192,65,0.01231739531897503,0.006062470263741864,False
Dactolisib,CAL51,"(np.float64(0.1), np.float64(0.3), np.float64(1.0), np.float64(3.0), np.float64(10.0), np.float64(30.0), np.float64(100.0))",192,59,192,66,0.028655275038302917,-0.021784308571694697,False
Dactolisib,CAL51,"(np.float64(0.1), np.float64(0.3), np.float64(1.0), np.float64(3.0), np.float64(10.0), np.float64(30.0), np.float64(100.0))",192,59,192,79,0.060126339509258504,-0.05813301316081682,False
Dactolisib,CAL51,"(np.float64(0.1), np.float64(0.3), np.float64(1.0), np.float64(3.0), np.float64(10.0), np.float64(30.0), np.float64(100.0))",192,59,192,83,0.018617696111192576,0.002168774267932589,False
Dactolisib,CAL51,"(np.float64(0.1), np.float64(0.3), np.float64(1.0), np.float64(3.0), np.float64(10.0), np.float64(30.0), np.float64(100.0))",192,59,192,84,0.03950385048147868,-0.02592824385281998,False
Dactolisib,CAL51,"(np.float64(0.1), np.float64(0.3), np.float64(1.0), np.float64(3.0), np.float64(10.0), np.float64(30.0), np.float64(100.0))",192,60,192,61,0.04439429557010404,-0.014183362384691136,False
Dactolisib,CAL51,"(np.float64(0.1), np.float64(0.3), np.float64(1.0), np.float64(3.0), np.float64(10.0), np.float64(30.0), np.float64(100.0))",192,60,192,62,0.05092914588932376,-0.02397178994799812,False
Dactolisib,CAL51,"(np.float64(0.1), np.float64(0.3), np.float64(1.0), np.float64(3.0), np.float64(10.0), np.float64(30.0), np.float64(100.0))",192,60,192,63,0.06182380767145171,-0.04820263979777785,False
Dactolisib,CAL51,"(np.float64(0.1), np.float64(0.3), np.float64(1.0), np.float64(3.0), np.float64(10.0), np.float64(30.0), np.float64(100.0))",192,60,192,64,0.046938029087149925,0.005149946549661436,False
Dactolisib,CAL51,"(np.float64(0.1), np.float64(0.3), np.float64(1.0), np.float64(3.0), np.float64(10.0), np.float64(30.0), np.float64(100.0))",192,60,192,65,0.05839134790329609,0.041496886751086016,False
Dactolisib,CAL51,"(np.float64(0.1), np.float64(0.3), np.float64(1.0), np.float64(3.0), np.float64(10.0), np.float64(30.0), np.float64(100.0))",192,60,192,66,0.04693621975216517,0.013650107915649452,False
Dactolisib,CAL51,"(np.float64(0.1), np.float64(0.3), np.float64(1.0), np.float64(3.0), np.float64(10.0), np.float64(30.0), np.float64(100.0))",192,60,192,79,0.04706644820123249,-0.022698596673472675,False
Dactolisib,CAL51,"(np.float64(0.1), np.float64(0.3), np.float64(1.0), np.float64(3.0), np.float64(10.0), np.float64(30.0), np.float64(100.0))",192,60,192,83,0.06082887009251359,0.03760319075527674,False
Dactolisib,CAL51,"(np.float64(0.1), np.float64(0.3), np.float64(1.0), np.float64(3.0), np.float64(10.0), np.float64(30.0), np.float64(100.0))",192,60,192,84,0.05288393692379059,0.009506172634524166,False
Dactolisib,CAL51,"(np.float64(0.1), np.float64(0.3), np.float64(1.0), np.float64(3.0), np.float64(10.0), np.float64(30.0), np.float64(100.0))",192,61,192,62,0.041120528574324654,-0.009788427563306985,False
Dactolisib,CAL51,"(np.float64(0.1), np.float64(0.3), np.float64(1.0), np.float64(3.0), np.float64(10.0), np.float64(30.0), np.float64(100.0))",192,61,192,63,0.04084609177252036,-0.03401927741308671,False
Dactolisib,CAL51,"(np.float64(0.1), np.float64(0.3), np.float64(1.0), np.float64(3.0), np.float64(10.0), np.float64(30.0), np.float64(100.0))",192,61,192,64,0.03383229361399758,0.01933330893435257,False
Dactolisib,CAL51,"(np.float64(0.1), np.float64(0.3), np.float64(1.0), np.float64(3.0), np.float64(10.0), np.float64(30.0), np.float64(100.0))",192,61,192,65,0.06502479853514137,0.05568024913577715,False
Dactolisib,CAL51,"(np.float64(0.1), np.float64(0.3), np.float64(1.0), np.float64(3.0), np.float64(10.0), np.float64(30.0), np.float64(100.0))",192,61,192,66,0.03627416630093901,0.027833470300340588,False
Dactolisib,CAL51,"(np.float64(0.1), np.float64(0.3), np.float64(1.0), np.float64(3.0), np.float64(10.0), np.float64(30.0), np.float64(100.0))",192,61,192,79,0.033692961245181986,-0.008515234288781537,False
Dactolisib,CAL51,"(np.float64(0.1), np.float64(0.3), np.float64(1.0), np.float64(3.0), np.float64(10.0), np.float64(30.0), np.float64(100.0))",192,61,192,83,0.06928865574380626,0.05178655313996788,False
Dactolisib,CAL51,"(np.float64(0.1), np.float64(0.3), np.float64(1.0), np.float64(3.0), np.float64(10.0), np.float64(30.0), np.float64(100.0))",192,61,192,84,0.04389672012349258,0.023689535019215304,False
Dactolisib,CAL51,"(np.float64(0.1), np.float64(0.3), np.float64(1.0), np.float64(3.0), np.float64(10.0), np.float64(30.0), np.float64(100.0))",192,62,192,63,0.04060646733685554,-0.024230849849779728,False
Dactolisib,CAL51,"(np.float64(0.1), np.float64(0.3), np.float64(1.0), np.float64(3.0), np.float64(10.0), np.float64(30.0), np.float64(100.0))",192,62,192,64,0.037977298711565646,0.029121736497659558,False
Dactolisib,CAL51,"(np.float64(0.1), np.float64(0.3), np.float64(1.0), np.float64(3.0), np.float64(10.0), np.float64(30.0), np.float64(100.0))",192,62,192,65,0.06825157916575626,0.06546867669908414,False
Dactolisib,CAL51,"(np.float64(0.1), np.float64(0.3), np.float64(1.0), np.float64(3.0), np.float64(10.0), np.float64(30.0), np.float64(100.0))",192,62,192,66,0.05052641317399908,0.03762189786364757,False
Dactolisib,CAL51,"(np.float64(0.1), np.float64(0.3), np.float64(1.0), np.float64(3.0), np.float64(10.0), np.float64(30.0), np.float64(100.0))",192,62,192,79,0.012775104033026868,0.0012731932745254479,False
Dactolisib,CAL51,"(np.float64(0.1), np.float64(0.3), np.float64(1.0), np.float64(3.0), np.float64(10.0), np.float64(30.0), np.float64(100.0))",192,62,192,83,0.06474425019913996,0.06157498070327486,False
Dactolisib,CAL51,"(np.float64(0.1), np.float64(0.3), np.float64(1.0), np.float64(3.0), np.float64(10.0), np.float64(30.0), np.float64(100.0))",192,62,192,84,0.045118343003111155,0.03347796258252229,False
Dactolisib,CAL51,"(np.float64(0.1), np.float64(0.3), np.float64(1.0), np.float64(3.0), np.float64(10.0), np.float64(30.0), np.float64(100.0))",192,63,192,64,0.055652665551006536,0.053352586347439286,False
Dactolisib,CAL51,"(np.float64(0.1), np.float64(0.3), np.float64(1.0), np.float64(3.0), np.float64(10.0), np.float64(30.0), np.float64(100.0))",192,63,192,65,0.09458002059323657,0.08969952654886386,False
Dactolisib,CAL51,"(np.float64(0.1), np.float64(0.3), np.float64(1.0), np.float64(3.0), np.float64(10.0), np.float64(30.0), np.float64(100.0))",192,63,192,66,0.06592294455046299,0.0618527477134273,False
Dactolisib,CAL51,"(np.float64(0.1), np.float64(0.3), np.float64(1.0), np.float64(3.0), np.float64(10.0), np.float64(30.0), np.float64(100.0))",192,63,192,79,0.037281434823781975,0.025504043124305178,False
Dactolisib,CAL51,"(np.float64(0.1), np.float64(0.3), np.float64(1.0), np.float64(3.0), np.float64(10.0), np.float64(30.0), np.float64(100.0))",192,63,192,83,0.09461637133828499,0.08580583055305459,False
Dactolisib,CAL51,"(np.float64(0.1), np.float64(0.3), np.float64(1.0), np.float64(3.0), np.float64(10.0), np.float64(30.0), np.float64(100.0))",192,63,192,84,0.06367608890658676,0.05770881243230202,False
Dactolisib,CAL51,"(np.float64(0.1), np.float64(0.3), np.float64(1.0), np.float64(3.0), np.float64(10.0), np.float64(30.0), np.float64(100.0))",192,64,192,65,0.041993123432533565,0.03634694020142458,False
Dactolisib,CAL51,"(np.float64(0.1), np.float64(0.3), np.float64(1.0), np.float64(3.0), np.float64(10.0), np.float64(30.0), np.float64(100.0))",192,64,192,66,0.019190486705633062,0.008500161365988015,False
Dactolisib,CAL51,"(np.float64(0.1), np.float64(0.3), np.float64(1.0), np.float64(3.0), np.float64(10.0), np.float64(30.0), np.float64(100.0))",192,64,192,79,0.03330273911451079,-0.02784854322313411,False
Dactolisib,CAL51,"(np.float64(0.1), np.float64(0.3), np.float64(1.0), np.float64(3.0), np.float64(10.0), np.float64(30.0), np.float64(100.0))",192,64,192,83,0.0450777177157777,0.0324532442056153,False
Dactolisib,CAL51,"(np.float64(0.1), np.float64(0.3), np.float64(1.0), np.float64(3.0), np.float64(10.0), np.float64(30.0), np.float64(100.0))",192,64,192,84,0.024549093947237078,0.004356226084862731,False
Dactolisib,CAL51,"(np.float64(0.1), np.float64(0.3), np.float64(1.0), np.float64(3.0), np.float64(10.0), np.float64(30.0), np.float64(100.0))",192,65,192,66,0.03448540895594877,-0.027846778835436563,False
Dactolisib,CAL51,"(np.float64(0.1), np.float64(0.3), np.float64(1.0), np.float64(3.0), np.float64(10.0), np.float64(30.0), np.float64(100.0))",192,65,192,79,0.06543073113335526,-0.06419548342455869,False
Dactolisib,CAL51,"(np.float64(0.1), np.float64(0.3), np.float64(1.0), np.float64(3.0), np.float64(10.0), np.float64(30.0), np.float64(100.0))",192,65,192,83,0.01874221268667323,-0.003893695995809275,False
Dactolisib,CAL51,"(np.float64(0.1), np.float64(0.3), np.float64(1.0), np.float64(3.0), np.float64(10.0), np.float64(30.0), np.float64(100.0))",192,65,192,84,0.04378669030655818,-0.03199071411656185,False
Dactolisib,CAL51,"(np.float64(0.1), np.float64(0.3), np.float64(1.0), np.float64(3.0), np.float64(10.0), np.float64(30.0), np.float64(100.0))",192,66,192,79,0.04418150983711141,-0.03634870458912213,False
Dactolisib,CAL51,"(np.float64(0.1), np.float64(0.3), np.float64(1.0), np.float64(3.0), np.float64(10.0), np.float64(30.0), np.float64(100.0))",192,66,192,83,0.040930100428242785,0.02395308283962729,False
Dactolisib,CAL51,"(np.float64(0.1), np.float64(0.3), np.float64(1.0), np.float64(3.0), np.float64(10.0), np.float64(30.0), np.float64(100.0))",192,66,192,84,0.030437798206425015,-0.004143935281125285,False
Dactolisib,CAL51,"(np.float64(0.1), np.float64(0.3), np.float64(1.0), np.float64(3.0), np.float64(10.0), np.float64(30.0), np.float64(100.0))",192,79,192,83,0.06514280274674188,0.060301787428749413,False
Dactolisib,CAL51,"(np.float64(0.1), np.float64(0.3), np.float64(1.0), np.float64(3.0), np.float64(10.0), np.float64(30.0), np.float64(100.0))",192,79,192,84,0.045770230272007065,0.03220476930799684,False
Dactolisib,CAL51,"(np.float64(0.1), np.float64(0.3), np.float64(1.0), np.float64(3.0), np.float64(10.0), np.float64(30.0), np.float64(100.0))",192,83,192,84,0.03970570053005891,-0.028097018120752573,False
Dactolisib,DU4475,"(np.float64(0.1), np.float64(0.3), np.float64(1.0), np.float64(3.0), np.float64(10.0), np.float64(30.0), np.float64(100.0))",192,85,192,86,0.04240320881882915,0.017265286689187698,False
Dactolisib,DU4475,"(np.float64(0.1), np.float64(0.3), np.float64(1.0), np.float64(3.0), np.float64(10.0), np.float64(30.0), np.float64(100.0))",192,85,192,87,0.039351553246069836,0.022996349785748445,False
Dactolisib,DU4475,"(np.float64(0.1), np.float64(0.3), np.float64(1.0), np.float64(3.0), np.float64(10.0), np.float64(30.0), np.float64(100.0))",192,85,192,88,0.06820778354167958,0.051864783367719554,False
Dactolisib,DU4475,"(np.float64(0.1), np.float64(0.3), np.float64(1.0), np.float64(3.0), np.float64(10.0), np.float64(30.0), np.float64(100.0))",192,85,192,89,0.10012718350787712,0.07303693291314316,False
Dactolisib,DU4475,"(np.float64(0.1), np.float64(0.3), np.float64(1.0), np.float64(3.0), np.float64(10.0), np.float64(30.0), np.float64(100.0))",192,85,192,90,0.0707795409701197,0.05459088126601229,False
Dactolisib,DU4475,"(np.float64(0.1), np.float64(0.3), np.float64(1.0), np.float64(3.0), np.float64(10.0), np.float64(30.0), np.float64(100.0))",192,85,192,91,0.06229912223538176,-0.030314731571567832,False
Dactolisib,DU4475,"(np.float64(0.1), np.float64(0.3), np.float64(1.0), np.float64(3.0), np.float64(10.0), np.float64(30.0), np.float64(100.0))",192,85,192,92,0.04791296199004821,0.028038314405287684,False
Dactolisib,DU4475,"(np.float64(0.1), np.float64(0.3), np.float64(1.0), np.float64(3.0), np.float64(10.0), np.float64(30.0), np.float64(100.0))",192,85,192,93,0.03822621896276325,0.006794829083172542,False
Dactolisib,DU4475,"(np.float64(0.1), np.float64(0.3), np.float64(1.0), np.float64(3.0), np.float64(10.0), np.float64(30.0), np.float64(100.0))",192,85,192,94,0.061988469447902796,0.04897490713709328,False
Dactolisib,DU4475,"(np.float64(0.1), np.float64(0.3), np.float64(1.0), np.float64(3.0), np.float64(10.0), np.float64(30.0), np.float64(100.0))",192,85,192,95,0.07311960459919659,0.05639464657713657,False
Dactolisib,DU4475,"(np.float64(0.1), np.float64(0.3), np.float64(1.0), np.float64(3.0), np.float64(10.0), np.float64(30.0), np.float64(100.0))",192,85,192,96,0.07140590322402801,0.04458607150930784,False
Dactolisib,DU4475,"(np.float64(0.1), np.float64(0.3), np.float64(1.0), np.float64(3.0), np.float64(10.0), np.float64(30.0), np.float64(100.0))",192,85,192,109,0.04894276704991067,0.011681628893913427,False
Dactolisib,DU4475,"(np.float64(0.1), np.float64(0.3), np.float64(1.0), np.float64(3.0), np.float64(10.0), np.float64(30.0), np.float64(100.0))",192,85,192,113,0.11592495011485716,0.0844518234161857,False
Dactolisib,DU4475,"(np.float64(0.1), np.float64(0.3), np.float64(1.0), np.float64(3.0), np.float64(10.0), np.float64(30.0), np.float64(100.0))",192,85,192,114,0.10345898656221998,0.0711663549639427,False
Dactolisib,DU4475,"(np.float64(0.1), np.float64(0.3), np.float64(1.0), np.float64(3.0), np.float64(10.0), np.float64(30.0), np.float64(100.0))",192,86,192,87,0.06297221094576007,0.005731063096560748,False
Dactolisib,DU4475,"(np.float64(0.1), np.float64(0.3), np.float64(1.0), np.float64(3.0), np.float64(10.0), np.float64(30.0), np.float64(100.0))",192,86,192,88,0.07237890578370383,0.034599496678531856,False
Dactolisib,DU4475,"(np.float64(0.1), np.float64(0.3), np.float64(1.0), np.float64(3.0), np.float64(10.0), np.float64(30.0), np.float64(100.0))",192,86,192,89,0.09385232648606909,0.05577164622395546,False
Dactolisib,DU4475,"(np.float64(0.1), np.float64(0.3), np.float64(1.0), np.float64(3.0), np.float64(10.0), np.float64(30.0), np.float64(100.0))",192,86,192,90,0.0625404526362397,0.03732559457682459,False
Dactolisib,DU4475,"(np.float64(0.1), np.float64(0.3), np.float64(1.0), np.float64(3.0), np.float64(10.0), np.float64(30.0), np.float64(100.0))",192,86,192,91,0.0791934955073427,-0.04758001826075553,False
Dactolisib,DU4475,"(np.float64(0.1), np.float64(0.3), np.float64(1.0), np.float64(3.0), np.float64(10.0), np.float64(30.0), np.float64(100.0))",192,86,192,92,0.04640168068587368,0.010773027716099988,False
Dactolisib,DU4475,"(np.float64(0.1), np.float64(0.3), np.float64(1.0), np.float64(3.0), np.float64(10.0), np.float64(30.0), np.float64(100.0))",192,86,192,93,0.06147355030842563,-0.010470457606015155,False
Dactolisib,DU4475,"(np.float64(0.1), np.float64(0.3), np.float64(1.0), np.float64(3.0), np.float64(10.0), np.float64(30.0), np.float64(100.0))",192,86,192,94,0.06541308792528594,0.03170962044790558,False
Dactolisib,DU4475,"(np.float64(0.1), np.float64(0.3), np.float64(1.0), np.float64(3.0), np.float64(10.0), np.float64(30.0), np.float64(100.0))",192,86,192,95,0.07305391345124781,0.03912935988794887,False
Dactolisib,DU4475,"(np.float64(0.1), np.float64(0.3), np.float64(1.0), np.float64(3.0), np.float64(10.0), np.float64(30.0), np.float64(100.0))",192,86,192,96,0.08262579330399664,0.027320784820120143,False
Dactolisib,DU4475,"(np.float64(0.1), np.float64(0.3), np.float64(1.0), np.float64(3.0), np.float64(10.0), np.float64(30.0), np.float64(100.0))",192,86,192,109,0.043045032157773486,-0.005583657795274271,False
Dactolisib,DU4475,"(np.float64(0.1), np.float64(0.3), np.float64(1.0), np.float64(3.0), np.float64(10.0), np.float64(30.0), np.float64(100.0))",192,86,192,113,0.11974728054175339,0.06718653672699801,False
Dactolisib,DU4475,"(np.float64(0.1), np.float64(0.3), np.float64(1.0), np.float64(3.0), np.float64(10.0), np.float64(30.0), np.float64(100.0))",192,86,192,114,0.10299231610645443,0.053901068274755,False
Dactolisib,DU4475,"(np.float64(0.1), np.float64(0.3), np.float64(1.0), np.float64(3.0), np.float64(10.0), np.float64(30.0), np.float64(100.0))",192,87,192,88,0.04081184288878335,0.02886843358197111,False
Dactolisib,DU4475,"(np.float64(0.1), np.float64(0.3), np.float64(1.0), np.float64(3.0), np.float64(10.0), np.float64(30.0), np.float64(100.0))",192,87,192,89,0.07658140994851297,0.05004058312739471,False
Dactolisib,DU4475,"(np.float64(0.1), np.float64(0.3), np.float64(1.0), np.float64(3.0), np.float64(10.0), np.float64(30.0), np.float64(100.0))",192,87,192,90,0.048701245369925386,0.031594531480263845,False
Dactolisib,DU4475,"(np.float64(0.1), np.float64(0.3), np.float64(1.0), np.float64(3.0), np.float64(10.0), np.float64(30.0), np.float64(100.0))",192,87,192,91,0.07645995757097125,-0.05331108135731628,False
Dactolisib,DU4475,"(np.float64(0.1), np.float64(0.3), np.float64(1.0), np.float64(3.0), np.float64(10.0), np.float64(30.0), np.float64(100.0))",192,87,192,92,0.036125191639429254,0.00504196461953924,False
Dactolisib,DU4475,"(np.float64(0.1), np.float64(0.3), np.float64(1.0), np.float64(3.0), np.float64(10.0), np.float64(30.0), np.float64(100.0))",192,87,192,93,0.024760279441913623,-0.016201520702575904,False
Dactolisib,DU4475,"(np.float64(0.1), np.float64(0.3), np.float64(1.0), np.float64(3.0), np.float64(10.0), np.float64(30.0), np.float64(100.0))",192,87,192,94,0.043917754609906795,0.02597855735134483,False
Dactolisib,DU4475,"(np.float64(0.1), np.float64(0.3), np.float64(1.0), np.float64(3.0), np.float64(10.0), np.float64(30.0), np.float64(100.0))",192,87,192,95,0.049304818624353694,0.03339829679138812,False
Dactolisib,DU4475,"(np.float64(0.1), np.float64(0.3), np.float64(1.0), np.float64(3.0), np.float64(10.0), np.float64(30.0), np.float64(100.0))",192,87,192,96,0.03518085315475619,0.021589721723559392,False
Dactolisib,DU4475,"(np.float64(0.1), np.float64(0.3), np.float64(1.0), np.float64(3.0), np.float64(10.0), np.float64(30.0), np.float64(100.0))",192,87,192,109,0.06357405394673306,-0.01131472089183502,False
Dactolisib,DU4475,"(np.float64(0.1), np.float64(0.3), np.float64(1.0), np.float64(3.0), np.float64(10.0), np.float64(30.0), np.float64(100.0))",192,87,192,113,0.08427642327149702,0.061455473630437255,False
Dactolisib,DU4475,"(np.float64(0.1), np.float64(0.3), np.float64(1.0), np.float64(3.0), np.float64(10.0), np.float64(30.0), np.float64(100.0))",192,87,192,114,0.07340852992242491,0.04817000517819425,False
Dactolisib,DU4475,"(np.float64(0.1), np.float64(0.3), np.float64(1.0), np.float64(3.0), np.float64(10.0), np.float64(30.0), np.float64(100.0))",192,88,192,89,0.045875972721986506,0.0211721495454236,False
Dactolisib,DU4475,"(np.float64(0.1), np.float64(0.3), np.float64(1.0), np.float64(3.0), np.float64(10.0), np.float64(30.0), np.float64(100.0))",192,88,192,90,0.02935041751661905,0.0027260978982927325,False
Dactolisib,DU4475,"(np.float64(0.1), np.float64(0.3), np.float64(1.0), np.float64(3.0), np.float64(10.0), np.float64(30.0), np.float64(100.0))",192,88,192,91,0.10115204359190234,-0.08217951493928739,False
Dactolisib,DU4475,"(np.float64(0.1), np.float64(0.3), np.float64(1.0), np.float64(3.0), np.float64(10.0), np.float64(30.0), np.float64(100.0))",192,88,192,92,0.038566125825454094,-0.02382646896243187,False
Dactolisib,DU4475,"(np.float64(0.1), np.float64(0.3), np.float64(1.0), np.float64(3.0), np.float64(10.0), np.float64(30.0), np.float64(100.0))",192,88,192,93,0.05094101432522627,-0.04506995428454701,False
Dactolisib,DU4475,"(np.float64(0.1), np.float64(0.3), np.float64(1.0), np.float64(3.0), np.float64(10.0), np.float64(30.0), np.float64(100.0))",192,88,192,94,0.02948262106565181,-0.0028898762306262776,False
Dactolisib,DU4475,"(np.float64(0.1), np.float64(0.3), np.float64(1.0), np.float64(3.0), np.float64(10.0), np.float64(30.0), np.float64(100.0))",192,88,192,95,0.012100214769762642,0.004529863209417014,False
Dactolisib,DU4475,"(np.float64(0.1), np.float64(0.3), np.float64(1.0), np.float64(3.0), np.float64(10.0), np.float64(30.0), np.float64(100.0))",192,88,192,96,0.02704200243356546,-0.007278711858411716,False
Dactolisib,DU4475,"(np.float64(0.1), np.float64(0.3), np.float64(1.0), np.float64(3.0), np.float64(10.0), np.float64(30.0), np.float64(100.0))",192,88,192,109,0.07675048904313875,-0.040183154473806125,False
Dactolisib,DU4475,"(np.float64(0.1), np.float64(0.3), np.float64(1.0), np.float64(3.0), np.float64(10.0), np.float64(30.0), np.float64(100.0))",192,88,192,113,0.05392848457977449,0.032587040048466145,False
Dactolisib,DU4475,"(np.float64(0.1), np.float64(0.3), np.float64(1.0), np.float64(3.0), np.float64(10.0), np.float64(30.0), np.float64(100.0))",192,88,192,114,0.04733942812160722,0.019301571596223144,False
Dactolisib,DU4475,"(np.float64(0.1), np.float64(0.3), np.float64(1.0), np.float64(3.0), np.float64(10.0), np.float64(30.0), np.float64(100.0))",192,89,192,90,0.040986736874369836,-0.018446051647130868,False
Dactolisib,DU4475,"(np.float64(0.1), np.float64(0.3), np.float64(1.0), np.float64(3.0), np.float64(10.0), np.float64(30.0), np.float64(100.0))",192,89,192,91,0.12666566125846632,-0.10335166448471099,False
Dactolisib,DU4475,"(np.float64(0.1), np.float64(0.3), np.float64(1.0), np.float64(3.0), np.float64(10.0), np.float64(30.0), np.float64(100.0))",192,89,192,92,0.07216305283162554,-0.04499861850785547,False
Dactolisib,DU4475,"(np.float64(0.1), np.float64(0.3), np.float64(1.0), np.float64(3.0), np.float64(10.0), np.float64(30.0), np.float64(100.0))",192,89,192,93,0.08830690385167952,-0.06624210382997062,False
Dactolisib,DU4475,"(np.float64(0.1), np.float64(0.3), np.float64(1.0), np.float64(3.0), np.float64(10.0), np.float64(30.0), np.float64(100.0))",192,89,192,94,0.0708607028217141,-0.024062025776049878,False
Dactolisib,DU4475,"(np.float64(0.1), np.float64(0.3), np.float64(1.0), np.float64(3.0), np.float64(10.0), np.float64(30.0), np.float64(100.0))",192,89,192,95,0.036214591245735,-0.016642286336006586,False
Dactolisib,DU4475,"(np.float64(0.1), np.float64(0.3), np.float64(1.0), np.float64(3.0), np.float64(10.0), np.float64(30.0), np.float64(100.0))",192,89,192,96,0.059757485356675154,-0.028450861403835317,False
Dactolisib,DU4475,"(np.float64(0.1), np.float64(0.3), np.float64(1.0), np.float64(3.0), np.float64(10.0), np.float64(30.0), np.float64(100.0))",192,89,192,109,0.11248678921190468,-0.06135530401922973,False
Dactolisib,DU4475,"(np.float64(0.1), np.float64(0.3), np.float64(1.0), np.float64(3.0), np.float64(10.0), np.float64(30.0), np.float64(100.0))",192,89,192,113,0.04255294816349507,0.011414890503042547,False
Dactolisib,DU4475,"(np.float64(0.1), np.float64(0.3), np.float64(1.0), np.float64(3.0), np.float64(10.0), np.float64(30.0), np.float64(100.0))",192,89,192,114,0.022472346728854786,-0.0018705779492004565,False
Dactolisib,DU4475,"(np.float64(0.1), np.float64(0.3), np.float64(1.0), np.float64(3.0), np.float64(10.0), np.float64(30.0), np.float64(100.0))",192,90,192,91,0.10301311174775613,-0.08490561283758012,False
Dactolisib,DU4475,"(np.float64(0.1), np.float64(0.3), np.float64(1.0), np.float64(3.0), np.float64(10.0), np.float64(30.0), np.float64(100.0))",192,90,192,92,0.036707722781953576,-0.026552566860724602,False
Dactolisib,DU4475,"(np.float64(0.1), np.float64(0.3), np.float64(1.0), np.float64(3.0), np.float64(10.0), np.float64(30.0), np.float64(100.0))",192,90,192,93,0.05876198220527245,-0.04779605218283974,False
Dactolisib,DU4475,"(np.float64(0.1), np.float64(0.3), np.float64(1.0), np.float64(3.0), np.float64(10.0), np.float64(30.0), np.float64(100.0))",192,90,192,94,0.046278424827150666,-0.00561597412891901,False
Dactolisib,DU4475,"(np.float64(0.1), np.float64(0.3), np.float64(1.0), np.float64(3.0), np.float64(10.0), np.float64(30.0), np.float64(100.0))",192,90,192,95,0.028147008921251167,0.0018037653111242819,False
Dactolisib,DU4475,"(np.float64(0.1), np.float64(0.3), np.float64(1.0), np.float64(3.0), np.float64(10.0), np.float64(30.0), np.float64(100.0))",192,90,192,96,0.03803606479791232,-0.010004809756704449,False
Dactolisib,DU4475,"(np.float64(0.1), np.float64(0.3), np.float64(1.0), np.float64(3.0), np.float64(10.0), np.float64(30.0), np.float64(100.0))",192,90,192,109,0.07546597598443751,-0.04290925237209886,False
Dactolisib,DU4475,"(np.float64(0.1), np.float64(0.3), np.float64(1.0), np.float64(3.0), np.float64(10.0), np.float64(30.0), np.float64(100.0))",192,90,192,113,0.0654115144971426,0.029860942150173413,False
Dactolisib,DU4475,"(np.float64(0.1), np.float64(0.3), np.float64(1.0), np.float64(3.0), np.float64(10.0), np.float64(30.0), np.float64(100.0))",192,90,192,114,0.044065287303303294,0.01657547369793041,False
Dactolisib,DU4475,"(np.float64(0.1), np.float64(0.3), np.float64(1.0), np.float64(3.0), np.float64(10.0), np.float64(30.0), np.float64(100.0))",192,91,192,92,0.0803684641385532,0.05835304597685552,False
Dactolisib,DU4475,"(np.float64(0.1), np.float64(0.3), np.float64(1.0), np.float64(3.0), np.float64(10.0), np.float64(30.0), np.float64(100.0))",192,91,192,93,0.06132090173203714,0.03710956065474037,False
Dactolisib,DU4475,"(np.float64(0.1), np.float64(0.3), np.float64(1.0), np.float64(3.0), np.float64(10.0), np.float64(30.0), np.float64(100.0))",192,91,192,94,0.09532185016387103,0.07928963870866111,False
Dactolisib,DU4475,"(np.float64(0.1), np.float64(0.3), np.float64(1.0), np.float64(3.0), np.float64(10.0), np.float64(30.0), np.float64(100.0))",192,91,192,95,0.10582300684147741,0.0867093781487044,False
Dactolisib,DU4475,"(np.float64(0.1), np.float64(0.3), np.float64(1.0), np.float64(3.0), np.float64(10.0), np.float64(30.0), np.float64(100.0))",192,91,192,96,0.10060106504032996,0.07490080308087567,False
Dactolisib,DU4475,"(np.float64(0.1), np.float64(0.3), np.float64(1.0), np.float64(3.0), np.float64(10.0), np.float64(30.0), np.float64(100.0))",192,91,192,109,0.08741696335044492,0.04199636046548126,False
Dactolisib,DU4475,"(np.float64(0.1), np.float64(0.3), np.float64(1.0), np.float64(3.0), np.float64(10.0), np.float64(30.0), np.float64(100.0))",192,91,192,113,0.13554312122047418,0.11476655498775354,False
Dactolisib,DU4475,"(np.float64(0.1), np.float64(0.3), np.float64(1.0), np.float64(3.0), np.float64(10.0), np.float64(30.0), np.float64(100.0))",192,91,192,114,0.12713664776152703,0.10148108653551054,False
Dactolisib,DU4475,"(np.float64(0.1), np.float64(0.3), np.float64(1.0), np.float64(3.0), np.float64(10.0), np.float64(30.0), np.float64(100.0))",192,92,192,93,0.03434304781829172,-0.021243485322115143,False
Dactolisib,DU4475,"(np.float64(0.1), np.float64(0.3), np.float64(1.0), np.float64(3.0), np.float64(10.0), np.float64(30.0), np.float64(100.0))",192,92,192,94,0.03532503473799849,0.020936592731805592,False
Dactolisib,DU4475,"(np.float64(0.1), np.float64(0.3), np.float64(1.0), np.float64(3.0), np.float64(10.0), np.float64(30.0), np.float64(100.0))",192,92,192,95,0.044358702407665256,0.028356332171848884,False
Dactolisib,DU4475,"(np.float64(0.1), np.float64(0.3), np.float64(1.0), np.float64(3.0), np.float64(10.0), np.float64(30.0), np.float64(100.0))",192,92,192,96,0.04328890103844489,0.016547757104020153,False
Dactolisib,DU4475,"(np.float64(0.1), np.float64(0.3), np.float64(1.0), np.float64(3.0), np.float64(10.0), np.float64(30.0), np.float64(100.0))",192,92,192,109,0.046535777140909194,-0.016356685511374258,False
Dactolisib,DU4475,"(np.float64(0.1), np.float64(0.3), np.float64(1.0), np.float64(3.0), np.float64(10.0), np.float64(30.0), np.float64(100.0))",192,92,192,113,0.08839687798171272,0.05641350901089802,False
Dactolisib,DU4475,"(np.float64(0.1), np.float64(0.3), np.float64(1.0), np.float64(3.0), np.float64(10.0), np.float64(30.0), np.float64(100.0))",192,92,192,114,0.07464733569959656,0.04312804055865501,False
Dactolisib,DU4475,"(np.float64(0.1), np.float64(0.3), np.float64(1.0), np.float64(3.0), np.float64(10.0), np.float64(30.0), np.float64(100.0))",192,93,192,94,0.04892177299804884,0.04218007805392073,False
Dactolisib,DU4475,"(np.float64(0.1), np.float64(0.3), np.float64(1.0), np.float64(3.0), np.float64(10.0), np.float64(30.0), np.float64(100.0))",192,93,192,95,0.059640685877455045,0.04959981749396403,False
Dactolisib,DU4475,"(np.float64(0.1), np.float64(0.3), np.float64(1.0), np.float64(3.0), np.float64(10.0), np.float64(30.0), np.float64(100.0))",192,93,192,96,0.04507475264761353,0.037791242426135296,False
Dactolisib,DU4475,"(np.float64(0.1), np.float64(0.3), np.float64(1.0), np.float64(3.0), np.float64(10.0), np.float64(30.0), np.float64(100.0))",192,93,192,109,0.055602954813502754,0.004886799810740884,False
Dactolisib,DU4475,"(np.float64(0.1), np.float64(0.3), np.float64(1.0), np.float64(3.0), np.float64(10.0), np.float64(30.0), np.float64(100.0))",192,93,192,113,0.09610741849925435,0.07765699433301317,False
Dactolisib,DU4475,"(np.float64(0.1), np.float64(0.3), np.float64(1.0), np.float64(3.0), np.float64(10.0), np.float64(30.0), np.float64(100.0))",192,93,192,114,0.08568581249018035,0.06437152588077015,False
Dactolisib,DU4475,"(np.float64(0.1), np.float64(0.3), np.float64(1.0), np.float64(3.0), np.float64(10.0), np.float64(30.0), np.float64(100.0))",192,94,192,95,0.03664528796342034,0.0074197394400432925,False
Dactolisib,DU4475,"(np.float64(0.1), np.float64(0.3), np.float64(1.0), np.float64(3.0), np.float64(10.0), np.float64(30.0), np.float64(100.0))",192,94,192,96,0.0439154984543823,-0.004388835627785438,False
Dactolisib,DU4475,"(np.float64(0.1), np.float64(0.3), np.float64(1.0), np.float64(3.0), np.float64(10.0), np.float64(30.0), np.float64(100.0))",192,94,192,109,0.060855320705151886,-0.03729327824317985,False
Dactolisib,DU4475,"(np.float64(0.1), np.float64(0.3), np.float64(1.0), np.float64(3.0), np.float64(10.0), np.float64(30.0), np.float64(100.0))",192,94,192,113,0.0742260939328119,0.03547691627909243,False
Dactolisib,DU4475,"(np.float64(0.1), np.float64(0.3), np.float64(1.0), np.float64(3.0), np.float64(10.0), np.float64(30.0), np.float64(100.0))",192,94,192,114,0.07448918523847962,0.022191447826849422,False
Dactolisib,DU4475,"(np.float64(0.1), np.float64(0.3), np.float64(1.0), np.float64(3.0), np.float64(10.0), np.float64(30.0), np.float64(100.0))",192,95,192,96,0.03689700883615271,-0.01180857506782873,False
Dactolisib,DU4475,"(np.float64(0.1), np.float64(0.3), np.float64(1.0), np.float64(3.0), np.float64(10.0), np.float64(30.0), np.float64(100.0))",192,95,192,109,0.08269312423175473,-0.044713017683223145,False
Dactolisib,DU4475,"(np.float64(0.1), np.float64(0.3), np.float64(1.0), np.float64(3.0), np.float64(10.0), np.float64(30.0), np.float64(100.0))",192,95,192,113,0.05042421108226912,0.028057176839049132,False
Dactolisib,DU4475,"(np.float64(0.1), np.float64(0.3), np.float64(1.0), np.float64(3.0), np.float64(10.0), np.float64(30.0), np.float64(100.0))",192,95,192,114,0.042498546589724066,0.014771708386806129,False
Dactolisib,DU4475,"(np.float64(0.1), np.float64(0.3), np.float64(1.0), np.float64(3.0), np.float64(10.0), np.float64(30.0), np.float64(100.0))",192,96,192,109,0.07998202607280293,-0.032904442615394415,False
Dactolisib,DU4475,"(np.float64(0.1), np.float64(0.3), np.float64(1.0), np.float64(3.0), np.float64(10.0), np.float64(30.0), np.float64(100.0))",192,96,192,113,0.06171398068865648,0.03986575190687786,False
Dactolisib,DU4475,"(np.float64(0.1), np.float64(0.3), np.float64(1.0), np.float64(3.0), np.float64(10.0), np.float64(30.0), np.float64(100.0))",192,96,192,114,0.05065539021277894,0.02658028345463486,False
Dactolisib,DU4475,"(np.float64(0.1), np.float64(0.3), np.float64(1.0), np.float64(3.0), np.float64(10.0), np.float64(30.0), np.float64(100.0))",192,109,192,113,0.12954290674918012,0.07277019452227228,False
Dactolisib,DU4475,"(np.float64(0.1), np.float64(0.3), np.float64(1.0), np.float64(3.0), np.float64(10.0), np.float64(30.0), np.float64(100.0))",192,109,192,114,0.1168690370265562,0.05948472607002927,False
Dactolisib,DU4475,"(np.float64(0.1), np.float64(0.3), np.float64(1.0), np.float64(3.0), np.float64(10.0), np.float64(30.0), np.float64(100.0))",192,113,192,114,0.03634793741228502,-0.013285468452243003,False
Dactolisib,HCC1599,"(np.float64(0.3), np.float64(1.0), np.float64(3.0), np.float64(10.0), np.float64(30.0), np.float64(100.0), np.float64(300.0))",192,115,192,116,0.1822078279591957,-0.03995285195405841,False
Dactolisib,HCC1599,"(np.float64(0.3), np.float64(1.0), np.float64(3.0), np.float64(10.0), np.float64(30.0), np.float64(100.0), np.float64(300.0))",192,115,192,117,0.09936392789865789,0.026085832425144,False
Dactolisib,HCC1599,"(np.float64(0.3), np.float64(1.0), np.float64(3.0), np.float64(10.0), np.float64(30.0), np.float64(100.0), np.float64(300.0))",192,115,192,118,0.13261670352022253,0.06757108564390472,False
Dactolisib,HCC1599,"(np.float64(0.3), np.float64(1.0), np.float64(3.0), np.float64(10.0), np.float64(30.0), np.float64(100.0), np.float64(300.0))",192,116,192,117,0.1323044691016012,0.06603868437920242,False
Dactolisib,HCC1599,"(np.float64(0.3), np.float64(1.0), np.float64(3.0), np.float64(10.0), np.float64(30.0), np.float64(100.0), np.float64(300.0))",192,116,192,118,0.18494056525712707,0.10752393759796315,False
Dactolisib,HCC1599,"(np.float64(0.3), np.float64(1.0), np.float64(3.0), np.float64(10.0), np.float64(30.0), np.float64(100.0), np.float64(300.0))",192,117,192,118,0.133017397647672,0.04148525321876073,False
Dactolisib,MCF-10A,"(np.float64(0.3), np.float64(1.0), np.float64(3.0), np.float64(10.0), np.float64(30.0), np.float64(100.0), np.float64(300.0))",192,127,192,128,0.0289002385371425,0.008573360101609964,False
Dactolisib,MCF-10A,"(np.float64(0.3), np.float64(1.0), np.float64(3.0), np.float64(10.0), np.float64(30.0), np.float64(100.0), np.float64(300.0))",192,127,192,129,0.030584878880402518,-0.01869633418984031,False
Dactolisib,MCF-10A,"(np.float64(0.3), np.float64(1.0), np.float64(3.0), np.float64(10.0), np.float64(30.0), np.float64(100.0), np.float64(300.0))",192,127,192,130,0.10362367482227092,0.09030635239304867,False
Dactolisib,MCF-10A,"(np.float64(0.3), np.float64(1.0), np.float64(3.0), np.float64(10.0), np.float64(30.0), np.float64(100.0), np.float64(300.0))",192,128,192,129,0.0387544918244704,-0.02726969429145027,False
Dactolisib,MCF-10A,"(np.float64(0.3), np.float64(1.0), np.float64(3.0), np.float64(10.0), np.float64(30.0), np.float64(100.0), np.float64(300.0))",192,128,192,130,0.09074300054367383,0.08173299229143871,False
Dactolisib,MCF-10A,"(np.float64(0.3), np.float64(1.0), np.float64(3.0), np.float64(10.0), np.float64(30.0), np.float64(100.0), np.float64(300.0))",192,129,192,130,0.11664718676462728,0.10900268658288899,False
Dactolisib,MDAMB-436,"(np.float64(0.3), np.float64(1.0), np.float64(3.0), np.float64(10.0), np.float64(30.0), np.float64(100.0), np.float64(300.0))",192,139,192,140,0.07415979838973624,0.03639933995863531,False
Dactolisib,MDAMB-436,"(np.float64(0.3), np.float64(1.0), np.float64(3.0), np.float64(10.0), np.float64(30.0), np.float64(100.0), np.float64(300.0))",192,139,192,141,0.1459647728195609,-0.04946464970768527,False
Dactolisib,MDAMB-436,"(np.float64(0.3), np.float64(1.0), np.float64(3.0), np.float64(10.0), np.float64(30.0), np.float64(100.0), np.float64(300.0))",192,139,192,142,0.22416942380064764,0.21607208189291502,False
Dactolisib,MDAMB-436,"(np.float64(0.3), np.float64(1.0), np.float64(3.0), np.float64(10.0), np.float64(30.0), np.float64(100.0), np.float64(300.0))",192,140,192,141,0.12131463313175024,-0.08586398966632058,False
Dactolisib,MDAMB-436,"(np.float64(0.3), np.float64(1.0), np.float64(3.0), np.float64(10.0), np.float64(30.0), np.float64(100.0), np.float64(300.0))",192,140,192,142,0.1909914284258301,0.1796727419342797,False
Dactolisib,MDAMB-436,"(np.float64(0.3), np.float64(1.0), np.float64(3.0), np.float64(10.0), np.float64(30.0), np.float64(100.0), np.float64(300.0))",192,141,192,142,0.2875180666009332,0.26553673160060026,False
Dactolisib,MDAMB231,"(np.float64(0.1), np.float64(0.3), np.float64(1.0), np.float64(3.0), np.float64(10.0), np.float64(30.0), np.float64(100.0))",192,151,192,152,0.028918879461851333,-0.0043743919262077624,False
Dactolisib,MDAMB231,"(np.float64(0.1), np.float64(0.3), np.float64(1.0), np.float64(3.0), np.float64(10.0), np.float64(30.0), np.float64(100.0))",192,151,192,153,0.066775092264492,-0.05671887970966132,False
Dactolisib,MDAMB231,"(np.float64(0.1), np.float64(0.3), np.float64(1.0), np.float64(3.0), np.float64(10.0), np.float64(30.0), np.float64(100.0))",192,151,192,154,0.055753732982420166,0.05125666884003826,False
Dactolisib,MDAMB231,"(np.float64(0.1), np.float64(0.3), np.float64(1.0), np.float64(3.0), np.float64(10.0), np.float64(30.0), np.float64(100.0))",192,151,192,155,0.061480256398692056,0.050962957725316116,False
Dactolisib,MDAMB231,"(np.float64(0.1), np.float64(0.3), np.float64(1.0), np.float64(3.0), np.float64(10.0), np.float64(30.0), np.float64(100.0))",192,151,192,156,0.037209309217079656,0.011524081931803385,False
Dactolisib,MDAMB231,"(np.float64(0.1), np.float64(0.3), np.float64(1.0), np.float64(3.0), np.float64(10.0), np.float64(30.0), np.float64(100.0))",192,151,192,157,0.03530234456961493,-0.022854934016148003,False
Dactolisib,MDAMB231,"(np.float64(0.1), np.float64(0.3), np.float64(1.0), np.float64(3.0), np.float64(10.0), np.float64(30.0), np.float64(100.0))",192,151,192,158,0.024632523012258118,0.00830213509962612,False
Dactolisib,MDAMB231,"(np.float64(0.1), np.float64(0.3), np.float64(1.0), np.float64(3.0), np.float64(10.0), np.float64(30.0), np.float64(100.0))",192,151,192,159,0.0748299324536625,-0.06148870756310757,False
Dactolisib,MDAMB231,"(np.float64(0.1), np.float64(0.3), np.float64(1.0), np.float64(3.0), np.float64(10.0), np.float64(30.0), np.float64(100.0))",192,151,192,160,0.05476339807290494,0.04120419315419483,False
Dactolisib,MDAMB231,"(np.float64(0.1), np.float64(0.3), np.float64(1.0), np.float64(3.0), np.float64(10.0), np.float64(30.0), np.float64(100.0))",192,151,192,161,0.039066423774684264,0.03197847752772839,False
Dactolisib,MDAMB231,"(np.float64(0.1), np.float64(0.3), np.float64(1.0), np.float64(3.0), np.float64(10.0), np.float64(30.0), np.float64(100.0))",192,151,192,162,0.02519867647515755,0.0049448916860711034,False
Dactolisib,MDAMB231,"(np.float64(0.1), np.float64(0.3), np.float64(1.0), np.float64(3.0), np.float64(10.0), np.float64(30.0), np.float64(100.0))",192,151,192,175,0.04569148601710573,-0.030736575430700186,False
Dactolisib,MDAMB231,"(np.float64(0.1), np.float64(0.3), np.float64(1.0), np.float64(3.0), np.float64(10.0), np.float64(30.0), np.float64(100.0))",192,151,192,179,0.05485006727834888,0.04507359653024195,False
Dactolisib,MDAMB231,"(np.float64(0.1), np.float64(0.3), np.float64(1.0), np.float64(3.0), np.float64(10.0), np.float64(30.0), np.float64(100.0))",192,151,192,180,0.028276858655414194,0.017840157456821264,False
Dactolisib,MDAMB231,"(np.float64(0.1), np.float64(0.3), np.float64(1.0), np.float64(3.0), np.float64(10.0), np.float64(30.0), np.float64(100.0))",192,152,192,153,0.0565484971593857,-0.05234448778345356,False
Dactolisib,MDAMB231,"(np.float64(0.1), np.float64(0.3), np.float64(1.0), np.float64(3.0), np.float64(10.0), np.float64(30.0), np.float64(100.0))",192,152,192,154,0.06703994988146432,0.05563106076624602,False
Dactolisib,MDAMB231,"(np.float64(0.1), np.float64(0.3), np.float64(1.0), np.float64(3.0), np.float64(10.0), np.float64(30.0), np.float64(100.0))",192,152,192,155,0.0694120955804587,0.05533734965152388,False
Dactolisib,MDAMB231,"(np.float64(0.1), np.float64(0.3), np.float64(1.0), np.float64(3.0), np.float64(10.0), np.float64(30.0), np.float64(100.0))",192,152,192,156,0.030009779606963768,0.015898473858011148,False
Dactolisib,MDAMB231,"(np.float64(0.1), np.float64(0.3), np.float64(1.0), np.float64(3.0), np.float64(10.0), np.float64(30.0), np.float64(100.0))",192,152,192,157,0.03360474474236403,-0.018480542089940242,False
Dactolisib,MDAMB231,"(np.float64(0.1), np.float64(0.3), np.float64(1.0), np.float64(3.0), np.float64(10.0), np.float64(30.0), np.float64(100.0))",192,152,192,158,0.029217839039832303,0.012676527025833884,False
Dactolisib,MDAMB231,"(np.float64(0.1), np.float64(0.3), np.float64(1.0), np.float64(3.0), np.float64(10.0), np.float64(30.0), np.float64(100.0))",192,152,192,159,0.06162223926300093,-0.0571143156368998,False
Dactolisib,MDAMB231,"(np.float64(0.1), np.float64(0.3), np.float64(1.0), np.float64(3.0), np.float64(10.0), np.float64(30.0), np.float64(100.0))",192,152,192,160,0.06575124063386906,0.04557858508040259,False
Dactolisib,MDAMB231,"(np.float64(0.1), np.float64(0.3), np.float64(1.0), np.float64(3.0), np.float64(10.0), np.float64(30.0), np.float64(100.0))",192,152,192,161,0.04888848251955194,0.036352869453936155,False
Dactolisib,MDAMB231,"(np.float64(0.1), np.float64(0.3), np.float64(1.0), np.float64(3.0), np.float64(10.0), np.float64(30.0), np.float64(100.0))",192,152,192,162,0.024864790757008013,0.009319283612278866,False
Dactolisib,MDAMB231,"(np.float64(0.1), np.float64(0.3), np.float64(1.0), np.float64(3.0), np.float64(10.0), np.float64(30.0), np.float64(100.0))",192,152,192,175,0.04354658358167045,-0.026362183504492424,False
Dactolisib,MDAMB231,"(np.float64(0.1), np.float64(0.3), np.float64(1.0), np.float64(3.0), np.float64(10.0), np.float64(30.0), np.float64(100.0))",192,152,192,179,0.06068442252417794,0.04944798845644971,False
Dactolisib,MDAMB231,"(np.float64(0.1), np.float64(0.3), np.float64(1.0), np.float64(3.0), np.float64(10.0), np.float64(30.0), np.float64(100.0))",192,152,192,180,0.02931928032559042,0.022214549383029025,False
Dactolisib,MDAMB231,"(np.float64(0.1), np.float64(0.3), np.float64(1.0), np.float64(3.0), np.float64(10.0), np.float64(30.0), np.float64(100.0))",192,153,192,154,0.11879119802933637,0.10797554854969958,False
Dactolisib,MDAMB231,"(np.float64(0.1), np.float64(0.3), np.float64(1.0), np.float64(3.0), np.float64(10.0), np.float64(30.0), np.float64(100.0))",192,153,192,155,0.1203337156090406,0.10768183743497743,False
Dactolisib,MDAMB231,"(np.float64(0.1), np.float64(0.3), np.float64(1.0), np.float64(3.0), np.float64(10.0), np.float64(30.0), np.float64(100.0))",192,153,192,156,0.07551727238016268,0.0682429616414647,False
Dactolisib,MDAMB231,"(np.float64(0.1), np.float64(0.3), np.float64(1.0), np.float64(3.0), np.float64(10.0), np.float64(30.0), np.float64(100.0))",192,153,192,157,0.050948512065165645,0.033863945693513316,False
Dactolisib,MDAMB231,"(np.float64(0.1), np.float64(0.3), np.float64(1.0), np.float64(3.0), np.float64(10.0), np.float64(30.0), np.float64(100.0))",192,153,192,158,0.07855835548098913,0.06502101480928744,False
Dactolisib,MDAMB231,"(np.float64(0.1), np.float64(0.3), np.float64(1.0), np.float64(3.0), np.float64(10.0), np.float64(30.0), np.float64(100.0))",192,153,192,159,0.026981577596045112,-0.004769827853446247,False
Dactolisib,MDAMB231,"(np.float64(0.1), np.float64(0.3), np.float64(1.0), np.float64(3.0), np.float64(10.0), np.float64(30.0), np.float64(100.0))",192,153,192,160,0.11584393784289376,0.09792307286385615,False
Dactolisib,MDAMB231,"(np.float64(0.1), np.float64(0.3), np.float64(1.0), np.float64(3.0), np.float64(10.0), np.float64(30.0), np.float64(100.0))",192,153,192,161,0.09614812291217746,0.08869735723738971,False
Dactolisib,MDAMB231,"(np.float64(0.1), np.float64(0.3), np.float64(1.0), np.float64(3.0), np.float64(10.0), np.float64(30.0), np.float64(100.0))",192,153,192,162,0.06327404190875258,0.061663771395732425,False
Dactolisib,MDAMB231,"(np.float64(0.1), np.float64(0.3), np.float64(1.0), np.float64(3.0), np.float64(10.0), np.float64(30.0), np.float64(100.0))",192,153,192,175,0.046497964677062756,0.025982304278961137,False
Dactolisib,MDAMB231,"(np.float64(0.1), np.float64(0.3), np.float64(1.0), np.float64(3.0), np.float64(10.0), np.float64(30.0), np.float64(100.0))",192,153,192,179,0.11296412270677024,0.10179247623990327,False
Dactolisib,MDAMB231,"(np.float64(0.1), np.float64(0.3), np.float64(1.0), np.float64(3.0), np.float64(10.0), np.float64(30.0), np.float64(100.0))",192,153,192,180,0.07906567218588181,0.07455903716648259,False
Dactolisib,MDAMB231,"(np.float64(0.1), np.float64(0.3), np.float64(1.0), np.float64(3.0), np.float64(10.0), np.float64(30.0), np.float64(100.0))",192,154,192,155,0.018720491816791276,-0.0002937111147221426,False
Dactolisib,MDAMB231,"(np.float64(0.1), np.float64(0.3), np.float64(1.0), np.float64(3.0), np.float64(10.0), np.float64(30.0), np.float64(100.0))",192,154,192,156,0.057254602378865906,-0.039732586908234876,False
Dactolisib,MDAMB231,"(np.float64(0.1), np.float64(0.3), np.float64(1.0), np.float64(3.0), np.float64(10.0), np.float64(30.0), np.float64(100.0))",192,154,192,157,0.08268905566687647,-0.07411160285618626,False
Dactolisib,MDAMB231,"(np.float64(0.1), np.float64(0.3), np.float64(1.0), np.float64(3.0), np.float64(10.0), np.float64(30.0), np.float64(100.0))",192,154,192,158,0.04740787776672062,-0.04295453374041214,False
Dactolisib,MDAMB231,"(np.float64(0.1), np.float64(0.3), np.float64(1.0), np.float64(3.0), np.float64(10.0), np.float64(30.0), np.float64(100.0))",192,154,192,159,0.12483952233306782,-0.11274537640314583,False
Dactolisib,MDAMB231,"(np.float64(0.1), np.float64(0.3), np.float64(1.0), np.float64(3.0), np.float64(10.0), np.float64(30.0), np.float64(100.0))",192,154,192,160,0.02646645016693649,-0.010052475685843427,False
Dactolisib,MDAMB231,"(np.float64(0.1), np.float64(0.3), np.float64(1.0), np.float64(3.0), np.float64(10.0), np.float64(30.0), np.float64(100.0))",192,154,192,161,0.03318795575139601,-0.01927819131230987,False
Dactolisib,MDAMB231,"(np.float64(0.1), np.float64(0.3), np.float64(1.0), np.float64(3.0), np.float64(10.0), np.float64(30.0), np.float64(100.0))",192,154,192,162,0.06300568436852326,-0.04631177715396716,False
Dactolisib,MDAMB231,"(np.float64(0.1), np.float64(0.3), np.float64(1.0), np.float64(3.0), np.float64(10.0), np.float64(30.0), np.float64(100.0))",192,154,192,175,0.09670191083721844,-0.08199324427073844,False
Dactolisib,MDAMB231,"(np.float64(0.1), np.float64(0.3), np.float64(1.0), np.float64(3.0), np.float64(10.0), np.float64(30.0), np.float64(100.0))",192,154,192,179,0.01713736862233276,-0.006183072309796311,False
Dactolisib,MDAMB231,"(np.float64(0.1), np.float64(0.3), np.float64(1.0), np.float64(3.0), np.float64(10.0), np.float64(30.0), np.float64(100.0))",192,154,192,180,0.045414777904662494,-0.033416511383216996,False
Dactolisib,MDAMB231,"(np.float64(0.1), np.float64(0.3), np.float64(1.0), np.float64(3.0), np.float64(10.0), np.float64(30.0), np.float64(100.0))",192,155,192,156,0.06374145433974424,-0.03943887579351273,False
Dactolisib,MDAMB231,"(np.float64(0.1), np.float64(0.3), np.float64(1.0), np.float64(3.0), np.float64(10.0), np.float64(30.0), np.float64(100.0))",192,155,192,157,0.08557596163471015,-0.07381789174146412,False
Dactolisib,MDAMB231,"(np.float64(0.1), np.float64(0.3), np.float64(1.0), np.float64(3.0), np.float64(10.0), np.float64(30.0), np.float64(100.0))",192,155,192,158,0.05021901728996866,-0.042660822625689994,False
Dactolisib,MDAMB231,"(np.float64(0.1), np.float64(0.3), np.float64(1.0), np.float64(3.0), np.float64(10.0), np.float64(30.0), np.float64(100.0))",192,155,192,159,0.12603096699358904,-0.11245166528842368,False
Dactolisib,MDAMB231,"(np.float64(0.1), np.float64(0.3), np.float64(1.0), np.float64(3.0), np.float64(10.0), np.float64(30.0), np.float64(100.0))",192,155,192,160,0.04047068025041495,-0.009758764571121284,False
Dactolisib,MDAMB231,"(np.float64(0.1), np.float64(0.3), np.float64(1.0), np.float64(3.0), np.float64(10.0), np.float64(30.0), np.float64(100.0))",192,155,192,161,0.031839076823722855,-0.018984480197587725,False
Dactolisib,MDAMB231,"(np.float64(0.1), np.float64(0.3), np.float64(1.0), np.float64(3.0), np.float64(10.0), np.float64(30.0), np.float64(100.0))",192,155,192,162,0.06741500541955898,-0.04601806603924501,False
Dactolisib,MDAMB231,"(np.float64(0.1), np.float64(0.3), np.float64(1.0), np.float64(3.0), np.float64(10.0), np.float64(30.0), np.float64(100.0))",192,155,192,175,0.10103856820333622,-0.0816995331560163,False
Dactolisib,MDAMB231,"(np.float64(0.1), np.float64(0.3), np.float64(1.0), np.float64(3.0), np.float64(10.0), np.float64(30.0), np.float64(100.0))",192,155,192,179,0.01802501831480198,-0.005889361195074169,False
Dactolisib,MDAMB231,"(np.float64(0.1), np.float64(0.3), np.float64(1.0), np.float64(3.0), np.float64(10.0), np.float64(30.0), np.float64(100.0))",192,155,192,180,0.050542012591879244,-0.03312280026849485,False
Dactolisib,MDAMB231,"(np.float64(0.1), np.float64(0.3), np.float64(1.0), np.float64(3.0), np.float64(10.0), np.float64(30.0), np.float64(100.0))",192,156,192,157,0.05910169421568171,-0.03437901594795139,False
Dactolisib,MDAMB231,"(np.float64(0.1), np.float64(0.3), np.float64(1.0), np.float64(3.0), np.float64(10.0), np.float64(30.0), np.float64(100.0))",192,156,192,158,0.038514646804843324,-0.003221946832177263,False
Dactolisib,MDAMB231,"(np.float64(0.1), np.float64(0.3), np.float64(1.0), np.float64(3.0), np.float64(10.0), np.float64(30.0), np.float64(100.0))",192,156,192,159,0.0855410888744803,-0.07301278949491095,False
Dactolisib,MDAMB231,"(np.float64(0.1), np.float64(0.3), np.float64(1.0), np.float64(3.0), np.float64(10.0), np.float64(30.0), np.float64(100.0))",192,156,192,160,0.055933235349314415,0.029680111222391448,False
Dactolisib,MDAMB231,"(np.float64(0.1), np.float64(0.3), np.float64(1.0), np.float64(3.0), np.float64(10.0), np.float64(30.0), np.float64(100.0))",192,156,192,161,0.05144800446464273,0.020454395595925007,False
Dactolisib,MDAMB231,"(np.float64(0.1), np.float64(0.3), np.float64(1.0), np.float64(3.0), np.float64(10.0), np.float64(30.0), np.float64(100.0))",192,156,192,162,0.03313322287453245,-0.00657919024573228,False
Dactolisib,MDAMB231,"(np.float64(0.1), np.float64(0.3), np.float64(1.0), np.float64(3.0), np.float64(10.0), np.float64(30.0), np.float64(100.0))",192,156,192,175,0.06712477636528649,-0.04226065736250357,False
Dactolisib,MDAMB231,"(np.float64(0.1), np.float64(0.3), np.float64(1.0), np.float64(3.0), np.float64(10.0), np.float64(30.0), np.float64(100.0))",192,156,192,179,0.04990387053856317,0.033549514598438565,False
Dactolisib,MDAMB231,"(np.float64(0.1), np.float64(0.3), np.float64(1.0), np.float64(3.0), np.float64(10.0), np.float64(30.0), np.float64(100.0))",192,156,192,180,0.024334009725663276,0.006316075525017879,False
Dactolisib,MDAMB231,"(np.float64(0.1), np.float64(0.3), np.float64(1.0), np.float64(3.0), np.float64(10.0), np.float64(30.0), np.float64(100.0))",192,157,192,158,0.040287982438824116,0.031157069115774125,False
Dactolisib,MDAMB231,"(np.float64(0.1), np.float64(0.3), np.float64(1.0), np.float64(3.0), np.float64(10.0), np.float64(30.0), np.float64(100.0))",192,157,192,159,0.04840557741962649,-0.038633773546959564,False
Dactolisib,MDAMB231,"(np.float64(0.1), np.float64(0.3), np.float64(1.0), np.float64(3.0), np.float64(10.0), np.float64(30.0), np.float64(100.0))",192,157,192,160,0.07694958329913756,0.06405912717034283,False
Dactolisib,MDAMB231,"(np.float64(0.1), np.float64(0.3), np.float64(1.0), np.float64(3.0), np.float64(10.0), np.float64(30.0), np.float64(100.0))",192,157,192,161,0.06226075871814312,0.054833411543876394,False
Dactolisib,MDAMB231,"(np.float64(0.1), np.float64(0.3), np.float64(1.0), np.float64(3.0), np.float64(10.0), np.float64(30.0), np.float64(100.0))",192,157,192,162,0.043860106835161984,0.02779982570221911,False
Dactolisib,MDAMB231,"(np.float64(0.1), np.float64(0.3), np.float64(1.0), np.float64(3.0), np.float64(10.0), np.float64(30.0), np.float64(100.0))",192,157,192,175,0.023036862575477556,-0.00788164141455218,False
Dactolisib,MDAMB231,"(np.float64(0.1), np.float64(0.3), np.float64(1.0), np.float64(3.0), np.float64(10.0), np.float64(30.0), np.float64(100.0))",192,157,192,179,0.08038786462058681,0.06792853054638995,False
Dactolisib,MDAMB231,"(np.float64(0.1), np.float64(0.3), np.float64(1.0), np.float64(3.0), np.float64(10.0), np.float64(30.0), np.float64(100.0))",192,157,192,180,0.05210137348443348,0.04069509147296927,False
Dactolisib,MDAMB231,"(np.float64(0.1), np.float64(0.3), np.float64(1.0), np.float64(3.0), np.float64(10.0), np.float64(30.0), np.float64(100.0))",192,158,192,159,0.08142275888327835,-0.0697908426627337,False
Dactolisib,MDAMB231,"(np.float64(0.1), np.float64(0.3), np.float64(1.0), np.float64(3.0), np.float64(10.0), np.float64(30.0), np.float64(100.0))",192,158,192,160,0.044636257899215485,0.03290205805456871,False
Dactolisib,MDAMB231,"(np.float64(0.1), np.float64(0.3), np.float64(1.0), np.float64(3.0), np.float64(10.0), np.float64(30.0), np.float64(100.0))",192,158,192,161,0.036472580485785396,0.02367634242810227,False
Dactolisib,MDAMB231,"(np.float64(0.1), np.float64(0.3), np.float64(1.0), np.float64(3.0), np.float64(10.0), np.float64(30.0), np.float64(100.0))",192,158,192,162,0.03892095000176322,-0.0033572434135550173,False
Dactolisib,MDAMB231,"(np.float64(0.1), np.float64(0.3), np.float64(1.0), np.float64(3.0), np.float64(10.0), np.float64(30.0), np.float64(100.0))",192,158,192,175,0.05538774438698744,-0.03903871053032631,False
Dactolisib,MDAMB231,"(np.float64(0.1), np.float64(0.3), np.float64(1.0), np.float64(3.0), np.float64(10.0), np.float64(30.0), np.float64(100.0))",192,158,192,179,0.04301601634979217,0.036771461430615826,False
Dactolisib,MDAMB231,"(np.float64(0.1), np.float64(0.3), np.float64(1.0), np.float64(3.0), np.float64(10.0), np.float64(30.0), np.float64(100.0))",192,158,192,180,0.02835365292771116,0.009538022357195142,False
Dactolisib,MDAMB231,"(np.float64(0.1), np.float64(0.3), np.float64(1.0), np.float64(3.0), np.float64(10.0), np.float64(30.0), np.float64(100.0))",192,159,192,160,0.11945656170431623,0.1026929007173024,False
Dactolisib,MDAMB231,"(np.float64(0.1), np.float64(0.3), np.float64(1.0), np.float64(3.0), np.float64(10.0), np.float64(30.0), np.float64(100.0))",192,159,192,161,0.10313628068249467,0.09346718509083596,False
Dactolisib,MDAMB231,"(np.float64(0.1), np.float64(0.3), np.float64(1.0), np.float64(3.0), np.float64(10.0), np.float64(30.0), np.float64(100.0))",192,159,192,162,0.07362435252070476,0.06643359924917867,False
Dactolisib,MDAMB231,"(np.float64(0.1), np.float64(0.3), np.float64(1.0), np.float64(3.0), np.float64(10.0), np.float64(30.0), np.float64(100.0))",192,159,192,175,0.0443254332478386,0.03075213213240738,False
Dactolisib,MDAMB231,"(np.float64(0.1), np.float64(0.3), np.float64(1.0), np.float64(3.0), np.float64(10.0), np.float64(30.0), np.float64(100.0))",192,159,192,179,0.11965972984892531,0.10656230409334952,False
Dactolisib,MDAMB231,"(np.float64(0.1), np.float64(0.3), np.float64(1.0), np.float64(3.0), np.float64(10.0), np.float64(30.0), np.float64(100.0))",192,159,192,180,0.08844742209677635,0.07932886501992883,False
Dactolisib,MDAMB231,"(np.float64(0.1), np.float64(0.3), np.float64(1.0), np.float64(3.0), np.float64(10.0), np.float64(30.0), np.float64(100.0))",192,160,192,161,0.04842355516446833,-0.009225715626466442,False
Dactolisib,MDAMB231,"(np.float64(0.1), np.float64(0.3), np.float64(1.0), np.float64(3.0), np.float64(10.0), np.float64(30.0), np.float64(100.0))",192,160,192,162,0.0672615956436984,-0.03625930146812373,False
Dactolisib,MDAMB231,"(np.float64(0.1), np.float64(0.3), np.float64(1.0), np.float64(3.0), np.float64(10.0), np.float64(30.0), np.float64(100.0))",192,160,192,175,0.0920425992922693,-0.07194076858489502,False
Dactolisib,MDAMB231,"(np.float64(0.1), np.float64(0.3), np.float64(1.0), np.float64(3.0), np.float64(10.0), np.float64(30.0), np.float64(100.0))",192,160,192,179,0.031397349226144795,0.0038694033760471153,False
Dactolisib,MDAMB231,"(np.float64(0.1), np.float64(0.3), np.float64(1.0), np.float64(3.0), np.float64(10.0), np.float64(30.0), np.float64(100.0))",192,160,192,180,0.04783499938039501,-0.02336403569737357,False
Dactolisib,MDAMB231,"(np.float64(0.1), np.float64(0.3), np.float64(1.0), np.float64(3.0), np.float64(10.0), np.float64(30.0), np.float64(100.0))",192,161,192,162,0.04097603056962407,-0.027033585841657288,False
Dactolisib,MDAMB231,"(np.float64(0.1), np.float64(0.3), np.float64(1.0), np.float64(3.0), np.float64(10.0), np.float64(30.0), np.float64(100.0))",192,161,192,175,0.07503372386051803,-0.06271505295842858,False
Dactolisib,MDAMB231,"(np.float64(0.1), np.float64(0.3), np.float64(1.0), np.float64(3.0), np.float64(10.0), np.float64(30.0), np.float64(100.0))",192,161,192,179,0.034067488193004404,0.013095119002513558,False
Dactolisib,MDAMB231,"(np.float64(0.1), np.float64(0.3), np.float64(1.0), np.float64(3.0), np.float64(10.0), np.float64(30.0), np.float64(100.0))",192,161,192,180,0.031918013712750985,-0.014138320070907127,False
Dactolisib,MDAMB231,"(np.float64(0.1), np.float64(0.3), np.float64(1.0), np.float64(3.0), np.float64(10.0), np.float64(30.0), np.float64(100.0))",192,162,192,175,0.04802148977753699,-0.03568146711677129,False
Dactolisib,MDAMB231,"(np.float64(0.1), np.float64(0.3), np.float64(1.0), np.float64(3.0), np.float64(10.0), np.float64(30.0), np.float64(100.0))",192,162,192,179,0.060776737112517715,0.040128704844170845,False
Dactolisib,MDAMB231,"(np.float64(0.1), np.float64(0.3), np.float64(1.0), np.float64(3.0), np.float64(10.0), np.float64(30.0), np.float64(100.0))",192,162,192,180,0.027074776098161047,0.01289526577075016,False
Dactolisib,MDAMB231,"(np.float64(0.1), np.float64(0.3), np.float64(1.0), np.float64(3.0), np.float64(10.0), np.float64(30.0), np.float64(100.0))",192,175,192,179,0.0954494101201702,0.07581017196094213,False
Dactolisib,MDAMB231,"(np.float64(0.1), np.float64(0.3), np.float64(1.0), np.float64(3.0), np.float64(10.0), np.float64(30.0), np.float64(100.0))",192,175,192,180,0.06299630277060007,0.04857673288752145,False
Dactolisib,MDAMB231,"(np.float64(0.1), np.float64(0.3), np.float64(1.0), np.float64(3.0), np.float64(10.0), np.float64(30.0), np.float64(100.0))",192,179,192,180,0.039572035708212584,-0.027233439073420684,False
Dactolisib,MFM-223,"(np.float64(0.3), np.float64(1.0), np.float64(3.0), np.float64(10.0), np.float64(30.0), np.float64(100.0), np.float64(300.0))",192,181,192,182,0.048803796775331074,-0.01750793324047804,False
Dactolisib,MFM-223,"(np.float64(0.3), np.float64(1.0), np.float64(3.0), np.float64(10.0), np.float64(30.0), np.float64(100.0), np.float64(300.0))",192,181,192,183,0.04334455333135938,-0.03600234187654875,False
Dactolisib,MFM-223,"(np.float64(0.3), np.float64(1.0), np.float64(3.0), np.float64(10.0), np.float64(30.0), np.float64(100.0), np.float64(300.0))",192,181,192,184,0.06252041081422341,0.0378630109153904,False
Dactolisib,MFM-223,"(np.float64(0.3), np.float64(1.0), np.float64(3.0), np.float64(10.0), np.float64(30.0), np.float64(100.0), np.float64(300.0))",192,182,192,183,0.041726544692452475,-0.018494408636070707,False
Dactolisib,MFM-223,"(np.float64(0.3), np.float64(1.0), np.float64(3.0), np.float64(10.0), np.float64(30.0), np.float64(100.0), np.float64(300.0))",192,182,192,184,0.07003137200024119,0.05537094415586844,False
Dactolisib,MFM-223,"(np.float64(0.3), np.float64(1.0), np.float64(3.0), np.float64(10.0), np.float64(30.0), np.float64(100.0), np.float64(300.0))",192,183,192,184,0.09113495107713432,0.07386535279193915,False
Everolimus,CAL148,"(np.float64(0.1), np.float64(0.3), np.float64(1.0), np.float64(3.0), np.float64(10.0), np.float64(30.0), np.float64(100.0))",192,40,192,54,0.05010494726142675,0.037113429528121245,False
Everolimus,CAL51,"(np.float64(0.1), np.float64(0.3), np.float64(1.0), np.float64(3.0), np.float64(10.0), np.float64(30.0), np.float64(100.0))",192,70,192,84,0.06701665606569726,0.04056976805174901,False
Everolimus,DU4475,"(np.float64(0.1), np.float64(0.3), np.float64(1.0), np.float64(3.0), np.float64(10.0), np.float64(30.0), np.float64(100.0))",192,100,192,114,0.08867006125879429,0.059632326987522265,False
Everolimus,HEK293,"(np.float64(0.3), np.float64(0.9), np.float64(3.0), np.float64(9.0), np.float64(30.0), np.float64(90.0), np.float64(300.0))",18,3,18,5,0.07225181238617986,0.04710571342159471,False
Everolimus,HeLa,"(np.float64(0.3), np.float64(0.9), np.float64(3.0), np.float64(9.0), np.float64(30.0), np.float64(90.0), np.float64(300.0))",18,9,18,11,0.03631790763172022,-0.011238796724772277,False
Everolimus,Hep G2,"(np.float64(0.3), np.float64(0.9), np.float64(3.0), np.float64(9.0), np.float64(30.0), np.float64(90.0), np.float64(300.0))",18,15,18,17,0.025296173694236236,0.0017019803858475937,False
Everolimus,MDAMB231,"(np.float64(0.1), np.float64(0.3), np.float64(1.0), np.float64(3.0), np.float64(10.0), np.float64(30.0), np.float64(100.0))",192,166,192,180,0.03294860831106706,0.017202379729868458,False
GDC-0068,CAL148,"(np.float64(1.0), np.float64(3.0), np.float64(10.0), np.float64(30.0), np.float64(100.0), np.float64(300.0), np.float64(1000.0))",192,38,192,49,0.07176831725039735,-0.03650605454825506,False
GDC-0068,CAL51,"(np.float64(1.0), np.float64(3.0), np.float64(10.0), np.float64(30.0), np.float64(100.0), np.float64(300.0), np.float64(1000.0))",192,68,192,79,0.09304893302007618,-0.07003180982323913,False
GDC-0068,DU4475,"(np.float64(1.0), np.float64(3.0), np.float64(10.0), np.float64(30.0), np.float64(100.0), np.float64(300.0), np.float64(1000.0))",192,98,192,109,0.06335081897697106,-0.0365807069955123,False
GDC-0068,MDAMB231,"(np.float64(1.0), np.float64(3.0), np.float64(10.0), np.float64(30.0), np.float64(100.0), np.float64(300.0), np.float64(1000.0))",192,164,192,175,0.05141788271505905,-0.03618524566276387,False
Navitoclax,CAL148,"(np.float64(1.0), np.float64(3.0), np.float64(10.0), np.float64(30.0), np.float64(100.0), np.float64(300.0), np.float64(1000.0))",192,35,192,45,0.045792744813994306,0.017430236162149004,False
Navitoclax,CAL51,"(np.float64(1.0), np.float64(3.0), np.float64(10.0), np.float64(30.0), np.float64(100.0), np.float64(300.0), np.float64(1000.0))",192,65,192,75,0.015123059222242321,-0.004106709195333577,False
Navitoclax,DU4475,"(np.float64(1.0), np.float64(3.0), np.float64(10.0), np.float64(30.0), np.float64(100.0), np.float64(300.0), np.float64(1000.0))",192,95,192,105,0.08502726698508785,0.04837903085659916,False
Navitoclax,MDAMB231,"(np.float64(1.0), np.float64(3.0), np.float64(10.0), np.float64(30.0), np.float64(100.0), np.float64(300.0), np.float64(1000.0))",192,161,192,171,0.039253806838584,0.01720137815227301,False
Trametinib,BT-549,"(np.float64(0.03), np.float64(0.1), np.float64(0.3), np.float64(1.0), np.float64(3.0), np.float64(10.0), np.float64(30.0))",192,2,192,5,0.015348748804850819,-0.0013228297754260027,False
Trametinib,BT-549,"(np.float64(0.03), np.float64(0.1), np.float64(0.3), np.float64(1.0), np.float64(3.0), np.float64(10.0), np.float64(30.0))",192,2,192,6,0.040650112808702454,-0.024138201290420862,False
Trametinib,BT-549,"(np.float64(0.03), np.float64(0.1), np.float64(0.3), np.float64(1.0), np.float64(3.0), np.float64(10.0), np.float64(30.0))",192,2,192,7,0.10436418005338198,-0.09232566472913199,False
Trametinib,BT-549,"(np.float64(0.03), np.float64(0.1), np.float64(0.3), np.float64(1.0), np.float64(3.0), np.float64(10.0), np.float64(30.0))",192,2,192,8,0.07904294914434164,-0.06708303529123086,False
Trametinib,BT-549,"(np.float64(0.03), np.float64(0.1), np.float64(0.3), np.float64(1.0), np.float64(3.0), np.float64(10.0), np.float64(30.0))",192,2,192,9,0.12835424383292193,-0.12164907399254514,False
Trametinib,BT-549,"(np.float64(0.03), np.float64(0.1), np.float64(0.3), np.float64(1.0), np.float64(3.0), np.float64(10.0), np.float64(30.0))",192,2,192,10,0.032104815851974236,-0.02176910947017114,False
Trametinib,BT-549,"(np.float64(0.03), np.float64(0.1), np.float64(0.3), np.float64(1.0), np.float64(3.0), np.float64(10.0), np.float64(30.0))",192,2,192,11,0.030092259845107446,-0.016012523509418126,False
Trametinib,BT-549,"(np.float64(0.03), np.float64(0.1), np.float64(0.3), np.float64(1.0), np.float64(3.0), np.float64(10.0), np.float64(30.0))",192,2,192,12,0.039895200211313576,-0.024186875573687292,False
Trametinib,BT-549,"(np.float64(0.03), np.float64(0.1), np.float64(0.3), np.float64(1.0), np.float64(3.0), np.float64(10.0), np.float64(30.0))",192,5,192,6,0.04988115660389491,-0.02281537151499486,False
Trametinib,BT-549,"(np.float64(0.03), np.float64(0.1), np.float64(0.3), np.float64(1.0), np.float64(3.0), np.float64(10.0), np.float64(30.0))",192,5,192,7,0.10110580701139955,-0.091002834953706,False
Trametinib,BT-549,"(np.float64(0.03), np.float64(0.1), np.float64(0.3), np.float64(1.0), np.float64(3.0), np.float64(10.0), np.float64(30.0))",192,5,192,8,0.07413254179423871,-0.06576020551580486,False
Trametinib,BT-549,"(np.float64(0.03), np.float64(0.1), np.float64(0.3), np.float64(1.0), np.float64(3.0), np.float64(10.0), np.float64(30.0))",192,5,192,9,0.12484318118642364,-0.12032624421711914,False
Trametinib,BT-549,"(np.float64(0.03), np.float64(0.1), np.float64(0.3), np.float64(1.0), np.float64(3.0), np.float64(10.0), np.float64(30.0))",192,5,192,10,0.03185877310442489,-0.020446279694745138,False
Trametinib,BT-549,"(np.float64(0.03), np.float64(0.1), np.float64(0.3), np.float64(1.0), np.float64(3.0), np.float64(10.0), np.float64(30.0))",192,5,192,11,0.03285264515859148,-0.014689693733992124,False
Trametinib,BT-549,"(np.float64(0.03), np.float64(0.1), np.float64(0.3), np.float64(1.0), np.float64(3.0), np.float64(10.0), np.float64(30.0))",192,5,192,12,0.03420591457581056,-0.02286404579826129,False
Trametinib,BT-549,"(np.float64(0.03), np.float64(0.1), np.float64(0.3), np.float64(1.0), np.float64(3.0), np.float64(10.0), np.float64(30.0))",192,6,192,7,0.08996751918210988,-0.06818746343871114,False
Trametinib,BT-549,"(np.float64(0.03), np.float64(0.1), np.float64(0.3), np.float64(1.0), np.float64(3.0), np.float64(10.0), np.float64(30.0))",192,6,192,8,0.06958829219693334,-0.04294483400081,False
Trametinib,BT-549,"(np.float64(0.03), np.float64(0.1), np.float64(0.3), np.float64(1.0), np.float64(3.0), np.float64(10.0), np.float64(30.0))",192,6,192,9,0.11012457835064118,-0.09751087270212429,False
Trametinib,BT-549,"(np.float64(0.03), np.float64(0.1), np.float64(0.3), np.float64(1.0), np.float64(3.0), np.float64(10.0), np.float64(30.0))",192,6,192,10,0.028896921384933275,0.002369091820249723,False
Trametinib,BT-549,"(np.float64(0.03), np.float64(0.1), np.float64(0.3), np.float64(1.0), np.float64(3.0), np.float64(10.0), np.float64(30.0))",192,6,192,11,0.028038313335271167,0.008125677781002736,False
Trametinib,BT-549,"(np.float64(0.03), np.float64(0.1), np.float64(0.3), np.float64(1.0), np.float64(3.0), np.float64(10.0), np.float64(30.0))",192,6,192,12,0.0435167835685945,-4.867428326642871e-05,False
Trametinib,BT-549,"(np.float64(0.03), np.float64(0.1), np.float64(0.3), np.float64(1.0), np.float64(3.0), np.float64(10.0), np.float64(30.0))",192,7,192,8,0.049181582660029484,0.025242629437901138,False
Trametinib,BT-549,"(np.float64(0.03), np.float64(0.1), np.float64(0.3), np.float64(1.0), np.float64(3.0), np.float64(10.0), np.float64(30.0))",192,7,192,9,0.050808005011571934,-0.029323409263413147,False
Trametinib,BT-549,"(np.float64(0.03), np.float64(0.1), np.float64(0.3), np.float64(1.0), np.float64(3.0), np.float64(10.0), np.float64(30.0))",192,7,192,10,0.08181337998390346,0.07055655525896086,False
Trametinib,BT-549,"(np.float64(0.03), np.float64(0.1), np.float64(0.3), np.float64(1.0), np.float64(3.0), np.float64(10.0), np.float64(30.0))",192,7,192,11,0.09014528290376718,0.07631314121971387,False
Trametinib,BT-549,"(np.float64(0.03), np.float64(0.1), np.float64(0.3), np.float64(1.0), np.float64(3.0), np.float64(10.0), np.float64(30.0))",192,7,192,12,0.07621705896141512,0.0681387891554447,False
Trametinib,BT-549,"(np.float64(0.03), np.float64(0.1), np.float64(0.3), np.float64(1.0), np.float64(3.0), np.float64(10.0), np.float64(30.0))",192,8,192,9,0.06142852272325494,-0.05456603870131428,False
Trametinib,BT-549,"(np.float64(0.03), np.float64(0.1), np.float64(0.3), np.float64(1.0), np.float64(3.0), np.float64(10.0), np.float64(30.0))",192,8,192,10,0.05657064453045027,0.04531392582105972,False
Trametinib,BT-549,"(np.float64(0.03), np.float64(0.1), np.float64(0.3), np.float64(1.0), np.float64(3.0), np.float64(10.0), np.float64(30.0))",192,8,192,11,0.06564100113141949,0.05107051178181273,False
Trametinib,BT-549,"(np.float64(0.03), np.float64(0.1), np.float64(0.3), np.float64(1.0), np.float64(3.0), np.float64(10.0), np.float64(30.0))",192,8,192,12,0.05190265435777115,0.04289615971754357,False
Trametinib,BT-549,"(np.float64(0.03), np.float64(0.1), np.float64(0.3), np.float64(1.0), np.float64(3.0), np.float64(10.0), np.float64(30.0))",192,9,192,10,0.10457952573701886,0.099879964522374,False
Trametinib,BT-549,"(np.float64(0.03), np.float64(0.1), np.float64(0.3), np.float64(1.0), np.float64(3.0), np.float64(10.0), np.float64(30.0))",192,9,192,11,0.11289676057675223,0.10563655048312702,False
Trametinib,BT-549,"(np.float64(0.03), np.float64(0.1), np.float64(0.3), np.float64(1.0), np.float64(3.0), np.float64(10.0), np.float64(30.0))",192,9,192,12,0.10175172529715629,0.09746219841885785,False
Trametinib,BT-549,"(np.float64(0.03), np.float64(0.1), np.float64(0.3), np.float64(1.0), np.float64(3.0), np.float64(10.0), np.float64(30.0))",192,10,192,11,0.012910916162746032,0.005756585960753013,False
Trametinib,BT-549,"(np.float64(0.03), np.float64(0.1), np.float64(0.3), np.float64(1.0), np.float64(3.0), np.float64(10.0), np.float64(30.0))",192,10,192,12,0.017509222799828465,-0.002417766103516152,False
Trametinib,BT-549,"(np.float64(0.03), np.float64(0.1), np.float64(0.3), np.float64(1.0), np.float64(3.0), np.float64(10.0), np.float64(30.0))",192,11,192,12,0.02831712029139469,-0.008174352064269166,False
Trametinib,CAL-85-1,"(np.float64(0.03), np.float64(0.1), np.float64(0.3), np.float64(1.0), np.float64(3.0), np.float64(10.0), np.float64(30.0))",192,14,192,17,0.07471675518116899,0.006620353877211731,False
Trametinib,CAL-85-1,"(np.float64(0.03), np.float64(0.1), np.float64(0.3), np.float64(1.0), np.float64(3.0), np.float64(10.0), np.float64(30.0))",192,14,192,18,0.1083340626935982,0.06637176899022286,False
Trametinib,CAL-85-1,"(np.float64(0.03), np.float64(0.1), np.float64(0.3), np.float64(1.0), np.float64(3.0), np.float64(10.0), np.float64(30.0))",192,14,192,19,0.06863923500648159,-0.032148533757686705,False
Trametinib,CAL-85-1,"(np.float64(0.03), np.float64(0.1), np.float64(0.3), np.float64(1.0), np.float64(3.0), np.float64(10.0), np.float64(30.0))",192,14,192,20,0.13833924340600218,-0.060265760966511116,False
Trametinib,CAL-85-1,"(np.float64(0.03), np.float64(0.1), np.float64(0.3), np.float64(1.0), np.float64(3.0), np.float64(10.0), np.float64(30.0))",192,14,192,21,0.10350950840134446,-0.06318092499150627,False
Trametinib,CAL-85-1,"(np.float64(0.03), np.float64(0.1), np.float64(0.3), np.float64(1.0), np.float64(3.0), np.float64(10.0), np.float64(30.0))",192,14,192,22,0.033011201111696364,0.006707781569023265,False
Trametinib,CAL-85-1,"(np.float64(0.03), np.float64(0.1), np.float64(0.3), np.float64(1.0), np.float64(3.0), np.float64(10.0), np.float64(30.0))",192,14,192,23,0.028866879421056126,0.007065124255958145,False
Trametinib,CAL-85-1,"(np.float64(0.03), np.float64(0.1), np.float64(0.3), np.float64(1.0), np.float64(3.0), np.float64(10.0), np.float64(30.0))",192,14,192,24,0.11110107326465311,0.050106110521774,False
Trametinib,CAL-85-1,"(np.float64(0.03), np.float64(0.1), np.float64(0.3), np.float64(1.0), np.float64(3.0), np.float64(10.0), np.float64(30.0))",192,17,192,18,0.10336115239430851,0.05975141511301112,False
Trametinib,CAL-85-1,"(np.float64(0.03), np.float64(0.1), np.float64(0.3), np.float64(1.0), np.float64(3.0), np.float64(10.0), np.float64(30.0))",192,17,192,19,0.07908052556619116,-0.038768887634898434,False
Trametinib,CAL-85-1,"(np.float64(0.03), np.float64(0.1), np.float64(0.3), np.float64(1.0), np.float64(3.0), np.float64(10.0), np.float64(30.0))",192,17,192,20,0.111864607985373,-0.06688611484372285,False
Trametinib,CAL-85-1,"(np.float64(0.03), np.float64(0.1), np.float64(0.3), np.float64(1.0), np.float64(3.0), np.float64(10.0), np.float64(30.0))",192,17,192,21,0.08894280015572989,-0.069801278868718,False
Trametinib,CAL-85-1,"(np.float64(0.03), np.float64(0.1), np.float64(0.3), np.float64(1.0), np.float64(3.0), np.float64(10.0), np.float64(30.0))",192,17,192,22,0.06280614052006288,8.74276918115337e-05,False
Trametinib,CAL-85-1,"(np.float64(0.03), np.float64(0.1), np.float64(0.3), np.float64(1.0), np.float64(3.0), np.float64(10.0), np.float64(30.0))",192,17,192,23,0.0800335093835052,0.00044477037874641426,False
Trametinib,CAL-85-1,"(np.float64(0.03), np.float64(0.1), np.float64(0.3), np.float64(1.0), np.float64(3.0), np.float64(10.0), np.float64(30.0))",192,17,192,24,0.09021669809127979,0.04348575664456227,False
Trametinib,CAL-85-1,"(np.float64(0.03), np.float64(0.1), np.float64(0.3), np.float64(1.0), np.float64(3.0), np.float64(10.0), np.float64(30.0))",192,18,192,19,0.12080632305758407,-0.09852030274790956,False
Trametinib,CAL-85-1,"(np.float64(0.03), np.float64(0.1), np.float64(0.3), np.float64(1.0), np.float64(3.0), np.float64(10.0), np.float64(30.0))",192,18,192,20,0.15130537205711506,-0.12663752995673397,False
Trametinib,CAL-85-1,"(np.float64(0.03), np.float64(0.1), np.float64(0.3), np.float64(1.0), np.float64(3.0), np.float64(10.0), np.float64(30.0))",192,18,192,21,0.1667236652361036,-0.1295526939817291,False
Trametinib,CAL-85-1,"(np.float64(0.03), np.float64(0.1), np.float64(0.3), np.float64(1.0), np.float64(3.0), np.float64(10.0), np.float64(30.0))",192,18,192,22,0.10409337287921655,-0.05966398742119959,False
Trametinib,CAL-85-1,"(np.float64(0.03), np.float64(0.1), np.float64(0.3), np.float64(1.0), np.float64(3.0), np.float64(10.0), np.float64(30.0))",192,18,192,23,0.09382965128374315,-0.05930664473426471,False
Trametinib,CAL-85-1,"(np.float64(0.03), np.float64(0.1), np.float64(0.3), np.float64(1.0), np.float64(3.0), np.float64(10.0), np.float64(30.0))",192,18,192,24,0.04158173469958511,-0.01626565846844885,False
Trametinib,CAL-85-1,"(np.float64(0.03), np.float64(0.1), np.float64(0.3), np.float64(1.0), np.float64(3.0), np.float64(10.0), np.float64(30.0))",192,19,192,20,0.10818482973375952,-0.028117227208824418,False
Trametinib,CAL-85-1,"(np.float64(0.03), np.float64(0.1), np.float64(0.3), np.float64(1.0), np.float64(3.0), np.float64(10.0), np.float64(30.0))",192,19,192,21,0.06210101054613414,-0.03103239123381956,False
Trametinib,CAL-85-1,"(np.float64(0.03), np.float64(0.1), np.float64(0.3), np.float64(1.0), np.float64(3.0), np.float64(10.0), np.float64(30.0))",192,19,192,22,0.06815596217570602,0.03885631532670997,False
Trametinib,CAL-85-1,"(np.float64(0.03), np.float64(0.1), np.float64(0.3), np.float64(1.0), np.float64(3.0), np.float64(10.0), np.float64(30.0))",192,19,192,23,0.07426141032457767,0.03921365801364485,False
Trametinib,CAL-85-1,"(np.float64(0.03), np.float64(0.1), np.float64(0.3), np.float64(1.0), np.float64(3.0), np.float64(10.0), np.float64(30.0))",192,19,192,24,0.10456241029859094,0.0822546442794607,False
Trametinib,CAL-85-1,"(np.float64(0.03), np.float64(0.1), np.float64(0.3), np.float64(1.0), np.float64(3.0), np.float64(10.0), np.float64(30.0))",192,20,192,21,0.11540958740036186,-0.0029151640249951427,False
Trametinib,CAL-85-1,"(np.float64(0.03), np.float64(0.1), np.float64(0.3), np.float64(1.0), np.float64(3.0), np.float64(10.0), np.float64(30.0))",192,20,192,22,0.14484941038119828,0.06697354253553438,False
Trametinib,CAL-85-1,"(np.float64(0.03), np.float64(0.1), np.float64(0.3), np.float64(1.0), np.float64(3.0), np.float64(10.0), np.float64(30.0))",192,20,192,23,0.1458348823513762,0.06733088522246926,False
Trametinib,CAL-85-1,"(np.float64(0.03), np.float64(0.1), np.float64(0.3), np.float64(1.0), np.float64(3.0), np.float64(10.0), np.float64(30.0))",192,20,192,24,0.13570412691750355,0.11037187148828512,False
Trametinib,CAL-85-1,"(np.float64(0.03), np.float64(0.1), np.float64(0.3), np.float64(1.0), np.float64(3.0), np.float64(10.0), np.float64(30.0))",192,21,192,22,0.09922144638035096,0.06988870656052952,False
Trametinib,CAL-85-1,"(np.float64(0.03), np.float64(0.1), np.float64(0.3), np.float64(1.0), np.float64(3.0), np.float64(10.0), np.float64(30.0))",192,21,192,23,0.11521156395476505,0.0702460492474644,False
Trametinib,CAL-85-1,"(np.float64(0.03), np.float64(0.1), np.float64(0.3), np.float64(1.0), np.float64(3.0), np.float64(10.0), np.float64(30.0))",192,21,192,24,0.14898406194166525,0.11328703551328026,False
Trametinib,CAL-85-1,"(np.float64(0.03), np.float64(0.1), np.float64(0.3), np.float64(1.0), np.float64(3.0), np.float64(10.0), np.float64(30.0))",192,22,192,23,0.03353175680768925,0.0003573426869348806,False
Trametinib,CAL-85-1,"(np.float64(0.03), np.float64(0.1), np.float64(0.3), np.float64(1.0), np.float64(3.0), np.float64(10.0), np.float64(30.0))",192,22,192,24,0.10038806208935555,0.04339832895275074,False
Trametinib,CAL-85-1,"(np.float64(0.03), np.float64(0.1), np.float64(0.3), np.float64(1.0), np.float64(3.0), np.float64(10.0), np.float64(30.0))",192,23,192,24,0.09955510265765766,0.04304098626581586,False
Trametinib,CAL148,"(np.float64(0.003), np.float64(0.1), np.float64(0.3), np.float64(1.0), np.float64(3.0), np.float64(10.0), np.float64(30.0))",192,37,192,38,0.046678474582459877,-0.010188517522164273,False
Trametinib,CAL148,"(np.float64(0.003), np.float64(0.1), np.float64(0.3), np.float64(1.0), np.float64(3.0), np.float64(10.0), np.float64(30.0))",192,37,192,39,0.048701592419454515,-0.030088449880982693,False
Trametinib,CAL148,"(np.float64(0.003), np.float64(0.1), np.float64(0.3), np.float64(1.0), np.float64(3.0), np.float64(10.0), np.float64(30.0))",192,37,192,40,0.06636551007046608,0.06012526527219115,False
Trametinib,CAL148,"(np.float64(0.003), np.float64(0.1), np.float64(0.3), np.float64(1.0), np.float64(3.0), np.float64(10.0), np.float64(30.0))",192,37,192,41,0.06636551007046608,0.06012526527219115,False
Trametinib,CAL148,"(np.float64(0.003), np.float64(0.1), np.float64(0.3), np.float64(1.0), np.float64(3.0), np.float64(10.0), np.float64(30.0))",192,37,192,42,0.05206626778639154,0.0443395690585483,False
Trametinib,CAL148,"(np.float64(0.003), np.float64(0.1), np.float64(0.3), np.float64(1.0), np.float64(3.0), np.float64(10.0), np.float64(30.0))",192,37,192,43,0.035997157344486316,-0.01154368188213,False
Trametinib,CAL148,"(np.float64(0.003), np.float64(0.1), np.float64(0.3), np.float64(1.0), np.float64(3.0), np.float64(10.0), np.float64(30.0))",192,37,192,44,0.03291397167535219,-0.007542350570418093,False
Trametinib,CAL148,"(np.float64(0.003), np.float64(0.1), np.float64(0.3), np.float64(1.0), np.float64(3.0), np.float64(10.0), np.float64(30.0))",192,37,192,45,0.06490467764290697,-0.00351777413357882,False
Trametinib,CAL148,"(np.float64(0.003), np.float64(0.1), np.float64(0.3), np.float64(1.0), np.float64(3.0), np.float64(10.0), np.float64(30.0))",192,37,192,46,0.04571050731450798,0.016378996378923132,False
Trametinib,CAL148,"(np.float64(0.003), np.float64(0.1), np.float64(0.3), np.float64(1.0), np.float64(3.0), np.float64(10.0), np.float64(30.0))",192,37,192,47,0.05057189016323503,0.04509940507048687,False
Trametinib,CAL148,"(np.float64(0.003), np.float64(0.1), np.float64(0.3), np.float64(1.0), np.float64(3.0), np.float64(10.0), np.float64(30.0))",192,37,192,48,0.03364241879329243,0.0005205380590175755,False
Trametinib,CAL148,"(np.float64(0.003), np.float64(0.1), np.float64(0.3), np.float64(1.0), np.float64(3.0), np.float64(10.0), np.float64(30.0))",192,37,192,50,0.04290556271510955,0.03642785709700775,False
Trametinib,CAL148,"(np.float64(0.003), np.float64(0.1), np.float64(0.3), np.float64(1.0), np.float64(3.0), np.float64(10.0), np.float64(30.0))",192,37,192,51,0.040667659225740546,0.01938135251751532,False
Trametinib,CAL148,"(np.float64(0.003), np.float64(0.1), np.float64(0.3), np.float64(1.0), np.float64(3.0), np.float64(10.0), np.float64(30.0))",192,37,192,52,0.05464168336817018,0.048046345721935,False
Trametinib,CAL148,"(np.float64(0.003), np.float64(0.1), np.float64(0.3), np.float64(1.0), np.float64(3.0), np.float64(10.0), np.float64(30.0))",192,38,192,39,0.06318495739243914,-0.01989993235881842,False
Trametinib,CAL148,"(np.float64(0.003), np.float64(0.1), np.float64(0.3), np.float64(1.0), np.float64(3.0), np.float64(10.0), np.float64(30.0))",192,38,192,40,0.08689192184492481,0.07031378279435542,False
Trametinib,CAL148,"(np.float64(0.003), np.float64(0.1), np.float64(0.3), np.float64(1.0), np.float64(3.0), np.float64(10.0), np.float64(30.0))",192,38,192,41,0.08689192184492481,0.07031378279435542,False
Trametinib,CAL148,"(np.float64(0.003), np.float64(0.1), np.float64(0.3), np.float64(1.0), np.float64(3.0), np.float64(10.0), np.float64(30.0))",192,38,192,42,0.06874888871161694,0.05452808658071257,False
Trametinib,CAL148,"(np.float64(0.003), np.float64(0.1), np.float64(0.3), np.float64(1.0), np.float64(3.0), np.float64(10.0), np.float64(30.0))",192,38,192,43,0.0421215107224944,-0.0013551643599657279,False
Trametinib,CAL148,"(np.float64(0.003), np.float64(0.1), np.float64(0.3), np.float64(1.0), np.float64(3.0), np.float64(10.0), np.float64(30.0))",192,38,192,44,0.025005845910037284,0.0026461669517461794,False
Trametinib,CAL148,"(np.float64(0.003), np.float64(0.1), np.float64(0.3), np.float64(1.0), np.float64(3.0), np.float64(10.0), np.float64(30.0))",192,38,192,45,0.05452630168966072,0.006670743388585453,False
Trametinib,CAL148,"(np.float64(0.003), np.float64(0.1), np.float64(0.3), np.float64(1.0), np.float64(3.0), np.float64(10.0), np.float64(30.0))",192,38,192,46,0.032405144506376334,0.026567513901087407,False
Trametinib,CAL148,"(np.float64(0.003), np.float64(0.1), np.float64(0.3), np.float64(1.0), np.float64(3.0), np.float64(10.0), np.float64(30.0))",192,38,192,47,0.06724212695938606,0.05528792259265114,False
Trametinib,CAL148,"(np.float64(0.003), np.float64(0.1), np.float64(0.3), np.float64(1.0), np.float64(3.0), np.float64(10.0), np.float64(30.0))",192,38,192,48,0.05800204059208494,0.010709055581181848,False
Trametinib,CAL148,"(np.float64(0.003), np.float64(0.1), np.float64(0.3), np.float64(1.0), np.float64(3.0), np.float64(10.0), np.float64(30.0))",192,38,192,50,0.06421082497049364,0.04661637461917202,False
Trametinib,CAL148,"(np.float64(0.003), np.float64(0.1), np.float64(0.3), np.float64(1.0), np.float64(3.0), np.float64(10.0), np.float64(30.0))",192,38,192,51,0.049039547402448896,0.02956987003967959,False
Trametinib,CAL148,"(np.float64(0.003), np.float64(0.1), np.float64(0.3), np.float64(1.0), np.float64(3.0), np.float64(10.0), np.float64(30.0))",192,38,192,52,0.07023635756588346,0.05823486324409927,False
Trametinib,CAL148,"(np.float64(0.003), np.float64(0.1), np.float64(0.3), np.float64(1.0), np.float64(3.0), np.float64(10.0), np.float64(30.0))",192,39,192,40,0.10568897218328667,0.09021371515317385,False
Trametinib,CAL148,"(np.float64(0.003), np.float64(0.1), np.float64(0.3), np.float64(1.0), np.float64(3.0), np.float64(10.0), np.float64(30.0))",192,39,192,41,0.10568897218328667,0.09021371515317385,False
Trametinib,CAL148,"(np.float64(0.003), np.float64(0.1), np.float64(0.3), np.float64(1.0), np.float64(3.0), np.float64(10.0), np.float64(30.0))",192,39,192,42,0.08573630931429563,0.074428018939531,False
Trametinib,CAL148,"(np.float64(0.003), np.float64(0.1), np.float64(0.3), np.float64(1.0), np.float64(3.0), np.float64(10.0), np.float64(30.0))",192,39,192,43,0.044751597712361355,0.01854476799885269,False
Trametinib,CAL148,"(np.float64(0.003), np.float64(0.1), np.float64(0.3), np.float64(1.0), np.float64(3.0), np.float64(10.0), np.float64(30.0))",192,39,192,44,0.05738527640110232,0.0225460993105646,False
Trametinib,CAL148,"(np.float64(0.003), np.float64(0.1), np.float64(0.3), np.float64(1.0), np.float64(3.0), np.float64(10.0), np.float64(30.0))",192,39,192,45,0.06605910944262372,0.026570675747403873,False
Trametinib,CAL148,"(np.float64(0.003), np.float64(0.1), np.float64(0.3), np.float64(1.0), np.float64(3.0), np.float64(10.0), np.float64(30.0))",192,39,192,46,0.07243351839048272,0.04646744625990583,False
Trametinib,CAL148,"(np.float64(0.003), np.float64(0.1), np.float64(0.3), np.float64(1.0), np.float64(3.0), np.float64(10.0), np.float64(30.0))",192,39,192,47,0.09132503119866327,0.07518785495146955,False
Trametinib,CAL148,"(np.float64(0.003), np.float64(0.1), np.float64(0.3), np.float64(1.0), np.float64(3.0), np.float64(10.0), np.float64(30.0))",192,39,192,48,0.04494803348793104,0.03060898794000027,False
Trametinib,CAL148,"(np.float64(0.003), np.float64(0.1), np.float64(0.3), np.float64(1.0), np.float64(3.0), np.float64(10.0), np.float64(30.0))",192,39,192,50,0.07666344380787121,0.06651630697799045,False
Trametinib,CAL148,"(np.float64(0.003), np.float64(0.1), np.float64(0.3), np.float64(1.0), np.float64(3.0), np.float64(10.0), np.float64(30.0))",192,39,192,51,0.0644275050186056,0.04946980239849801,False
Trametinib,CAL148,"(np.float64(0.003), np.float64(0.1), np.float64(0.3), np.float64(1.0), np.float64(3.0), np.float64(10.0), np.float64(30.0))",192,39,192,52,0.08970934572714123,0.0781347956029177,False
Trametinib,CAL148,"(np.float64(0.003), np.float64(0.1), np.float64(0.3), np.float64(1.0), np.float64(3.0), np.float64(10.0), np.float64(30.0))",192,40,192,41,0.0,0.0,True
Trametinib,CAL148,"(np.float64(0.003), np.float64(0.1), np.float64(0.3), np.float64(1.0), np.float64(3.0), np.float64(10.0), np.float64(30.0))",192,40,192,42,0.02462803650291978,-0.01578569621364285,False
Trametinib,CAL148,"(np.float64(0.003), np.float64(0.1), np.float64(0.3), np.float64(1.0), np.float64(3.0), np.float64(10.0), np.float64(30.0))",192,40,192,43,0.08172473592507576,-0.07166894715432115,False
Trametinib,CAL148,"(np.float64(0.003), np.float64(0.1), np.float64(0.3), np.float64(1.0), np.float64(3.0), np.float64(10.0), np.float64(30.0))",192,40,192,44,0.07667963053160853,-0.06766761584260925,False
Trametinib,CAL148,"(np.float64(0.003), np.float64(0.1), np.float64(0.3), np.float64(1.0), np.float64(3.0), np.float64(10.0), np.float64(30.0))",192,40,192,45,0.09837891189651596,-0.06364303940576997,False
Trametinib,CAL148,"(np.float64(0.003), np.float64(0.1), np.float64(0.3), np.float64(1.0), np.float64(3.0), np.float64(10.0), np.float64(30.0))",192,40,192,46,0.06860817013496515,-0.04374626889326801,False
Trametinib,CAL148,"(np.float64(0.003), np.float64(0.1), np.float64(0.3), np.float64(1.0), np.float64(3.0), np.float64(10.0), np.float64(30.0))",192,40,192,47,0.0213544422542752,-0.015025860201704282,False
Trametinib,CAL148,"(np.float64(0.003), np.float64(0.1), np.float64(0.3), np.float64(1.0), np.float64(3.0), np.float64(10.0), np.float64(30.0))",192,40,192,48,0.06947339054318435,-0.05960472721317357,False
Trametinib,CAL148,"(np.float64(0.003), np.float64(0.1), np.float64(0.3), np.float64(1.0), np.float64(3.0), np.float64(10.0), np.float64(30.0))",192,40,192,50,0.03151109420374399,-0.0236974081751834,False
Trametinib,CAL148,"(np.float64(0.003), np.float64(0.1), np.float64(0.3), np.float64(1.0), np.float64(3.0), np.float64(10.0), np.float64(30.0))",192,40,192,51,0.0621639986233432,-0.04074391275467583,False
Trametinib,CAL148,"(np.float64(0.003), np.float64(0.1), np.float64(0.3), np.float64(1.0), np.float64(3.0), np.float64(10.0), np.float64(30.0))",192,40,192,52,0.02415982506122939,-0.012078919550256148,False
Trametinib,CAL148,"(np.float64(0.003), np.float64(0.1), np.float64(0.3), np.float64(1.0), np.float64(3.0), np.float64(10.0), np.float64(30.0))",192,41,192,42,0.02462803650291978,-0.01578569621364285,False
Trametinib,CAL148,"(np.float64(0.003), np.float64(0.1), np.float64(0.3), np.float64(1.0), np.float64(3.0), np.float64(10.0), np.float64(30.0))",192,41,192,43,0.08172473592507576,-0.07166894715432115,False
Trametinib,CAL148,"(np.float64(0.003), np.float64(0.1), np.float64(0.3), np.float64(1.0), np.float64(3.0), np.float64(10.0), np.float64(30.0))",192,41,192,44,0.07667963053160853,-0.06766761584260925,False
Trametinib,CAL148,"(np.float64(0.003), np.float64(0.1), np.float64(0.3), np.float64(1.0), np.float64(3.0), np.float64(10.0), np.float64(30.0))",192,41,192,45,0.09837891189651596,-0.06364303940576997,False
Trametinib,CAL148,"(np.float64(0.003), np.float64(0.1), np.float64(0.3), np.float64(1.0), np.float64(3.0), np.float64(10.0), np.float64(30.0))",192,41,192,46,0.06860817013496515,-0.04374626889326801,False
Trametinib,CAL148,"(np.float64(0.003), np.float64(0.1), np.float64(0.3), np.float64(1.0), np.float64(3.0), np.float64(10.0), np.float64(30.0))",192,41,192,47,0.0213544422542752,-0.015025860201704282,False
Trametinib,CAL148,"(np.float64(0.003), np.float64(0.1), np.float64(0.3), np.float64(1.0), np.float64(3.0), np.float64(10.0), np.float64(30.0))",192,41,192,48,0.06947339054318435,-0.05960472721317357,False
Trametinib,CAL148,"(np.float64(0.003), np.float64(0.1), np.float64(0.3), np.float64(1.0), np.float64(3.0), np.float64(10.0), np.float64(30.0))",192,41,192,50,0.03151109420374399,-0.0236974081751834,False
Trametinib,CAL148,"(np.float64(0.003), np.float64(0.1), np.float64(0.3), np.float64(1.0), np.float64(3.0), np.float64(10.0), np.float64(30.0))",192,41,192,51,0.0621639986233432,-0.04074391275467583,False
Trametinib,CAL148,"(np.float64(0.003), np.float64(0.1), np.float64(0.3), np.float64(1.0), np.float64(3.0), np.float64(10.0), np.float64(30.0))",192,41,192,52,0.02415982506122939,-0.012078919550256148,False
Trametinib,CAL148,"(np.float64(0.003), np.float64(0.1), np.float64(0.3), np.float64(1.0), np.float64(3.0), np.float64(10.0), np.float64(30.0))",192,42,192,43,0.06455416000549191,-0.0558832509406783,False
Trametinib,CAL148,"(np.float64(0.003), np.float64(0.1), np.float64(0.3), np.float64(1.0), np.float64(3.0), np.float64(10.0), np.float64(30.0))",192,42,192,44,0.05917872693808774,-0.05188191962896639,False
Trametinib,CAL148,"(np.float64(0.003), np.float64(0.1), np.float64(0.3), np.float64(1.0), np.float64(3.0), np.float64(10.0), np.float64(30.0))",192,42,192,45,0.07835828436798105,-0.04785734319212712,False
Trametinib,CAL148,"(np.float64(0.003), np.float64(0.1), np.float64(0.3), np.float64(1.0), np.float64(3.0), np.float64(10.0), np.float64(30.0))",192,42,192,46,0.053175099272006913,-0.027960572679625168,False
Trametinib,CAL148,"(np.float64(0.003), np.float64(0.1), np.float64(0.3), np.float64(1.0), np.float64(3.0), np.float64(10.0), np.float64(30.0))",192,42,192,47,0.017409485877124004,0.0007598360119385671,False
Trametinib,CAL148,"(np.float64(0.003), np.float64(0.1), np.float64(0.3), np.float64(1.0), np.float64(3.0), np.float64(10.0), np.float64(30.0))",192,42,192,48,0.05302697220011445,-0.043819030999530724,False
Trametinib,CAL148,"(np.float64(0.003), np.float64(0.1), np.float64(0.3), np.float64(1.0), np.float64(3.0), np.float64(10.0), np.float64(30.0))",192,42,192,50,0.012892191487797309,-0.007911711961540549,False
Trametinib,CAL148,"(np.float64(0.003), np.float64(0.1), np.float64(0.3), np.float64(1.0), np.float64(3.0), np.float64(10.0), np.float64(30.0))",192,42,192,51,0.04359919930641021,-0.02495821654103298,False
Trametinib,CAL148,"(np.float64(0.003), np.float64(0.1), np.float64(0.3), np.float64(1.0), np.float64(3.0), np.float64(10.0), np.float64(30.0))",192,42,192,52,0.012439282853479871,0.0037067766633867016,False
Trametinib,CAL148,"(np.float64(0.003), np.float64(0.1), np.float64(0.3), np.float64(1.0), np.float64(3.0), np.float64(10.0), np.float64(30.0))",192,43,192,44,0.034165252404774825,0.0040013313117119075,False
Trametinib,CAL148,"(np.float64(0.003), np.float64(0.1), np.float64(0.3), np.float64(1.0), np.float64(3.0), np.float64(10.0), np.float64(30.0))",192,43,192,45,0.07029720050081427,0.00802590774855118,False
Trametinib,CAL148,"(np.float64(0.003), np.float64(0.1), np.float64(0.3), np.float64(1.0), np.float64(3.0), np.float64(10.0), np.float64(30.0))",192,43,192,46,0.04748157605356212,0.027922678261053133,False
Trametinib,CAL148,"(np.float64(0.003), np.float64(0.1), np.float64(0.3), np.float64(1.0), np.float64(3.0), np.float64(10.0), np.float64(30.0))",192,43,192,47,0.0654155353441404,0.05664308695261687,False
Trametinib,CAL148,"(np.float64(0.003), np.float64(0.1), np.float64(0.3), np.float64(1.0), np.float64(3.0), np.float64(10.0), np.float64(30.0))",192,43,192,48,0.03274059839549466,0.012064219941147576,False
Trametinib,CAL148,"(np.float64(0.003), np.float64(0.1), np.float64(0.3), np.float64(1.0), np.float64(3.0), np.float64(10.0), np.float64(30.0))",192,43,192,50,0.05846825164986356,0.04797153897913775,False
Trametinib,CAL148,"(np.float64(0.003), np.float64(0.1), np.float64(0.3), np.float64(1.0), np.float64(3.0), np.float64(10.0), np.float64(30.0))",192,43,192,51,0.05735115014617945,0.030925034399645317,False
Trametinib,CAL148,"(np.float64(0.003), np.float64(0.1), np.float64(0.3), np.float64(1.0), np.float64(3.0), np.float64(10.0), np.float64(30.0))",192,43,192,52,0.06957553671549711,0.059590027604065,False
Trametinib,CAL148,"(np.float64(0.003), np.float64(0.1), np.float64(0.3), np.float64(1.0), np.float64(3.0), np.float64(10.0), np.float64(30.0))",192,44,192,45,0.06394489022342821,0.004024576436839273,False
Trametinib,CAL148,"(np.float64(0.003), np.float64(0.1), np.float64(0.3), np.float64(1.0), np.float64(3.0), np.float64(10.0), np.float64(30.0))",192,44,192,46,0.04210517902045147,0.023921346949341227,False
Trametinib,CAL148,"(np.float64(0.003), np.float64(0.1), np.float64(0.3), np.float64(1.0), np.float64(3.0), np.float64(10.0), np.float64(30.0))",192,44,192,47,0.05782264379192019,0.05264175564090496,False
Trametinib,CAL148,"(np.float64(0.003), np.float64(0.1), np.float64(0.3), np.float64(1.0), np.float64(3.0), np.float64(10.0), np.float64(30.0))",192,44,192,48,0.05093793248911203,0.00806288862943567,False
Trametinib,CAL148,"(np.float64(0.003), np.float64(0.1), np.float64(0.3), np.float64(1.0), np.float64(3.0), np.float64(10.0), np.float64(30.0))",192,44,192,50,0.05513923303697743,0.04397020766742584,False
Trametinib,CAL148,"(np.float64(0.003), np.float64(0.1), np.float64(0.3), np.float64(1.0), np.float64(3.0), np.float64(10.0), np.float64(30.0))",192,44,192,51,0.04996974316652891,0.02692370308793341,False
Trametinib,CAL148,"(np.float64(0.003), np.float64(0.1), np.float64(0.3), np.float64(1.0), np.float64(3.0), np.float64(10.0), np.float64(30.0))",192,44,192,52,0.06393697063601692,0.05558869629235309,False
Trametinib,CAL148,"(np.float64(0.003), np.float64(0.1), np.float64(0.3), np.float64(1.0), np.float64(3.0), np.float64(10.0), np.float64(30.0))",192,45,192,46,0.05355094490786424,0.019896770512501955,False
Trametinib,CAL148,"(np.float64(0.003), np.float64(0.1), np.float64(0.3), np.float64(1.0), np.float64(3.0), np.float64(10.0), np.float64(30.0))",192,45,192,47,0.08131320438059117,0.048617179204065684,False
Trametinib,CAL148,"(np.float64(0.003), np.float64(0.1), np.float64(0.3), np.float64(1.0), np.float64(3.0), np.float64(10.0), np.float64(30.0))",192,45,192,48,0.06504208912402627,0.004038312192596395,False
Trametinib,CAL148,"(np.float64(0.003), np.float64(0.1), np.float64(0.3), np.float64(1.0), np.float64(3.0), np.float64(10.0), np.float64(30.0))",192,45,192,50,0.06994368587622685,0.03994563123058657,False
Trametinib,CAL148,"(np.float64(0.003), np.float64(0.1), np.float64(0.3), np.float64(1.0), np.float64(3.0), np.float64(10.0), np.float64(30.0))",192,45,192,51,0.038814818718885015,0.02289912665109414,False
Trametinib,CAL148,"(np.float64(0.003), np.float64(0.1), np.float64(0.3), np.float64(1.0), np.float64(3.0), np.float64(10.0), np.float64(30.0))",192,45,192,52,0.07565487691008728,0.051564119855513825,False
Trametinib,CAL148,"(np.float64(0.003), np.float64(0.1), np.float64(0.3), np.float64(1.0), np.float64(3.0), np.float64(10.0), np.float64(30.0))",192,46,192,47,0.04933589652680702,0.028720408691563733,False
Trametinib,CAL148,"(np.float64(0.003), np.float64(0.1), np.float64(0.3), np.float64(1.0), np.float64(3.0), np.float64(10.0), np.float64(30.0))",192,46,192,48,0.05291826185760227,-0.01585845831990556,False
Trametinib,CAL148,"(np.float64(0.003), np.float64(0.1), np.float64(0.3), np.float64(1.0), np.float64(3.0), np.float64(10.0), np.float64(30.0))",192,46,192,50,0.048219867049492375,0.020048860718084618,False
Trametinib,CAL148,"(np.float64(0.003), np.float64(0.1), np.float64(0.3), np.float64(1.0), np.float64(3.0), np.float64(10.0), np.float64(30.0))",192,46,192,51,0.03503953856836654,0.003002356138592185,False
Trametinib,CAL148,"(np.float64(0.003), np.float64(0.1), np.float64(0.3), np.float64(1.0), np.float64(3.0), np.float64(10.0), np.float64(30.0))",192,46,192,52,0.05090492576276637,0.031667349343011866,False
Trametinib,CAL148,"(np.float64(0.003), np.float64(0.1), np.float64(0.3), np.float64(1.0), np.float64(3.0), np.float64(10.0), np.float64(30.0))",192,47,192,48,0.05781271577800204,-0.04457886701146929,False
Trametinib,CAL148,"(np.float64(0.003), np.float64(0.1), np.float64(0.3), np.float64(1.0), np.float64(3.0), np.float64(10.0), np.float64(30.0))",192,47,192,50,0.02086101451954162,-0.008671547973479117,False
Trametinib,CAL148,"(np.float64(0.003), np.float64(0.1), np.float64(0.3), np.float64(1.0), np.float64(3.0), np.float64(10.0), np.float64(30.0))",192,47,192,51,0.04640898949312455,-0.02571805255297155,False
Trametinib,CAL148,"(np.float64(0.003), np.float64(0.1), np.float64(0.3), np.float64(1.0), np.float64(3.0), np.float64(10.0), np.float64(30.0))",192,47,192,52,0.01748091375920999,0.0029469406514481345,False
Trametinib,CAL148,"(np.float64(0.003), np.float64(0.1), np.float64(0.3), np.float64(1.0), np.float64(3.0), np.float64(10.0), np.float64(30.0))",192,48,192,50,0.043278660916143054,0.035907319037990174,False
Trametinib,CAL148,"(np.float64(0.003), np.float64(0.1), np.float64(0.3), np.float64(1.0), np.float64(3.0), np.float64(10.0), np.float64(30.0))",192,48,192,51,0.04500747963617477,0.018860814458497743,False
Trametinib,CAL148,"(np.float64(0.003), np.float64(0.1), np.float64(0.3), np.float64(1.0), np.float64(3.0), np.float64(10.0), np.float64(30.0))",192,48,192,52,0.05566623268443768,0.047525807662917426,False
Trametinib,CAL148,"(np.float64(0.003), np.float64(0.1), np.float64(0.3), np.float64(1.0), np.float64(3.0), np.float64(10.0), np.float64(30.0))",192,50,192,51,0.03415093330079989,-0.017046504579492434,False
Trametinib,CAL148,"(np.float64(0.003), np.float64(0.1), np.float64(0.3), np.float64(1.0), np.float64(3.0), np.float64(10.0), np.float64(30.0))",192,50,192,52,0.014417496828512745,0.01161848862492725,False
Trametinib,CAL148,"(np.float64(0.003), np.float64(0.1), np.float64(0.3), np.float64(1.0), np.float64(3.0), np.float64(10.0), np.float64(30.0))",192,51,192,52,0.03976719246432085,0.028664993204419682,False
Trametinib,CAL51,"(np.float64(0.003), np.float64(0.1), np.float64(0.3), np.float64(1.0), np.float64(3.0), np.float64(10.0), np.float64(30.0))",192,67,192,68,0.027511523843987314,0.01122581230804939,False
Trametinib,CAL51,"(np.float64(0.003), np.float64(0.1), np.float64(0.3), np.float64(1.0), np.float64(3.0), np.float64(10.0), np.float64(30.0))",192,67,192,69,0.11036310111037546,-0.05639274061255658,False
Trametinib,CAL51,"(np.float64(0.003), np.float64(0.1), np.float64(0.3), np.float64(1.0), np.float64(3.0), np.float64(10.0), np.float64(30.0))",192,67,192,70,0.02787126634639089,0.013434664864619686,False
Trametinib,CAL51,"(np.float64(0.003), np.float64(0.1), np.float64(0.3), np.float64(1.0), np.float64(3.0), np.float64(10.0), np.float64(30.0))",192,67,192,71,0.029180698367543036,0.016953267567258123,False
Trametinib,CAL51,"(np.float64(0.003), np.float64(0.1), np.float64(0.3), np.float64(1.0), np.float64(3.0), np.float64(10.0), np.float64(30.0))",192,67,192,72,0.04214652541535447,0.004071896493716849,False
Trametinib,CAL51,"(np.float64(0.003), np.float64(0.1), np.float64(0.3), np.float64(1.0), np.float64(3.0), np.float64(10.0), np.float64(30.0))",192,67,192,73,0.061705419310650454,-0.032174824059167446,False
Trametinib,CAL51,"(np.float64(0.003), np.float64(0.1), np.float64(0.3), np.float64(1.0), np.float64(3.0), np.float64(10.0), np.float64(30.0))",192,67,192,74,0.055616268473694996,-0.02788808423761072,False
Trametinib,CAL51,"(np.float64(0.003), np.float64(0.1), np.float64(0.3), np.float64(1.0), np.float64(3.0), np.float64(10.0), np.float64(30.0))",192,67,192,75,0.087425605787134,-0.05221237988898521,False
Trametinib,CAL51,"(np.float64(0.003), np.float64(0.1), np.float64(0.3), np.float64(1.0), np.float64(3.0), np.float64(10.0), np.float64(30.0))",192,67,192,76,0.03068277748570902,-0.007086681021671886,False
Trametinib,CAL51,"(np.float64(0.003), np.float64(0.1), np.float64(0.3), np.float64(1.0), np.float64(3.0), np.float64(10.0), np.float64(30.0))",192,67,192,77,0.031455040982444706,0.017478085103111107,False
Trametinib,CAL51,"(np.float64(0.003), np.float64(0.1), np.float64(0.3), np.float64(1.0), np.float64(3.0), np.float64(10.0), np.float64(30.0))",192,67,192,78,0.055823551822918,-0.0022751497552057553,False
Trametinib,CAL51,"(np.float64(0.003), np.float64(0.1), np.float64(0.3), np.float64(1.0), np.float64(3.0), np.float64(10.0), np.float64(30.0))",192,67,192,80,0.05582833291118062,-0.02401903068965659,False
Trametinib,CAL51,"(np.float64(0.003), np.float64(0.1), np.float64(0.3), np.float64(1.0), np.float64(3.0), np.float64(10.0), np.float64(30.0))",192,67,192,81,0.07506602710537048,-0.049052641145345466,False
Trametinib,CAL51,"(np.float64(0.003), np.float64(0.1), np.float64(0.3), np.float64(1.0), np.float64(3.0), np.float64(10.0), np.float64(30.0))",192,67,192,82,0.029312014835903843,0.00680024287891385,False
Trametinib,CAL51,"(np.float64(0.003), np.float64(0.1), np.float64(0.3), np.float64(1.0), np.float64(3.0), np.float64(10.0), np.float64(30.0))",192,68,192,69,0.10233490023066462,-0.06761855292060596,False
Trametinib,CAL51,"(np.float64(0.003), np.float64(0.1), np.float64(0.3), np.float64(1.0), np.float64(3.0), np.float64(10.0), np.float64(30.0))",192,68,192,70,0.010281962891050737,0.002208852556570297,False
Trametinib,CAL51,"(np.float64(0.003), np.float64(0.1), np.float64(0.3), np.float64(1.0), np.float64(3.0), np.float64(10.0), np.float64(30.0))",192,68,192,71,0.01043034858262918,0.0057274552592087346,False
Trametinib,CAL51,"(np.float64(0.003), np.float64(0.1), np.float64(0.3), np.float64(1.0), np.float64(3.0), np.float64(10.0), np.float64(30.0))",192,68,192,72,0.030209739421812497,-0.007153915814332541,False
Trametinib,CAL51,"(np.float64(0.003), np.float64(0.1), np.float64(0.3), np.float64(1.0), np.float64(3.0), np.float64(10.0), np.float64(30.0))",192,68,192,73,0.05537254687971023,-0.04340063636721684,False
Trametinib,CAL51,"(np.float64(0.003), np.float64(0.1), np.float64(0.3), np.float64(1.0), np.float64(3.0), np.float64(10.0), np.float64(30.0))",192,68,192,74,0.04669647499074019,-0.03911389654566011,False
Trametinib,CAL51,"(np.float64(0.003), np.float64(0.1), np.float64(0.3), np.float64(1.0), np.float64(3.0), np.float64(10.0), np.float64(30.0))",192,68,192,75,0.08278689345720708,-0.0634381921970346,False
Trametinib,CAL51,"(np.float64(0.003), np.float64(0.1), np.float64(0.3), np.float64(1.0), np.float64(3.0), np.float64(10.0), np.float64(30.0))",192,68,192,76,0.023145132256181852,-0.018312493329721274,False
Trametinib,CAL51,"(np.float64(0.003), np.float64(0.1), np.float64(0.3), np.float64(1.0), np.float64(3.0), np.float64(10.0), np.float64(30.0))",192,68,192,77,0.014124092914231523,0.006252272795061718,False
Trametinib,CAL51,"(np.float64(0.003), np.float64(0.1), np.float64(0.3), np.float64(1.0), np.float64(3.0), np.float64(10.0), np.float64(30.0))",192,68,192,78,0.04382969258340055,-0.013500962063255144,False
Trametinib,CAL51,"(np.float64(0.003), np.float64(0.1), np.float64(0.3), np.float64(1.0), np.float64(3.0), np.float64(10.0), np.float64(30.0))",192,68,192,80,0.04548714373792847,-0.03524484299770598,False
Trametinib,CAL51,"(np.float64(0.003), np.float64(0.1), np.float64(0.3), np.float64(1.0), np.float64(3.0), np.float64(10.0), np.float64(30.0))",192,68,192,81,0.07020558147409084,-0.06027845345339485,False
Trametinib,CAL51,"(np.float64(0.003), np.float64(0.1), np.float64(0.3), np.float64(1.0), np.float64(3.0), np.float64(10.0), np.float64(30.0))",192,68,192,82,0.012989058893878289,-0.004425569429135539,False
Trametinib,CAL51,"(np.float64(0.003), np.float64(0.1), np.float64(0.3), np.float64(1.0), np.float64(3.0), np.float64(10.0), np.float64(30.0))",192,69,192,70,0.10873246884808074,0.06982740547717627,False
Trametinib,CAL51,"(np.float64(0.003), np.float64(0.1), np.float64(0.3), np.float64(1.0), np.float64(3.0), np.float64(10.0), np.float64(30.0))",192,69,192,71,0.10970904075227841,0.07334600817981471,False
Trametinib,CAL51,"(np.float64(0.003), np.float64(0.1), np.float64(0.3), np.float64(1.0), np.float64(3.0), np.float64(10.0), np.float64(30.0))",192,69,192,72,0.09154828844756187,0.06046463710627343,False
Trametinib,CAL51,"(np.float64(0.003), np.float64(0.1), np.float64(0.3), np.float64(1.0), np.float64(3.0), np.float64(10.0), np.float64(30.0))",192,69,192,73,0.06845126235866497,0.024217916553389136,False
Trametinib,CAL51,"(np.float64(0.003), np.float64(0.1), np.float64(0.3), np.float64(1.0), np.float64(3.0), np.float64(10.0), np.float64(30.0))",192,69,192,74,0.06974006477135972,0.028504656374945862,False
Trametinib,CAL51,"(np.float64(0.003), np.float64(0.1), np.float64(0.3), np.float64(1.0), np.float64(3.0), np.float64(10.0), np.float64(30.0))",192,69,192,75,0.05362185943783688,0.004180360723571371,False
Trametinib,CAL51,"(np.float64(0.003), np.float64(0.1), np.float64(0.3), np.float64(1.0), np.float64(3.0), np.float64(10.0), np.float64(30.0))",192,69,192,76,0.08921228041971088,0.049306059590884695,False
Trametinib,CAL51,"(np.float64(0.003), np.float64(0.1), np.float64(0.3), np.float64(1.0), np.float64(3.0), np.float64(10.0), np.float64(30.0))",192,69,192,77,0.10840472477741694,0.07387082571566769,False
Trametinib,CAL51,"(np.float64(0.003), np.float64(0.1), np.float64(0.3), np.float64(1.0), np.float64(3.0), np.float64(10.0), np.float64(30.0))",192,69,192,78,0.08207171480281417,0.05411759085735083,False
Trametinib,CAL51,"(np.float64(0.003), np.float64(0.1), np.float64(0.3), np.float64(1.0), np.float64(3.0), np.float64(10.0), np.float64(30.0))",192,69,192,80,0.05972407291035966,0.03237370992289999,False
Trametinib,CAL51,"(np.float64(0.003), np.float64(0.1), np.float64(0.3), np.float64(1.0), np.float64(3.0), np.float64(10.0), np.float64(30.0))",192,69,192,81,0.045460343596035326,0.007340099467211115,False
Trametinib,CAL51,"(np.float64(0.003), np.float64(0.1), np.float64(0.3), np.float64(1.0), np.float64(3.0), np.float64(10.0), np.float64(30.0))",192,69,192,82,0.10040692305867545,0.06319298349147043,False
Trametinib,CAL51,"(np.float64(0.003), np.float64(0.1), np.float64(0.3), np.float64(1.0), np.float64(3.0), np.float64(10.0), np.float64(30.0))",192,70,192,71,0.012624505783967708,0.003518602702638437,False
Trametinib,CAL51,"(np.float64(0.003), np.float64(0.1), np.float64(0.3), np.float64(1.0), np.float64(3.0), np.float64(10.0), np.float64(30.0))",192,70,192,72,0.03939001488144747,-0.009362768370902838,False
Trametinib,CAL51,"(np.float64(0.003), np.float64(0.1), np.float64(0.3), np.float64(1.0), np.float64(3.0), np.float64(10.0), np.float64(30.0))",192,70,192,73,0.05794556541212047,-0.045609488923787134,False
Trametinib,CAL51,"(np.float64(0.003), np.float64(0.1), np.float64(0.3), np.float64(1.0), np.float64(3.0), np.float64(10.0), np.float64(30.0))",192,70,192,74,0.050822789938473306,-0.041322749102230404,False
Trametinib,CAL51,"(np.float64(0.003), np.float64(0.1), np.float64(0.3), np.float64(1.0), np.float64(3.0), np.float64(10.0), np.float64(30.0))",192,70,192,75,0.08818393288174826,-0.0656470447536049,False
Trametinib,CAL51,"(np.float64(0.003), np.float64(0.1), np.float64(0.3), np.float64(1.0), np.float64(3.0), np.float64(10.0), np.float64(30.0))",192,70,192,76,0.02510960483737001,-0.02052134588629157,False
Trametinib,CAL51,"(np.float64(0.003), np.float64(0.1), np.float64(0.3), np.float64(1.0), np.float64(3.0), np.float64(10.0), np.float64(30.0))",192,70,192,77,0.02040821516056309,0.004043420238491421,False
Trametinib,CAL51,"(np.float64(0.003), np.float64(0.1), np.float64(0.3), np.float64(1.0), np.float64(3.0), np.float64(10.0), np.float64(30.0))",192,70,192,78,0.05264012189606161,-0.01570981461982544,False
Trametinib,CAL51,"(np.float64(0.003), np.float64(0.1), np.float64(0.3), np.float64(1.0), np.float64(3.0), np.float64(10.0), np.float64(30.0))",192,70,192,80,0.05098209775829804,-0.03745369555427628,False
Trametinib,CAL51,"(np.float64(0.003), np.float64(0.1), np.float64(0.3), np.float64(1.0), np.float64(3.0), np.float64(10.0), np.float64(30.0))",192,70,192,81,0.07587760154654798,-0.06248730600996515,False
Trametinib,CAL51,"(np.float64(0.003), np.float64(0.1), np.float64(0.3), np.float64(1.0), np.float64(3.0), np.float64(10.0), np.float64(30.0))",192,70,192,82,0.013757281491169978,-0.006634421985705836,False
Trametinib,CAL51,"(np.float64(0.003), np.float64(0.1), np.float64(0.3), np.float64(1.0), np.float64(3.0), np.float64(10.0), np.float64(30.0))",192,71,192,72,0.03710309946860634,-0.012881371073541275,False
Trametinib,CAL51,"(np.float64(0.003), np.float64(0.1), np.float64(0.3), np.float64(1.0), np.float64(3.0), np.float64(10.0), np.float64(30.0))",192,71,192,73,0.06313254350690795,-0.04912809162642557,False
Trametinib,CAL51,"(np.float64(0.003), np.float64(0.1), np.float64(0.3), np.float64(1.0), np.float64(3.0), np.float64(10.0), np.float64(30.0))",192,71,192,74,0.05328622271977424,-0.04484135180486885,False
Trametinib,CAL51,"(np.float64(0.003), np.float64(0.1), np.float64(0.3), np.float64(1.0), np.float64(3.0), np.float64(10.0), np.float64(30.0))",192,71,192,75,0.08718446048174001,-0.06916564745624333,False
Trametinib,CAL51,"(np.float64(0.003), np.float64(0.1), np.float64(0.3), np.float64(1.0), np.float64(3.0), np.float64(10.0), np.float64(30.0))",192,71,192,76,0.03135507942234331,-0.02403994858893001,False
Trametinib,CAL51,"(np.float64(0.003), np.float64(0.1), np.float64(0.3), np.float64(1.0), np.float64(3.0), np.float64(10.0), np.float64(30.0))",192,71,192,77,0.008897977722245458,0.0005248175358529839,False
Trametinib,CAL51,"(np.float64(0.003), np.float64(0.1), np.float64(0.3), np.float64(1.0), np.float64(3.0), np.float64(10.0), np.float64(30.0))",192,71,192,78,0.044630140537484674,-0.01922841732246388,False
Trametinib,CAL51,"(np.float64(0.003), np.float64(0.1), np.float64(0.3), np.float64(1.0), np.float64(3.0), np.float64(10.0), np.float64(30.0))",192,71,192,80,0.0535595710536353,-0.040972298256914716,False
Trametinib,CAL51,"(np.float64(0.003), np.float64(0.1), np.float64(0.3), np.float64(1.0), np.float64(3.0), np.float64(10.0), np.float64(30.0))",192,71,192,81,0.07706670577271174,-0.06600590871260359,False
Trametinib,CAL51,"(np.float64(0.003), np.float64(0.1), np.float64(0.3), np.float64(1.0), np.float64(3.0), np.float64(10.0), np.float64(30.0))",192,71,192,82,0.022328116993372435,-0.010153024688344272,False
Trametinib,CAL51,"(np.float64(0.003), np.float64(0.1), np.float64(0.3), np.float64(1.0), np.float64(3.0), np.float64(10.0), np.float64(30.0))",192,72,192,73,0.05744363953018992,-0.0362467205528843,False
Trametinib,CAL51,"(np.float64(0.003), np.float64(0.1), np.float64(0.3), np.float64(1.0), np.float64(3.0), np.float64(10.0), np.float64(30.0))",192,72,192,74,0.04872309461022396,-0.03195998073132757,False
Trametinib,CAL51,"(np.float64(0.003), np.float64(0.1), np.float64(0.3), np.float64(1.0), np.float64(3.0), np.float64(10.0), np.float64(30.0))",192,72,192,75,0.08040409633857358,-0.05628427638270206,False
Trametinib,CAL51,"(np.float64(0.003), np.float64(0.1), np.float64(0.3), np.float64(1.0), np.float64(3.0), np.float64(10.0), np.float64(30.0))",192,72,192,76,0.03628730921117457,-0.011158577515388735,False
Trametinib,CAL51,"(np.float64(0.003), np.float64(0.1), np.float64(0.3), np.float64(1.0), np.float64(3.0), np.float64(10.0), np.float64(30.0))",192,72,192,77,0.032404648747193045,0.013406188609394258,False
Trametinib,CAL51,"(np.float64(0.003), np.float64(0.1), np.float64(0.3), np.float64(1.0), np.float64(3.0), np.float64(10.0), np.float64(30.0))",192,72,192,78,0.040666767415428115,-0.006347046248922604,False
Trametinib,CAL51,"(np.float64(0.003), np.float64(0.1), np.float64(0.3), np.float64(1.0), np.float64(3.0), np.float64(10.0), np.float64(30.0))",192,72,192,80,0.04304510855488284,-0.02809092718337344,False
Trametinib,CAL51,"(np.float64(0.003), np.float64(0.1), np.float64(0.3), np.float64(1.0), np.float64(3.0), np.float64(10.0), np.float64(30.0))",192,72,192,81,0.06412548594417221,-0.053124537639062316,False
Trametinib,CAL51,"(np.float64(0.003), np.float64(0.1), np.float64(0.3), np.float64(1.0), np.float64(3.0), np.float64(10.0), np.float64(30.0))",192,72,192,82,0.03134722221140469,0.002728346385197002,False
Trametinib,CAL51,"(np.float64(0.003), np.float64(0.1), np.float64(0.3), np.float64(1.0), np.float64(3.0), np.float64(10.0), np.float64(30.0))",192,73,192,74,0.030178449214388586,0.0042867398215567275,False
Trametinib,CAL51,"(np.float64(0.003), np.float64(0.1), np.float64(0.3), np.float64(1.0), np.float64(3.0), np.float64(10.0), np.float64(30.0))",192,73,192,75,0.06160448806791654,-0.02003755582981776,False
Trametinib,CAL51,"(np.float64(0.003), np.float64(0.1), np.float64(0.3), np.float64(1.0), np.float64(3.0), np.float64(10.0), np.float64(30.0))",192,73,192,76,0.03465206041668309,0.025088143037495562,False
Trametinib,CAL51,"(np.float64(0.003), np.float64(0.1), np.float64(0.3), np.float64(1.0), np.float64(3.0), np.float64(10.0), np.float64(30.0))",192,73,192,77,0.0653487278367143,0.049652909162278554,False
Trametinib,CAL51,"(np.float64(0.003), np.float64(0.1), np.float64(0.3), np.float64(1.0), np.float64(3.0), np.float64(10.0), np.float64(30.0))",192,73,192,78,0.06134525175136604,0.029899674303961694,False
Trametinib,CAL51,"(np.float64(0.003), np.float64(0.1), np.float64(0.3), np.float64(1.0), np.float64(3.0), np.float64(10.0), np.float64(30.0))",192,73,192,80,0.026370669145863977,0.008155793369510857,False
Trametinib,CAL51,"(np.float64(0.003), np.float64(0.1), np.float64(0.3), np.float64(1.0), np.float64(3.0), np.float64(10.0), np.float64(30.0))",192,73,192,81,0.035708050221703876,-0.01687781708617802,False
Trametinib,CAL51,"(np.float64(0.003), np.float64(0.1), np.float64(0.3), np.float64(1.0), np.float64(3.0), np.float64(10.0), np.float64(30.0))",192,73,192,82,0.05028276943335475,0.038975066938081296,False
Trametinib,CAL51,"(np.float64(0.003), np.float64(0.1), np.float64(0.3), np.float64(1.0), np.float64(3.0), np.float64(10.0), np.float64(30.0))",192,74,192,75,0.04432214364232921,-0.02432429565137449,False
Trametinib,CAL51,"(np.float64(0.003), np.float64(0.1), np.float64(0.3), np.float64(1.0), np.float64(3.0), np.float64(10.0), np.float64(30.0))",192,74,192,76,0.03313486348394806,0.020801403215938836,False
Trametinib,CAL51,"(np.float64(0.003), np.float64(0.1), np.float64(0.3), np.float64(1.0), np.float64(3.0), np.float64(10.0), np.float64(30.0))",192,74,192,77,0.054251738023667895,0.04536616934072183,False
Trametinib,CAL51,"(np.float64(0.003), np.float64(0.1), np.float64(0.3), np.float64(1.0), np.float64(3.0), np.float64(10.0), np.float64(30.0))",192,74,192,78,0.04629691013808657,0.025612934482404964,False
Trametinib,CAL51,"(np.float64(0.003), np.float64(0.1), np.float64(0.3), np.float64(1.0), np.float64(3.0), np.float64(10.0), np.float64(30.0))",192,74,192,80,0.017649858244585252,0.00386905354795413,False
Trametinib,CAL51,"(np.float64(0.003), np.float64(0.1), np.float64(0.3), np.float64(1.0), np.float64(3.0), np.float64(10.0), np.float64(30.0))",192,74,192,81,0.030223333204974123,-0.021164556907734746,False
Trametinib,CAL51,"(np.float64(0.003), np.float64(0.1), np.float64(0.3), np.float64(1.0), np.float64(3.0), np.float64(10.0), np.float64(30.0))",192,74,192,82,0.04493433195787113,0.03468832711652457,False
Trametinib,CAL51,"(np.float64(0.003), np.float64(0.1), np.float64(0.3), np.float64(1.0), np.float64(3.0), np.float64(10.0), np.float64(30.0))",192,75,192,76,0.07223682860565629,0.045125698867313324,False
Trametinib,CAL51,"(np.float64(0.003), np.float64(0.1), np.float64(0.3), np.float64(1.0), np.float64(3.0), np.float64(10.0), np.float64(30.0))",192,75,192,77,0.08622460758476207,0.06969046499209632,False
Trametinib,CAL51,"(np.float64(0.003), np.float64(0.1), np.float64(0.3), np.float64(1.0), np.float64(3.0), np.float64(10.0), np.float64(30.0))",192,75,192,78,0.05961932917258664,0.04993723013377945,False
Trametinib,CAL51,"(np.float64(0.003), np.float64(0.1), np.float64(0.3), np.float64(1.0), np.float64(3.0), np.float64(10.0), np.float64(30.0))",192,75,192,80,0.04785825784049873,0.02819334919932862,False
Trametinib,CAL51,"(np.float64(0.003), np.float64(0.1), np.float64(0.3), np.float64(1.0), np.float64(3.0), np.float64(10.0), np.float64(30.0))",192,75,192,81,0.031313725970004626,0.0031597387436397444,False
Trametinib,CAL51,"(np.float64(0.003), np.float64(0.1), np.float64(0.3), np.float64(1.0), np.float64(3.0), np.float64(10.0), np.float64(30.0))",192,75,192,82,0.08430106094833854,0.05901262276789906,False
Trametinib,CAL51,"(np.float64(0.003), np.float64(0.1), np.float64(0.3), np.float64(1.0), np.float64(3.0), np.float64(10.0), np.float64(30.0))",192,76,192,77,0.03493388081880536,0.024564766124782995,False
Trametinib,CAL51,"(np.float64(0.003), np.float64(0.1), np.float64(0.3), np.float64(1.0), np.float64(3.0), np.float64(10.0), np.float64(30.0))",192,76,192,78,0.04873066887134001,0.00481153126646613,False
Trametinib,CAL51,"(np.float64(0.003), np.float64(0.1), np.float64(0.3), np.float64(1.0), np.float64(3.0), np.float64(10.0), np.float64(30.0))",192,76,192,80,0.03126184455019704,-0.016932349667984705,False
Trametinib,CAL51,"(np.float64(0.003), np.float64(0.1), np.float64(0.3), np.float64(1.0), np.float64(3.0), np.float64(10.0), np.float64(30.0))",192,76,192,81,0.05482145331170983,-0.04196596012367358,False
Trametinib,CAL51,"(np.float64(0.003), np.float64(0.1), np.float64(0.3), np.float64(1.0), np.float64(3.0), np.float64(10.0), np.float64(30.0))",192,76,192,82,0.018325553156687657,0.013886923900585737,False
Trametinib,CAL51,"(np.float64(0.003), np.float64(0.1), np.float64(0.3), np.float64(1.0), np.float64(3.0), np.float64(10.0), np.float64(30.0))",192,77,192,78,0.03917519003563766,-0.019753234858316863,False
Trametinib,CAL51,"(np.float64(0.003), np.float64(0.1), np.float64(0.3), np.float64(1.0), np.float64(3.0), np.float64(10.0), np.float64(30.0))",192,77,192,80,0.05391605380775427,-0.0414971157927677,False
Trametinib,CAL51,"(np.float64(0.003), np.float64(0.1), np.float64(0.3), np.float64(1.0), np.float64(3.0), np.float64(10.0), np.float64(30.0))",192,77,192,81,0.07644796992728853,-0.06653072624845657,False
Trametinib,CAL51,"(np.float64(0.003), np.float64(0.1), np.float64(0.3), np.float64(1.0), np.float64(3.0), np.float64(10.0), np.float64(30.0))",192,77,192,82,0.026641809110543462,-0.010677842224197256,False
Trametinib,CAL51,"(np.float64(0.003), np.float64(0.1), np.float64(0.3), np.float64(1.0), np.float64(3.0), np.float64(10.0), np.float64(30.0))",192,78,192,80,0.04377424067768652,-0.021743880934450836,False
Trametinib,CAL51,"(np.float64(0.003), np.float64(0.1), np.float64(0.3), np.float64(1.0), np.float64(3.0), np.float64(10.0), np.float64(30.0))",192,78,192,81,0.055460296777788104,-0.04677749139013971,False
Trametinib,CAL51,"(np.float64(0.003), np.float64(0.1), np.float64(0.3), np.float64(1.0), np.float64(3.0), np.float64(10.0), np.float64(30.0))",192,78,192,82,0.052589136971843906,0.009075392634119606,False
Trametinib,CAL51,"(np.float64(0.003), np.float64(0.1), np.float64(0.3), np.float64(1.0), np.float64(3.0), np.float64(10.0), np.float64(30.0))",192,80,192,81,0.028092240654686348,-0.025033610455688877,False
Trametinib,CAL51,"(np.float64(0.003), np.float64(0.1), np.float64(0.3), np.float64(1.0), np.float64(3.0), np.float64(10.0), np.float64(30.0))",192,80,192,82,0.0428525385478243,0.030819273568570442,False
Trametinib,CAL51,"(np.float64(0.003), np.float64(0.1), np.float64(0.3), np.float64(1.0), np.float64(3.0), np.float64(10.0), np.float64(30.0))",192,81,192,82,0.0687109704010501,0.055852884024259315,False
Trametinib,DU4475,"(np.float64(0.003), np.float64(0.1), np.float64(0.3), np.float64(1.0), np.float64(3.0), np.float64(10.0), np.float64(30.0))",192,97,192,98,0.027106968491697615,0.006076242944296714,False
Trametinib,DU4475,"(np.float64(0.003), np.float64(0.1), np.float64(0.3), np.float64(1.0), np.float64(3.0), np.float64(10.0), np.float64(30.0))",192,97,192,99,0.046083941496912445,0.0018330514535815595,False
Trametinib,DU4475,"(np.float64(0.003), np.float64(0.1), np.float64(0.3), np.float64(1.0), np.float64(3.0), np.float64(10.0), np.float64(30.0))",192,97,192,100,0.07325587452196572,0.056453804286087005,False
Trametinib,DU4475,"(np.float64(0.003), np.float64(0.1), np.float64(0.3), np.float64(1.0), np.float64(3.0), np.float64(10.0), np.float64(30.0))",192,97,192,101,0.07326890071099637,0.05541958884028829,False
Trametinib,DU4475,"(np.float64(0.003), np.float64(0.1), np.float64(0.3), np.float64(1.0), np.float64(3.0), np.float64(10.0), np.float64(30.0))",192,97,192,102,0.08133021065822048,0.05874852660651015,False
Trametinib,DU4475,"(np.float64(0.003), np.float64(0.1), np.float64(0.3), np.float64(1.0), np.float64(3.0), np.float64(10.0), np.float64(30.0))",192,97,192,103,0.03313959349784685,-0.01120301040112713,False
Trametinib,DU4475,"(np.float64(0.003), np.float64(0.1), np.float64(0.3), np.float64(1.0), np.float64(3.0), np.float64(10.0), np.float64(30.0))",192,97,192,104,0.028879496474177563,0.00234654683775058,False
Trametinib,DU4475,"(np.float64(0.003), np.float64(0.1), np.float64(0.3), np.float64(1.0), np.float64(3.0), np.float64(10.0), np.float64(30.0))",192,97,192,105,0.030430990568420156,-0.006143133146438424,False
Trametinib,DU4475,"(np.float64(0.003), np.float64(0.1), np.float64(0.3), np.float64(1.0), np.float64(3.0), np.float64(10.0), np.float64(30.0))",192,97,192,106,0.06637531350862656,0.052034086736972726,False
Trametinib,DU4475,"(np.float64(0.003), np.float64(0.1), np.float64(0.3), np.float64(1.0), np.float64(3.0), np.float64(10.0), np.float64(30.0))",192,97,192,107,0.06948743740001523,0.050921718284161845,False
Trametinib,DU4475,"(np.float64(0.003), np.float64(0.1), np.float64(0.3), np.float64(1.0), np.float64(3.0), np.float64(10.0), np.float64(30.0))",192,97,192,108,0.0513674106210787,0.034449570346153556,False
Trametinib,DU4475,"(np.float64(0.003), np.float64(0.1), np.float64(0.3), np.float64(1.0), np.float64(3.0), np.float64(10.0), np.float64(30.0))",192,97,192,110,0.035392778540436834,-0.019040963334869425,False
Trametinib,DU4475,"(np.float64(0.003), np.float64(0.1), np.float64(0.3), np.float64(1.0), np.float64(3.0), np.float64(10.0), np.float64(30.0))",192,97,192,111,0.037190592524463606,0.01879995625666345,False
Trametinib,DU4475,"(np.float64(0.003), np.float64(0.1), np.float64(0.3), np.float64(1.0), np.float64(3.0), np.float64(10.0), np.float64(30.0))",192,97,192,112,0.08300986705123788,0.06327489257533339,False
Trametinib,DU4475,"(np.float64(0.003), np.float64(0.1), np.float64(0.3), np.float64(1.0), np.float64(3.0), np.float64(10.0), np.float64(30.0))",192,98,192,99,0.03430805097758332,-0.004243191490715155,False
Trametinib,DU4475,"(np.float64(0.003), np.float64(0.1), np.float64(0.3), np.float64(1.0), np.float64(3.0), np.float64(10.0), np.float64(30.0))",192,98,192,100,0.07111164017972431,0.05037756134179029,False
Trametinib,DU4475,"(np.float64(0.003), np.float64(0.1), np.float64(0.3), np.float64(1.0), np.float64(3.0), np.float64(10.0), np.float64(30.0))",192,98,192,101,0.07122644278790831,0.049343345895991576,False
Trametinib,DU4475,"(np.float64(0.003), np.float64(0.1), np.float64(0.3), np.float64(1.0), np.float64(3.0), np.float64(10.0), np.float64(30.0))",192,98,192,102,0.08274582762898992,0.05267228366221344,False
Trametinib,DU4475,"(np.float64(0.003), np.float64(0.1), np.float64(0.3), np.float64(1.0), np.float64(3.0), np.float64(10.0), np.float64(30.0))",192,98,192,103,0.036356215276996486,-0.017279253345423844,False
Trametinib,DU4475,"(np.float64(0.003), np.float64(0.1), np.float64(0.3), np.float64(1.0), np.float64(3.0), np.float64(10.0), np.float64(30.0))",192,98,192,104,0.006436620728274724,-0.0037296961065461337,False
Trametinib,DU4475,"(np.float64(0.003), np.float64(0.1), np.float64(0.3), np.float64(1.0), np.float64(3.0), np.float64(10.0), np.float64(30.0))",192,98,192,105,0.01703593048546502,-0.012219376090735137,False
Trametinib,DU4475,"(np.float64(0.003), np.float64(0.1), np.float64(0.3), np.float64(1.0), np.float64(3.0), np.float64(10.0), np.float64(30.0))",192,98,192,106,0.0682345702660103,0.04595784379267601,False
Trametinib,DU4475,"(np.float64(0.003), np.float64(0.1), np.float64(0.3), np.float64(1.0), np.float64(3.0), np.float64(10.0), np.float64(30.0))",192,98,192,107,0.06566357106247629,0.044845475339865125,False
Trametinib,DU4475,"(np.float64(0.003), np.float64(0.1), np.float64(0.3), np.float64(1.0), np.float64(3.0), np.float64(10.0), np.float64(30.0))",192,98,192,108,0.056741230931581885,0.028373327401856847,False
Trametinib,DU4475,"(np.float64(0.003), np.float64(0.1), np.float64(0.3), np.float64(1.0), np.float64(3.0), np.float64(10.0), np.float64(30.0))",192,98,192,110,0.037861534709103896,-0.025117206279166138,False
Trametinib,DU4475,"(np.float64(0.003), np.float64(0.1), np.float64(0.3), np.float64(1.0), np.float64(3.0), np.float64(10.0), np.float64(30.0))",192,98,192,111,0.035281420019362096,0.012723713312366738,False
Trametinib,DU4475,"(np.float64(0.003), np.float64(0.1), np.float64(0.3), np.float64(1.0), np.float64(3.0), np.float64(10.0), np.float64(30.0))",192,98,192,112,0.08869122475550431,0.05719864963103668,False
Trametinib,DU4475,"(np.float64(0.003), np.float64(0.1), np.float64(0.3), np.float64(1.0), np.float64(3.0), np.float64(10.0), np.float64(30.0))",192,99,192,100,0.08836815741905944,0.05462075283250545,False
Trametinib,DU4475,"(np.float64(0.003), np.float64(0.1), np.float64(0.3), np.float64(1.0), np.float64(3.0), np.float64(10.0), np.float64(30.0))",192,99,192,101,0.08790487453666293,0.053586537386706726,False
Trametinib,DU4475,"(np.float64(0.003), np.float64(0.1), np.float64(0.3), np.float64(1.0), np.float64(3.0), np.float64(10.0), np.float64(30.0))",192,99,192,102,0.09869301241755031,0.056915475152928593,False
Trametinib,DU4475,"(np.float64(0.003), np.float64(0.1), np.float64(0.3), np.float64(1.0), np.float64(3.0), np.float64(10.0), np.float64(30.0))",192,99,192,103,0.0592905020179749,-0.013036061854708689,False
Trametinib,DU4475,"(np.float64(0.003), np.float64(0.1), np.float64(0.3), np.float64(1.0), np.float64(3.0), np.float64(10.0), np.float64(30.0))",192,99,192,104,0.035397609292357454,0.0005134953841690207,False
Trametinib,DU4475,"(np.float64(0.003), np.float64(0.1), np.float64(0.3), np.float64(1.0), np.float64(3.0), np.float64(10.0), np.float64(30.0))",192,99,192,105,0.03179055646543282,-0.007976184600019984,False
Trametinib,DU4475,"(np.float64(0.003), np.float64(0.1), np.float64(0.3), np.float64(1.0), np.float64(3.0), np.float64(10.0), np.float64(30.0))",192,99,192,106,0.08242888119306331,0.05020103528339116,False
Trametinib,DU4475,"(np.float64(0.003), np.float64(0.1), np.float64(0.3), np.float64(1.0), np.float64(3.0), np.float64(10.0), np.float64(30.0))",192,99,192,107,0.08229216277543852,0.04908866683058028,False
Trametinib,DU4475,"(np.float64(0.003), np.float64(0.1), np.float64(0.3), np.float64(1.0), np.float64(3.0), np.float64(10.0), np.float64(30.0))",192,99,192,108,0.06916571100943023,0.032616518892572,False
Trametinib,DU4475,"(np.float64(0.003), np.float64(0.1), np.float64(0.3), np.float64(1.0), np.float64(3.0), np.float64(10.0), np.float64(30.0))",192,99,192,110,0.043263214020721946,-0.020874014788450985,False
Trametinib,DU4475,"(np.float64(0.003), np.float64(0.1), np.float64(0.3), np.float64(1.0), np.float64(3.0), np.float64(10.0), np.float64(30.0))",192,99,192,111,0.03279336417053558,0.01696690480308189,False
Trametinib,DU4475,"(np.float64(0.003), np.float64(0.1), np.float64(0.3), np.float64(1.0), np.float64(3.0), np.float64(10.0), np.float64(30.0))",192,99,192,112,0.10246692298705817,0.061441841121751835,False
Trametinib,DU4475,"(np.float64(0.003), np.float64(0.1), np.float64(0.3), np.float64(1.0), np.float64(3.0), np.float64(10.0), np.float64(30.0))",192,100,192,101,0.00731059185047552,-0.0010342154457987204,False
Trametinib,DU4475,"(np.float64(0.003), np.float64(0.1), np.float64(0.3), np.float64(1.0), np.float64(3.0), np.float64(10.0), np.float64(30.0))",192,100,192,102,0.019773886936265674,0.0022947223204231432,False
Trametinib,DU4475,"(np.float64(0.003), np.float64(0.1), np.float64(0.3), np.float64(1.0), np.float64(3.0), np.float64(10.0), np.float64(30.0))",192,100,192,103,0.08372973154886051,-0.06765681468721414,False
Trametinib,DU4475,"(np.float64(0.003), np.float64(0.1), np.float64(0.3), np.float64(1.0), np.float64(3.0), np.float64(10.0), np.float64(30.0))",192,100,192,104,0.07691788685248742,-0.05410725744833643,False
Trametinib,DU4475,"(np.float64(0.003), np.float64(0.1), np.float64(0.3), np.float64(1.0), np.float64(3.0), np.float64(10.0), np.float64(30.0))",192,100,192,105,0.08376766352538277,-0.06259693743252544,False
Trametinib,DU4475,"(np.float64(0.003), np.float64(0.1), np.float64(0.3), np.float64(1.0), np.float64(3.0), np.float64(10.0), np.float64(30.0))",192,100,192,106,0.0196698342255866,-0.004419717549114284,False
Trametinib,DU4475,"(np.float64(0.003), np.float64(0.1), np.float64(0.3), np.float64(1.0), np.float64(3.0), np.float64(10.0), np.float64(30.0))",192,100,192,107,0.009996597379451836,-0.005532086001925166,False
Trametinib,DU4475,"(np.float64(0.003), np.float64(0.1), np.float64(0.3), np.float64(1.0), np.float64(3.0), np.float64(10.0), np.float64(30.0))",192,100,192,108,0.03124950215066903,-0.02200423393993345,False
Trametinib,DU4475,"(np.float64(0.003), np.float64(0.1), np.float64(0.3), np.float64(1.0), np.float64(3.0), np.float64(10.0), np.float64(30.0))",192,100,192,110,0.10052236408464894,-0.07549476762095643,False
Trametinib,DU4475,"(np.float64(0.003), np.float64(0.1), np.float64(0.3), np.float64(1.0), np.float64(3.0), np.float64(10.0), np.float64(30.0))",192,100,192,111,0.06304057117807044,-0.03765384802942356,False
Trametinib,DU4475,"(np.float64(0.003), np.float64(0.1), np.float64(0.3), np.float64(1.0), np.float64(3.0), np.float64(10.0), np.float64(30.0))",192,100,192,112,0.035710510944565524,0.006821088289246388,False
Trametinib,DU4475,"(np.float64(0.003), np.float64(0.1), np.float64(0.3), np.float64(1.0), np.float64(3.0), np.float64(10.0), np.float64(30.0))",192,101,192,102,0.01739292201017682,0.003328937766221864,False
Trametinib,DU4475,"(np.float64(0.003), np.float64(0.1), np.float64(0.3), np.float64(1.0), np.float64(3.0), np.float64(10.0), np.float64(30.0))",192,101,192,103,0.08415329934823823,-0.06662259924141542,False
Trametinib,DU4475,"(np.float64(0.003), np.float64(0.1), np.float64(0.3), np.float64(1.0), np.float64(3.0), np.float64(10.0), np.float64(30.0))",192,101,192,104,0.07704639081312442,-0.05307304200253771,False
Trametinib,DU4475,"(np.float64(0.003), np.float64(0.1), np.float64(0.3), np.float64(1.0), np.float64(3.0), np.float64(10.0), np.float64(30.0))",192,101,192,105,0.08395806296359191,-0.06156272198672671,False
Trametinib,DU4475,"(np.float64(0.003), np.float64(0.1), np.float64(0.3), np.float64(1.0), np.float64(3.0), np.float64(10.0), np.float64(30.0))",192,101,192,106,0.018349565556886424,-0.003385502103315563,False
Trametinib,DU4475,"(np.float64(0.003), np.float64(0.1), np.float64(0.3), np.float64(1.0), np.float64(3.0), np.float64(10.0), np.float64(30.0))",192,101,192,107,0.00786504274060227,-0.004497870556126445,False
Trametinib,DU4475,"(np.float64(0.003), np.float64(0.1), np.float64(0.3), np.float64(1.0), np.float64(3.0), np.float64(10.0), np.float64(30.0))",192,101,192,108,0.03014514036271677,-0.02097001849413473,False
Trametinib,DU4475,"(np.float64(0.003), np.float64(0.1), np.float64(0.3), np.float64(1.0), np.float64(3.0), np.float64(10.0), np.float64(30.0))",192,101,192,110,0.10097593396396483,-0.07446055217515771,False
Trametinib,DU4475,"(np.float64(0.003), np.float64(0.1), np.float64(0.3), np.float64(1.0), np.float64(3.0), np.float64(10.0), np.float64(30.0))",192,101,192,111,0.06213742857614973,-0.036619632583624835,False
Trametinib,DU4475,"(np.float64(0.003), np.float64(0.1), np.float64(0.3), np.float64(1.0), np.float64(3.0), np.float64(10.0), np.float64(30.0))",192,101,192,112,0.03494864348899009,0.007855303735045107,False
Trametinib,DU4475,"(np.float64(0.003), np.float64(0.1), np.float64(0.3), np.float64(1.0), np.float64(3.0), np.float64(10.0), np.float64(30.0))",192,102,192,103,0.09538044039777506,-0.06995153700763727,False
Trametinib,DU4475,"(np.float64(0.003), np.float64(0.1), np.float64(0.3), np.float64(1.0), np.float64(3.0), np.float64(10.0), np.float64(30.0))",192,102,192,104,0.08863863771058555,-0.05640197976875957,False
Trametinib,DU4475,"(np.float64(0.003), np.float64(0.1), np.float64(0.3), np.float64(1.0), np.float64(3.0), np.float64(10.0), np.float64(30.0))",192,102,192,105,0.09583574264234297,-0.06489165975294857,False
Trametinib,DU4475,"(np.float64(0.003), np.float64(0.1), np.float64(0.3), np.float64(1.0), np.float64(3.0), np.float64(10.0), np.float64(30.0))",192,102,192,106,0.01874810708381041,-0.0067144398695374264,False
Trametinib,DU4475,"(np.float64(0.003), np.float64(0.1), np.float64(0.3), np.float64(1.0), np.float64(3.0), np.float64(10.0), np.float64(30.0))",192,102,192,107,0.024135220128168492,-0.007826808322348309,False
Trametinib,DU4475,"(np.float64(0.003), np.float64(0.1), np.float64(0.3), np.float64(1.0), np.float64(3.0), np.float64(10.0), np.float64(30.0))",192,102,192,108,0.03652246826627352,-0.02429895626035659,False
Trametinib,DU4475,"(np.float64(0.003), np.float64(0.1), np.float64(0.3), np.float64(1.0), np.float64(3.0), np.float64(10.0), np.float64(30.0))",192,102,192,110,0.11191045845088617,-0.07778948994137957,False
Trametinib,DU4475,"(np.float64(0.003), np.float64(0.1), np.float64(0.3), np.float64(1.0), np.float64(3.0), np.float64(10.0), np.float64(30.0))",192,102,192,111,0.0698064069210339,-0.0399485703498467,False
Trametinib,DU4475,"(np.float64(0.003), np.float64(0.1), np.float64(0.3), np.float64(1.0), np.float64(3.0), np.float64(10.0), np.float64(30.0))",192,102,192,112,0.022374195319023803,0.004526365968823244,False
Trametinib,DU4475,"(np.float64(0.003), np.float64(0.1), np.float64(0.3), np.float64(1.0), np.float64(3.0), np.float64(10.0), np.float64(30.0))",192,103,192,104,0.0348541881316796,0.01354955723887771,False
Trametinib,DU4475,"(np.float64(0.003), np.float64(0.1), np.float64(0.3), np.float64(1.0), np.float64(3.0), np.float64(10.0), np.float64(30.0))",192,103,192,105,0.029822816273826627,0.005059877254688705,False
Trametinib,DU4475,"(np.float64(0.003), np.float64(0.1), np.float64(0.3), np.float64(1.0), np.float64(3.0), np.float64(10.0), np.float64(30.0))",192,103,192,106,0.08408158296335366,0.06323709713809986,False
Trametinib,DU4475,"(np.float64(0.003), np.float64(0.1), np.float64(0.3), np.float64(1.0), np.float64(3.0), np.float64(10.0), np.float64(30.0))",192,103,192,107,0.07889976161093577,0.06212472868528897,False
Trametinib,DU4475,"(np.float64(0.003), np.float64(0.1), np.float64(0.3), np.float64(1.0), np.float64(3.0), np.float64(10.0), np.float64(30.0))",192,103,192,108,0.06662448207303447,0.04565258074728069,False
Trametinib,DU4475,"(np.float64(0.003), np.float64(0.1), np.float64(0.3), np.float64(1.0), np.float64(3.0), np.float64(10.0), np.float64(30.0))",192,103,192,110,0.03166185142295904,-0.007837952933742296,False
Trametinib,DU4475,"(np.float64(0.003), np.float64(0.1), np.float64(0.3), np.float64(1.0), np.float64(3.0), np.float64(10.0), np.float64(30.0))",192,103,192,111,0.06209639688982652,0.03000296665779058,False
Trametinib,DU4475,"(np.float64(0.003), np.float64(0.1), np.float64(0.3), np.float64(1.0), np.float64(3.0), np.float64(10.0), np.float64(30.0))",192,103,192,112,0.10297834499822363,0.07447790297646052,False
Trametinib,DU4475,"(np.float64(0.003), np.float64(0.1), np.float64(0.3), np.float64(1.0), np.float64(3.0), np.float64(10.0), np.float64(30.0))",192,104,192,105,0.014270819392750803,-0.008489679984189005,False
Trametinib,DU4475,"(np.float64(0.003), np.float64(0.1), np.float64(0.3), np.float64(1.0), np.float64(3.0), np.float64(10.0), np.float64(30.0))",192,104,192,106,0.07429722467217316,0.049687539899222144,False
Trametinib,DU4475,"(np.float64(0.003), np.float64(0.1), np.float64(0.3), np.float64(1.0), np.float64(3.0), np.float64(10.0), np.float64(30.0))",192,104,192,107,0.07147392262190848,0.04857517144641126,False
Trametinib,DU4475,"(np.float64(0.003), np.float64(0.1), np.float64(0.3), np.float64(1.0), np.float64(3.0), np.float64(10.0), np.float64(30.0))",192,104,192,108,0.06269560988977678,0.03210302350840298,False
Trametinib,DU4475,"(np.float64(0.003), np.float64(0.1), np.float64(0.3), np.float64(1.0), np.float64(3.0), np.float64(10.0), np.float64(30.0))",192,104,192,110,0.034553895495335094,-0.021387510172620004,False
Trametinib,DU4475,"(np.float64(0.003), np.float64(0.1), np.float64(0.3), np.float64(1.0), np.float64(3.0), np.float64(10.0), np.float64(30.0))",192,104,192,111,0.04047163589671788,0.016453409418912872,False
Trametinib,DU4475,"(np.float64(0.003), np.float64(0.1), np.float64(0.3), np.float64(1.0), np.float64(3.0), np.float64(10.0), np.float64(30.0))",192,104,192,112,0.09453414080123583,0.060928345737582816,False
Trametinib,DU4475,"(np.float64(0.003), np.float64(0.1), np.float64(0.3), np.float64(1.0), np.float64(3.0), np.float64(10.0), np.float64(30.0))",192,105,192,106,0.08150593679038043,0.058177219883411145,False
Trametinib,DU4475,"(np.float64(0.003), np.float64(0.1), np.float64(0.3), np.float64(1.0), np.float64(3.0), np.float64(10.0), np.float64(30.0))",192,105,192,107,0.07798575967242004,0.057064851430600264,False
Trametinib,DU4475,"(np.float64(0.003), np.float64(0.1), np.float64(0.3), np.float64(1.0), np.float64(3.0), np.float64(10.0), np.float64(30.0))",192,105,192,108,0.06631800892078869,0.04059270349259198,False
Trametinib,DU4475,"(np.float64(0.003), np.float64(0.1), np.float64(0.3), np.float64(1.0), np.float64(3.0), np.float64(10.0), np.float64(30.0))",192,105,192,110,0.023771919110899938,-0.012897830188431,False
Trametinib,DU4475,"(np.float64(0.003), np.float64(0.1), np.float64(0.3), np.float64(1.0), np.float64(3.0), np.float64(10.0), np.float64(30.0))",192,105,192,111,0.04417383743607732,0.024943089403101876,False
Trametinib,DU4475,"(np.float64(0.003), np.float64(0.1), np.float64(0.3), np.float64(1.0), np.float64(3.0), np.float64(10.0), np.float64(30.0))",192,105,192,112,0.10216929942824866,0.06941802572177182,False
Trametinib,DU4475,"(np.float64(0.003), np.float64(0.1), np.float64(0.3), np.float64(1.0), np.float64(3.0), np.float64(10.0), np.float64(30.0))",192,106,192,107,0.02183453461476409,-0.0011123684528108826,False
Trametinib,DU4475,"(np.float64(0.003), np.float64(0.1), np.float64(0.3), np.float64(1.0), np.float64(3.0), np.float64(10.0), np.float64(30.0))",192,106,192,108,0.024287180018583848,-0.017584516390819167,False
Trametinib,DU4475,"(np.float64(0.003), np.float64(0.1), np.float64(0.3), np.float64(1.0), np.float64(3.0), np.float64(10.0), np.float64(30.0))",192,106,192,110,0.09695597276292624,-0.07107505007184214,False
Trametinib,DU4475,"(np.float64(0.003), np.float64(0.1), np.float64(0.3), np.float64(1.0), np.float64(3.0), np.float64(10.0), np.float64(30.0))",192,106,192,111,0.05268848543550801,-0.03323413048030927,False
Trametinib,DU4475,"(np.float64(0.003), np.float64(0.1), np.float64(0.3), np.float64(1.0), np.float64(3.0), np.float64(10.0), np.float64(30.0))",192,106,192,112,0.023360171781910195,0.01124080583836067,False
Trametinib,DU4475,"(np.float64(0.003), np.float64(0.1), np.float64(0.3), np.float64(1.0), np.float64(3.0), np.float64(10.0), np.float64(30.0))",192,107,192,108,0.02831632536719053,-0.01647214793800828,False
Trametinib,DU4475,"(np.float64(0.003), np.float64(0.1), np.float64(0.3), np.float64(1.0), np.float64(3.0), np.float64(10.0), np.float64(30.0))",192,107,192,110,0.09565383332868195,-0.06996268161903127,False
Trametinib,DU4475,"(np.float64(0.003), np.float64(0.1), np.float64(0.3), np.float64(1.0), np.float64(3.0), np.float64(10.0), np.float64(30.0))",192,107,192,111,0.05824954807626836,-0.03212176202749839,False
Trametinib,DU4475,"(np.float64(0.003), np.float64(0.1), np.float64(0.3), np.float64(1.0), np.float64(3.0), np.float64(10.0), np.float64(30.0))",192,107,192,112,0.04142028157822931,0.012353174291171554,False
Trametinib,DU4475,"(np.float64(0.003), np.float64(0.1), np.float64(0.3), np.float64(1.0), np.float64(3.0), np.float64(10.0), np.float64(30.0))",192,108,192,110,0.07945396252113099,-0.05349053368102298,False
Trametinib,DU4475,"(np.float64(0.003), np.float64(0.1), np.float64(0.3), np.float64(1.0), np.float64(3.0), np.float64(10.0), np.float64(30.0))",192,108,192,111,0.042462352530818544,-0.01564961408949011,False
Trametinib,DU4475,"(np.float64(0.003), np.float64(0.1), np.float64(0.3), np.float64(1.0), np.float64(3.0), np.float64(10.0), np.float64(30.0))",192,108,192,112,0.042916573953907244,0.028825322229179835,False
Trametinib,DU4475,"(np.float64(0.003), np.float64(0.1), np.float64(0.3), np.float64(1.0), np.float64(3.0), np.float64(10.0), np.float64(30.0))",192,110,192,111,0.058146697766669246,0.03784091959153287,False
Trametinib,DU4475,"(np.float64(0.003), np.float64(0.1), np.float64(0.3), np.float64(1.0), np.float64(3.0), np.float64(10.0), np.float64(30.0))",192,110,192,112,0.11578297184741448,0.08231585591020282,False
Trametinib,DU4475,"(np.float64(0.003), np.float64(0.1), np.float64(0.3), np.float64(1.0), np.float64(3.0), np.float64(10.0), np.float64(30.0))",192,111,192,112,0.07082167891131916,0.044474936318669944,False
Trametinib,HCC1599,"(np.float64(0.03), np.float64(0.1), np.float64(0.3), np.float64(1.0), np.float64(3.0), np.float64(10.0), np.float64(30.0))",192,116,192,119,0.08797721977617837,-0.06722366953995615,False
Trametinib,HCC1599,"(np.float64(0.03), np.float64(0.1), np.float64(0.3), np.float64(1.0), np.float64(3.0), np.float64(10.0), np.float64(30.0))",192,116,192,120,0.07455163005962562,-0.027233113512601142,False
Trametinib,HCC1599,"(np.float64(0.03), np.float64(0.1), np.float64(0.3), np.float64(1.0), np.float64(3.0), np.float64(10.0), np.float64(30.0))",192,116,192,121,0.08320854344401436,-0.029802930525066867,False
Trametinib,HCC1599,"(np.float64(0.03), np.float64(0.1), np.float64(0.3), np.float64(1.0), np.float64(3.0), np.float64(10.0), np.float64(30.0))",192,116,192,122,0.20728290755748793,-0.1451340794359212,False
Trametinib,HCC1599,"(np.float64(0.03), np.float64(0.1), np.float64(0.3), np.float64(1.0), np.float64(3.0), np.float64(10.0), np.float64(30.0))",192,116,192,123,0.0658970571925082,-0.03028704577719529,False
Trametinib,HCC1599,"(np.float64(0.03), np.float64(0.1), np.float64(0.3), np.float64(1.0), np.float64(3.0), np.float64(10.0), np.float64(30.0))",192,116,192,124,0.20074817734570108,-0.10252667507401646,False
Trametinib,HCC1599,"(np.float64(0.03), np.float64(0.1), np.float64(0.3), np.float64(1.0), np.float64(3.0), np.float64(10.0), np.float64(30.0))",192,116,192,125,0.08189577309046756,-0.043633367568512424,False
Trametinib,HCC1599,"(np.float64(0.03), np.float64(0.1), np.float64(0.3), np.float64(1.0), np.float64(3.0), np.float64(10.0), np.float64(30.0))",192,116,192,126,0.056303704844324245,-0.036009233560324296,False
Trametinib,HCC1599,"(np.float64(0.03), np.float64(0.1), np.float64(0.3), np.float64(1.0), np.float64(3.0), np.float64(10.0), np.float64(30.0))",192,119,192,120,0.09421322054554941,0.039990556027355004,False
Trametinib,HCC1599,"(np.float64(0.03), np.float64(0.1), np.float64(0.3), np.float64(1.0), np.float64(3.0), np.float64(10.0), np.float64(30.0))",192,119,192,121,0.1004983199470876,0.03742073901488928,False
Trametinib,HCC1599,"(np.float64(0.03), np.float64(0.1), np.float64(0.3), np.float64(1.0), np.float64(3.0), np.float64(10.0), np.float64(30.0))",192,119,192,122,0.16770112883334204,-0.07791040989596501,False
Trametinib,HCC1599,"(np.float64(0.03), np.float64(0.1), np.float64(0.3), np.float64(1.0), np.float64(3.0), np.float64(10.0), np.float64(30.0))",192,119,192,123,0.09545050262449997,0.036936623762760856,False
Trametinib,HCC1599,"(np.float64(0.03), np.float64(0.1), np.float64(0.3), np.float64(1.0), np.float64(3.0), np.float64(10.0), np.float64(30.0))",192,119,192,124,0.20146281395021567,-0.03530300553406031,False
Trametinib,HCC1599,"(np.float64(0.03), np.float64(0.1), np.float64(0.3), np.float64(1.0), np.float64(3.0), np.float64(10.0), np.float64(30.0))",192,119,192,125,0.10855042810724236,0.02359030197144372,False
Trametinib,HCC1599,"(np.float64(0.03), np.float64(0.1), np.float64(0.3), np.float64(1.0), np.float64(3.0), np.float64(10.0), np.float64(30.0))",192,119,192,126,0.08810224594004774,0.031214435979631854,False
Trametinib,HCC1599,"(np.float64(0.03), np.float64(0.1), np.float64(0.3), np.float64(1.0), np.float64(3.0), np.float64(10.0), np.float64(30.0))",192,120,192,121,0.026636646641832646,-0.002569817012465725,False
Trametinib,HCC1599,"(np.float64(0.03), np.float64(0.1), np.float64(0.3), np.float64(1.0), np.float64(3.0), np.float64(10.0), np.float64(30.0))",192,120,192,122,0.1863382829415205,-0.11790096592332001,False
Trametinib,HCC1599,"(np.float64(0.03), np.float64(0.1), np.float64(0.3), np.float64(1.0), np.float64(3.0), np.float64(10.0), np.float64(30.0))",192,120,192,123,0.06534296255277514,-0.0030539322645941453,False
Trametinib,HCC1599,"(np.float64(0.03), np.float64(0.1), np.float64(0.3), np.float64(1.0), np.float64(3.0), np.float64(10.0), np.float64(30.0))",192,120,192,124,0.19493048023922446,-0.07529356156141531,False
Trametinib,HCC1599,"(np.float64(0.03), np.float64(0.1), np.float64(0.3), np.float64(1.0), np.float64(3.0), np.float64(10.0), np.float64(30.0))",192,120,192,125,0.10266746347246856,-0.01640025405591128,False
Trametinib,HCC1599,"(np.float64(0.03), np.float64(0.1), np.float64(0.3), np.float64(1.0), np.float64(3.0), np.float64(10.0), np.float64(30.0))",192,120,192,126,0.09459075202105666,-0.008776120047723148,False
Trametinib,HCC1599,"(np.float64(0.03), np.float64(0.1), np.float64(0.3), np.float64(1.0), np.float64(3.0), np.float64(10.0), np.float64(30.0))",192,121,192,122,0.17004329732311604,-0.11533114891085429,False
Trametinib,HCC1599,"(np.float64(0.03), np.float64(0.1), np.float64(0.3), np.float64(1.0), np.float64(3.0), np.float64(10.0), np.float64(30.0))",192,121,192,123,0.0663617833340197,-0.00048411525212842054,False
Trametinib,HCC1599,"(np.float64(0.03), np.float64(0.1), np.float64(0.3), np.float64(1.0), np.float64(3.0), np.float64(10.0), np.float64(30.0))",192,121,192,124,0.18263262203809,-0.07272374454894959,False
Trametinib,HCC1599,"(np.float64(0.03), np.float64(0.1), np.float64(0.3), np.float64(1.0), np.float64(3.0), np.float64(10.0), np.float64(30.0))",192,121,192,125,0.11589361377855208,-0.013830437043445554,False
Trametinib,HCC1599,"(np.float64(0.03), np.float64(0.1), np.float64(0.3), np.float64(1.0), np.float64(3.0), np.float64(10.0), np.float64(30.0))",192,121,192,126,0.09328322603050898,-0.006206303035257424,False
Trametinib,HCC1599,"(np.float64(0.03), np.float64(0.1), np.float64(0.3), np.float64(1.0), np.float64(3.0), np.float64(10.0), np.float64(30.0))",192,122,192,123,0.16261662711285665,0.11484703365872587,False
Trametinib,HCC1599,"(np.float64(0.03), np.float64(0.1), np.float64(0.3), np.float64(1.0), np.float64(3.0), np.float64(10.0), np.float64(30.0))",192,122,192,124,0.11630692988731542,0.0426074043619047,False
Trametinib,HCC1599,"(np.float64(0.03), np.float64(0.1), np.float64(0.3), np.float64(1.0), np.float64(3.0), np.float64(10.0), np.float64(30.0))",192,122,192,125,0.22538719216515624,0.10150071186740874,False
Trametinib,HCC1599,"(np.float64(0.03), np.float64(0.1), np.float64(0.3), np.float64(1.0), np.float64(3.0), np.float64(10.0), np.float64(30.0))",192,122,192,126,0.16863611378451376,0.10912484587559687,False
Trametinib,HCC1599,"(np.float64(0.03), np.float64(0.1), np.float64(0.3), np.float64(1.0), np.float64(3.0), np.float64(10.0), np.float64(30.0))",192,123,192,124,0.14461841041670848,-0.07223962929682116,False
Trametinib,HCC1599,"(np.float64(0.03), np.float64(0.1), np.float64(0.3), np.float64(1.0), np.float64(3.0), np.float64(10.0), np.float64(30.0))",192,123,192,125,0.0996130944000772,-0.013346321791317133,False
Trametinib,HCC1599,"(np.float64(0.03), np.float64(0.1), np.float64(0.3), np.float64(1.0), np.float64(3.0), np.float64(10.0), np.float64(30.0))",192,123,192,126,0.06308829226794954,-0.005722187783129004,False
Trametinib,HCC1599,"(np.float64(0.03), np.float64(0.1), np.float64(0.3), np.float64(1.0), np.float64(3.0), np.float64(10.0), np.float64(30.0))",192,124,192,125,0.21101697686271328,0.05889330750550403,False
Trametinib,HCC1599,"(np.float64(0.03), np.float64(0.1), np.float64(0.3), np.float64(1.0), np.float64(3.0), np.float64(10.0), np.float64(30.0))",192,124,192,126,0.1634809411775361,0.06651744151369217,False
Trametinib,HCC1599,"(np.float64(0.03), np.float64(0.1), np.float64(0.3), np.float64(1.0), np.float64(3.0), np.float64(10.0), np.float64(30.0))",192,125,192,126,0.09765066047388912,0.007624134008188129,False
Trametinib,HEK293,"(np.float64(0.3), np.float64(0.9), np.float64(3.0), np.float64(9.0), np.float64(30.0), np.float64(90.0), np.float64(300.0))",18,2,18,6,0.1428778903342161,0.13305811147509572,False
Trametinib,HeLa,"(np.float64(0.3), np.float64(0.9), np.float64(3.0), np.float64(9.0), np.float64(30.0), np.float64(90.0), np.float64(300.0))",18,8,18,12,0.055231539474436854,0.05092445074921316,False
Trametinib,Hep G2,"(np.float64(0.3), np.float64(0.9), np.float64(3.0), np.float64(9.0), np.float64(30.0), np.float64(90.0), np.float64(300.0))",18,14,18,18,0.032463653506003,0.020943527061516858,False
Trametinib,MCF-10A,"(np.float64(0.03), np.float64(0.1), np.float64(0.3), np.float64(1.0), np.float64(3.0), np.float64(10.0), np.float64(30.0))",192,128,192,131,0.024918215604173108,-0.0002684241640278521,False
Trametinib,MCF-10A,"(np.float64(0.03), np.float64(0.1), np.float64(0.3), np.float64(1.0), np.float64(3.0), np.float64(10.0), np.float64(30.0))",192,128,192,132,0.03274836360229825,-0.0037913596216541273,False
Trametinib,MCF-10A,"(np.float64(0.03), np.float64(0.1), np.float64(0.3), np.float64(1.0), np.float64(3.0), np.float64(10.0), np.float64(30.0))",192,128,192,133,0.11108467063093624,-0.10311804810425929,False
Trametinib,MCF-10A,"(np.float64(0.03), np.float64(0.1), np.float64(0.3), np.float64(1.0), np.float64(3.0), np.float64(10.0), np.float64(30.0))",192,128,192,134,0.11345563634135136,-0.1046537299219233,False
Trametinib,MCF-10A,"(np.float64(0.03), np.float64(0.1), np.float64(0.3), np.float64(1.0), np.float64(3.0), np.float64(10.0), np.float64(30.0))",192,128,192,135,0.13732500919461135,-0.1256155588870699,False
Trametinib,MCF-10A,"(np.float64(0.03), np.float64(0.1), np.float64(0.3), np.float64(1.0), np.float64(3.0), np.float64(10.0), np.float64(30.0))",192,128,192,136,0.03391742038955765,0.016462350762890727,False
Trametinib,MCF-10A,"(np.float64(0.03), np.float64(0.1), np.float64(0.3), np.float64(1.0), np.float64(3.0), np.float64(10.0), np.float64(30.0))",192,128,192,137,0.03069408017258759,0.011618345504205454,False
Trametinib,MCF-10A,"(np.float64(0.03), np.float64(0.1), np.float64(0.3), np.float64(1.0), np.float64(3.0), np.float64(10.0), np.float64(30.0))",192,128,192,138,0.03521499755445915,-0.01751859675734784,False
Trametinib,MCF-10A,"(np.float64(0.03), np.float64(0.1), np.float64(0.3), np.float64(1.0), np.float64(3.0), np.float64(10.0), np.float64(30.0))",192,131,192,132,0.0273161377991894,-0.003522935457626275,False
Trametinib,MCF-10A,"(np.float64(0.03), np.float64(0.1), np.float64(0.3), np.float64(1.0), np.float64(3.0), np.float64(10.0), np.float64(30.0))",192,131,192,133,0.10954908055527587,-0.10284962394023144,False
Trametinib,MCF-10A,"(np.float64(0.03), np.float64(0.1), np.float64(0.3), np.float64(1.0), np.float64(3.0), np.float64(10.0), np.float64(30.0))",192,131,192,134,0.10807859321729507,-0.10438530575789544,False
Trametinib,MCF-10A,"(np.float64(0.03), np.float64(0.1), np.float64(0.3), np.float64(1.0), np.float64(3.0), np.float64(10.0), np.float64(30.0))",192,131,192,135,0.13043890973898503,-0.12534713472304204,False
Trametinib,MCF-10A,"(np.float64(0.03), np.float64(0.1), np.float64(0.3), np.float64(1.0), np.float64(3.0), np.float64(10.0), np.float64(30.0))",192,131,192,136,0.027670030272029134,0.016730774926918577,False
Trametinib,MCF-10A,"(np.float64(0.03), np.float64(0.1), np.float64(0.3), np.float64(1.0), np.float64(3.0), np.float64(10.0), np.float64(30.0))",192,131,192,137,0.019907661195675247,0.011886769668233306,False
Trametinib,MCF-10A,"(np.float64(0.03), np.float64(0.1), np.float64(0.3), np.float64(1.0), np.float64(3.0), np.float64(10.0), np.float64(30.0))",192,131,192,138,0.02306273957361116,-0.017250172593319988,False
Trametinib,MCF-10A,"(np.float64(0.03), np.float64(0.1), np.float64(0.3), np.float64(1.0), np.float64(3.0), np.float64(10.0), np.float64(30.0))",192,132,192,133,0.11013734559683588,-0.09932668848260516,False
Trametinib,MCF-10A,"(np.float64(0.03), np.float64(0.1), np.float64(0.3), np.float64(1.0), np.float64(3.0), np.float64(10.0), np.float64(30.0))",192,132,192,134,0.11023053826638507,-0.10086237030026916,False
Trametinib,MCF-10A,"(np.float64(0.03), np.float64(0.1), np.float64(0.3), np.float64(1.0), np.float64(3.0), np.float64(10.0), np.float64(30.0))",192,132,192,135,0.13065382785138974,-0.12182419926541577,False
Trametinib,MCF-10A,"(np.float64(0.03), np.float64(0.1), np.float64(0.3), np.float64(1.0), np.float64(3.0), np.float64(10.0), np.float64(30.0))",192,132,192,136,0.029746362768404887,0.020253710384544852,False
Trametinib,MCF-10A,"(np.float64(0.03), np.float64(0.1), np.float64(0.3), np.float64(1.0), np.float64(3.0), np.float64(10.0), np.float64(30.0))",192,132,192,137,0.02649867853211339,0.01540970512585958,False
Trametinib,MCF-10A,"(np.float64(0.03), np.float64(0.1), np.float64(0.3), np.float64(1.0), np.float64(3.0), np.float64(10.0), np.float64(30.0))",192,132,192,138,0.03128116121531559,-0.013727237135693713,False
Trametinib,MCF-10A,"(np.float64(0.03), np.float64(0.1), np.float64(0.3), np.float64(1.0), np.float64(3.0), np.float64(10.0), np.float64(30.0))",192,133,192,134,0.03658825625375698,-0.001535681817664011,False
Trametinib,MCF-10A,"(np.float64(0.03), np.float64(0.1), np.float64(0.3), np.float64(1.0), np.float64(3.0), np.float64(10.0), np.float64(30.0))",192,133,192,135,0.05634772353091104,-0.02249751078281061,False
Trametinib,MCF-10A,"(np.float64(0.03), np.float64(0.1), np.float64(0.3), np.float64(1.0), np.float64(3.0), np.float64(10.0), np.float64(30.0))",192,133,192,136,0.12835417606546362,0.11958039886715001,False
Trametinib,MCF-10A,"(np.float64(0.03), np.float64(0.1), np.float64(0.3), np.float64(1.0), np.float64(3.0), np.float64(10.0), np.float64(30.0))",192,133,192,137,0.1209594694780561,0.11473639360846474,False
Trametinib,MCF-10A,"(np.float64(0.03), np.float64(0.1), np.float64(0.3), np.float64(1.0), np.float64(3.0), np.float64(10.0), np.float64(30.0))",192,133,192,138,0.09599699592458834,0.08559945134691145,False
Trametinib,MCF-10A,"(np.float64(0.03), np.float64(0.1), np.float64(0.3), np.float64(1.0), np.float64(3.0), np.float64(10.0), np.float64(30.0))",192,134,192,135,0.049382151389019524,-0.020961828965146596,False
Trametinib,MCF-10A,"(np.float64(0.03), np.float64(0.1), np.float64(0.3), np.float64(1.0), np.float64(3.0), np.float64(10.0), np.float64(30.0))",192,134,192,136,0.12905922512093526,0.12111608068481403,False
Trametinib,MCF-10A,"(np.float64(0.03), np.float64(0.1), np.float64(0.3), np.float64(1.0), np.float64(3.0), np.float64(10.0), np.float64(30.0))",192,134,192,137,0.12180478054705783,0.11627207542612875,False
Trametinib,MCF-10A,"(np.float64(0.03), np.float64(0.1), np.float64(0.3), np.float64(1.0), np.float64(3.0), np.float64(10.0), np.float64(30.0))",192,134,192,138,0.09182180080409283,0.08713513316457545,False
Trametinib,MCF-10A,"(np.float64(0.03), np.float64(0.1), np.float64(0.3), np.float64(1.0), np.float64(3.0), np.float64(10.0), np.float64(30.0))",192,135,192,136,0.14839088210828116,0.14207790964996062,False
Trametinib,MCF-10A,"(np.float64(0.03), np.float64(0.1), np.float64(0.3), np.float64(1.0), np.float64(3.0), np.float64(10.0), np.float64(30.0))",192,135,192,137,0.14251696778860198,0.13723390439127534,False
Trametinib,MCF-10A,"(np.float64(0.03), np.float64(0.1), np.float64(0.3), np.float64(1.0), np.float64(3.0), np.float64(10.0), np.float64(30.0))",192,135,192,138,0.11529062993495982,0.10809696212972206,False
Trametinib,MCF-10A,"(np.float64(0.03), np.float64(0.1), np.float64(0.3), np.float64(1.0), np.float64(3.0), np.float64(10.0), np.float64(30.0))",192,136,192,137,0.010722084543030384,-0.004844005258685272,False
Trametinib,MCF-10A,"(np.float64(0.03), np.float64(0.1), np.float64(0.3), np.float64(1.0), np.float64(3.0), np.float64(10.0), np.float64(30.0))",192,136,192,138,0.04757342014766563,-0.033980947520238565,False
Trametinib,MCF-10A,"(np.float64(0.03), np.float64(0.1), np.float64(0.3), np.float64(1.0), np.float64(3.0), np.float64(10.0), np.float64(30.0))",192,137,192,138,0.04053124132398401,-0.029136942261553295,False
Trametinib,MDAMB-436,"(np.float64(0.03), np.float64(0.1), np.float64(0.3), np.float64(1.0), np.float64(3.0), np.float64(10.0), np.float64(30.0))",192,140,192,143,0.0,0.0,True
Trametinib,MDAMB-436,"(np.float64(0.03), np.float64(0.1), np.float64(0.3), np.float64(1.0), np.float64(3.0), np.float64(10.0), np.float64(30.0))",192,140,192,144,0.18985956032964676,-0.09446655367316015,False
Trametinib,MDAMB-436,"(np.float64(0.03), np.float64(0.1), np.float64(0.3), np.float64(1.0), np.float64(3.0), np.float64(10.0), np.float64(30.0))",192,140,192,145,0.13692620257220559,-0.1148122710622713,False
Trametinib,MDAMB-436,"(np.float64(0.03), np.float64(0.1), np.float64(0.3), np.float64(1.0), np.float64(3.0), np.float64(10.0), np.float64(30.0))",192,140,192,146,0.1541550204737597,-0.137378246753247,False
Trametinib,MDAMB-436,"(np.float64(0.03), np.float64(0.1), np.float64(0.3), np.float64(1.0), np.float64(3.0), np.float64(10.0), np.float64(30.0))",192,140,192,147,0.3916339532321319,-0.3573665917415917,False
Trametinib,MDAMB-436,"(np.float64(0.03), np.float64(0.1), np.float64(0.3), np.float64(1.0), np.float64(3.0), np.float64(10.0), np.float64(30.0))",192,140,192,148,0.0,0.0,True
Trametinib,MDAMB-436,"(np.float64(0.03), np.float64(0.1), np.float64(0.3), np.float64(1.0), np.float64(3.0), np.float64(10.0), np.float64(30.0))",192,140,192,149,0.0,0.0,True
Trametinib,MDAMB-436,"(np.float64(0.03), np.float64(0.1), np.float64(0.3), np.float64(1.0), np.float64(3.0), np.float64(10.0), np.float64(30.0))",192,140,192,150,0.1744123447505063,-0.08249042624042628,False
Trametinib,MDAMB-436,"(np.float64(0.03), np.float64(0.1), np.float64(0.3), np.float64(1.0), np.float64(3.0), np.float64(10.0), np.float64(30.0))",192,143,192,144,0.18985956032964676,-0.09446655367316015,False
Trametinib,MDAMB-436,"(np.float64(0.03), np.float64(0.1), np.float64(0.3), np.float64(1.0), np.float64(3.0), np.float64(10.0), np.float64(30.0))",192,143,192,145,0.13692620257220559,-0.1148122710622713,False
Trametinib,MDAMB-436,"(np.float64(0.03), np.float64(0.1), np.float64(0.3), np.float64(1.0), np.float64(3.0), np.float64(10.0), np.float64(30.0))",192,143,192,146,0.1541550204737597,-0.137378246753247,False
Trametinib,MDAMB-436,"(np.float64(0.03), np.float64(0.1), np.float64(0.3), np.float64(1.0), np.float64(3.0), np.float64(10.0), np.float64(30.0))",192,143,192,147,0.3916339532321319,-0.3573665917415917,False
Trametinib,MDAMB-436,"(np.float64(0.03), np.float64(0.1), np.float64(0.3), np.float64(1.0), np.float64(3.0), np.float64(10.0), np.float64(30.0))",192,143,192,148,0.0,0.0,True
Trametinib,MDAMB-436,"(np.float64(0.03), np.float64(0.1), np.float64(0.3), np.float64(1.0), np.float64(3.0), np.float64(10.0), np.float64(30.0))",192,143,192,149,0.0,0.0,True
Trametinib,MDAMB-436,"(np.float64(0.03), np.float64(0.1), np.float64(0.3), np.float64(1.0), np.float64(3.0), np.float64(10.0), np.float64(30.0))",192,143,192,150,0.1744123447505063,-0.08249042624042628,False
Trametinib,MDAMB-436,"(np.float64(0.03), np.float64(0.1), np.float64(0.3), np.float64(1.0), np.float64(3.0), np.float64(10.0), np.float64(30.0))",192,144,192,145,0.1913941923844507,-0.020345717389111156,False
Trametinib,MDAMB-436,"(np.float64(0.03), np.float64(0.1), np.float64(0.3), np.float64(1.0), np.float64(3.0), np.float64(10.0), np.float64(30.0))",192,144,192,146,0.1586505668925483,-0.04291169308008685,False
Trametinib,MDAMB-436,"(np.float64(0.03), np.float64(0.1), np.float64(0.3), np.float64(1.0), np.float64(3.0), np.float64(10.0), np.float64(30.0))",192,144,192,147,0.2754821608859009,-0.26290003806843154,False
Trametinib,MDAMB-436,"(np.float64(0.03), np.float64(0.1), np.float64(0.3), np.float64(1.0), np.float64(3.0), np.float64(10.0), np.float64(30.0))",192,144,192,148,0.18985956032964676,0.09446655367316015,False
Trametinib,MDAMB-436,"(np.float64(0.03), np.float64(0.1), np.float64(0.3), np.float64(1.0), np.float64(3.0), np.float64(10.0), np.float64(30.0))",192,144,192,149,0.18985956032964676,0.09446655367316015,False
Trametinib,MDAMB-436,"(np.float64(0.03), np.float64(0.1), np.float64(0.3), np.float64(1.0), np.float64(3.0), np.float64(10.0), np.float64(30.0))",192,144,192,150,0.025362726085981693,0.01197612743273386,False
Trametinib,MDAMB-436,"(np.float64(0.03), np.float64(0.1), np.float64(0.3), np.float64(1.0), np.float64(3.0), np.float64(10.0), np.float64(30.0))",192,145,192,146,0.12497164715356912,-0.02256597569097569,False
Trametinib,MDAMB-436,"(np.float64(0.03), np.float64(0.1), np.float64(0.3), np.float64(1.0), np.float64(3.0), np.float64(10.0), np.float64(30.0))",192,145,192,147,0.3202779789990872,-0.2425543206793204,False
Trametinib,MDAMB-436,"(np.float64(0.03), np.float64(0.1), np.float64(0.3), np.float64(1.0), np.float64(3.0), np.float64(10.0), np.float64(30.0))",192,145,192,148,0.13692620257220559,0.1148122710622713,False
Trametinib,MDAMB-436,"(np.float64(0.03), np.float64(0.1), np.float64(0.3), np.float64(1.0), np.float64(3.0), np.float64(10.0), np.float64(30.0))",192,145,192,149,0.13692620257220559,0.1148122710622713,False
Trametinib,MDAMB-436,"(np.float64(0.03), np.float64(0.1), np.float64(0.3), np.float64(1.0), np.float64(3.0), np.float64(10.0), np.float64(30.0))",192,145,192,150,0.17827265099639678,0.03232184482184502,False
Trametinib,MDAMB-436,"(np.float64(0.03), np.float64(0.1), np.float64(0.3), np.float64(1.0), np.float64(3.0), np.float64(10.0), np.float64(30.0))",192,146,192,147,0.26759287702625273,-0.2199883449883447,False
Trametinib,MDAMB-436,"(np.float64(0.03), np.float64(0.1), np.float64(0.3), np.float64(1.0), np.float64(3.0), np.float64(10.0), np.float64(30.0))",192,146,192,148,0.1541550204737597,0.137378246753247,False
Trametinib,MDAMB-436,"(np.float64(0.03), np.float64(0.1), np.float64(0.3), np.float64(1.0), np.float64(3.0), np.float64(10.0), np.float64(30.0))",192,146,192,149,0.1541550204737597,0.137378246753247,False
Trametinib,MDAMB-436,"(np.float64(0.03), np.float64(0.1), np.float64(0.3), np.float64(1.0), np.float64(3.0), np.float64(10.0), np.float64(30.0))",192,146,192,150,0.15372386186069942,0.054887820512820706,False
Trametinib,MDAMB-436,"(np.float64(0.03), np.float64(0.1), np.float64(0.3), np.float64(1.0), np.float64(3.0), np.float64(10.0), np.float64(30.0))",192,147,192,148,0.3916339532321319,0.3573665917415917,False
Trametinib,MDAMB-436,"(np.float64(0.03), np.float64(0.1), np.float64(0.3), np.float64(1.0), np.float64(3.0), np.float64(10.0), np.float64(30.0))",192,147,192,149,0.3916339532321319,0.3573665917415917,False
Trametinib,MDAMB-436,"(np.float64(0.03), np.float64(0.1), np.float64(0.3), np.float64(1.0), np.float64(3.0), np.float64(10.0), np.float64(30.0))",192,147,192,150,0.2885377795366589,0.2748761655011654,False
Trametinib,MDAMB-436,"(np.float64(0.03), np.float64(0.1), np.float64(0.3), np.float64(1.0), np.float64(3.0), np.float64(10.0), np.float64(30.0))",192,148,192,149,0.0,0.0,True
Trametinib,MDAMB-436,"(np.float64(0.03), np.float64(0.1), np.float64(0.3), np.float64(1.0), np.float64(3.0), np.float64(10.0), np.float64(30.0))",192,148,192,150,0.1744123447505063,-0.08249042624042628,False
Trametinib,MDAMB-436,"(np.float64(0.03), np.float64(0.1), np.float64(0.3), np.float64(1.0), np.float64(3.0), np.float64(10.0), np.float64(30.0))",192,149,192,150,0.1744123447505063,-0.08249042624042628,False
Trametinib,MDAMB231,"(np.float64(0.003), np.float64(0.1), np.float64(0.3), np.float64(1.0), np.float64(3.0), np.float64(10.0), np.float64(30.0))",192,163,192,164,0.02376760992482818,0.00045120576436133826,False
Trametinib,MDAMB231,"(np.float64(0.003), np.float64(0.1), np.float64(0.3), np.float64(1.0), np.float64(3.0), np.float64(10.0), np.float64(30.0))",192,163,192,165,0.06011352504038555,-0.05110251298081595,False
Trametinib,MDAMB231,"(np.float64(0.003), np.float64(0.1), np.float64(0.3), np.float64(1.0), np.float64(3.0), np.float64(10.0), np.float64(30.0))",192,163,192,166,0.04177321339735224,0.0306847601100886,False
Trametinib,MDAMB231,"(np.float64(0.003), np.float64(0.1), np.float64(0.3), np.float64(1.0), np.float64(3.0), np.float64(10.0), np.float64(30.0))",192,163,192,167,0.07517182007073336,0.0498153308923009,False
Trametinib,MDAMB231,"(np.float64(0.003), np.float64(0.1), np.float64(0.3), np.float64(1.0), np.float64(3.0), np.float64(10.0), np.float64(30.0))",192,163,192,168,0.03359699152439117,0.006116191020590166,False
Trametinib,MDAMB231,"(np.float64(0.003), np.float64(0.1), np.float64(0.3), np.float64(1.0), np.float64(3.0), np.float64(10.0), np.float64(30.0))",192,163,192,169,0.054501920874123755,-0.03898245870781071,False
Trametinib,MDAMB231,"(np.float64(0.003), np.float64(0.1), np.float64(0.3), np.float64(1.0), np.float64(3.0), np.float64(10.0), np.float64(30.0))",192,163,192,170,0.03439463197320013,-0.019215743411679087,False
Trametinib,MDAMB231,"(np.float64(0.003), np.float64(0.1), np.float64(0.3), np.float64(1.0), np.float64(3.0), np.float64(10.0), np.float64(30.0))",192,163,192,171,0.05146200110909719,-0.039868453832102864,False
Trametinib,MDAMB231,"(np.float64(0.003), np.float64(0.1), np.float64(0.3), np.float64(1.0), np.float64(3.0), np.float64(10.0), np.float64(30.0))",192,163,192,172,0.024569111185375945,0.01628558899919844,False
Trametinib,MDAMB231,"(np.float64(0.003), np.float64(0.1), np.float64(0.3), np.float64(1.0), np.float64(3.0), np.float64(10.0), np.float64(30.0))",192,163,192,173,0.03691701654114105,0.02239731462510332,False
Trametinib,MDAMB231,"(np.float64(0.003), np.float64(0.1), np.float64(0.3), np.float64(1.0), np.float64(3.0), np.float64(10.0), np.float64(30.0))",192,163,192,174,0.03773129343118151,-0.0031283689789279867,False
Trametinib,MDAMB231,"(np.float64(0.003), np.float64(0.1), np.float64(0.3), np.float64(1.0), np.float64(3.0), np.float64(10.0), np.float64(30.0))",192,163,192,176,0.023175579167755377,0.0016135624890340563,False
Trametinib,MDAMB231,"(np.float64(0.003), np.float64(0.1), np.float64(0.3), np.float64(1.0), np.float64(3.0), np.float64(10.0), np.float64(30.0))",192,163,192,177,0.06756934594475313,-0.04136801713075872,False
Trametinib,MDAMB231,"(np.float64(0.003), np.float64(0.1), np.float64(0.3), np.float64(1.0), np.float64(3.0), np.float64(10.0), np.float64(30.0))",192,163,192,178,0.056373862707858324,0.03421917966283088,False
Trametinib,MDAMB231,"(np.float64(0.003), np.float64(0.1), np.float64(0.3), np.float64(1.0), np.float64(3.0), np.float64(10.0), np.float64(30.0))",192,164,192,165,0.056796290170861394,-0.051553718745177286,False
Trametinib,MDAMB231,"(np.float64(0.003), np.float64(0.1), np.float64(0.3), np.float64(1.0), np.float64(3.0), np.float64(10.0), np.float64(30.0))",192,164,192,166,0.03311781452946976,0.03023355434572726,False
Trametinib,MDAMB231,"(np.float64(0.003), np.float64(0.1), np.float64(0.3), np.float64(1.0), np.float64(3.0), np.float64(10.0), np.float64(30.0))",192,164,192,167,0.06552058453198509,0.049364125127939563,False
Trametinib,MDAMB231,"(np.float64(0.003), np.float64(0.1), np.float64(0.3), np.float64(1.0), np.float64(3.0), np.float64(10.0), np.float64(30.0))",192,164,192,168,0.0277151921608775,0.005664985256228827,False
Trametinib,MDAMB231,"(np.float64(0.003), np.float64(0.1), np.float64(0.3), np.float64(1.0), np.float64(3.0), np.float64(10.0), np.float64(30.0))",192,164,192,169,0.05048779364497638,-0.03943366447217205,False
Trametinib,MDAMB231,"(np.float64(0.003), np.float64(0.1), np.float64(0.3), np.float64(1.0), np.float64(3.0), np.float64(10.0), np.float64(30.0))",192,164,192,170,0.0333280918099962,-0.019666949176040425,False
Trametinib,MDAMB231,"(np.float64(0.003), np.float64(0.1), np.float64(0.3), np.float64(1.0), np.float64(3.0), np.float64(10.0), np.float64(30.0))",192,164,192,171,0.04991058641948247,-0.040319659596464205,False
Trametinib,MDAMB231,"(np.float64(0.003), np.float64(0.1), np.float64(0.3), np.float64(1.0), np.float64(3.0), np.float64(10.0), np.float64(30.0))",192,164,192,172,0.026868329674636603,0.0158343832348371,False
Trametinib,MDAMB231,"(np.float64(0.003), np.float64(0.1), np.float64(0.3), np.float64(1.0), np.float64(3.0), np.float64(10.0), np.float64(30.0))",192,164,192,173,0.030791196945658822,0.02194610886074198,False
Trametinib,MDAMB231,"(np.float64(0.003), np.float64(0.1), np.float64(0.3), np.float64(1.0), np.float64(3.0), np.float64(10.0), np.float64(30.0))",192,164,192,174,0.025147113355901425,-0.003579574743289325,False
Trametinib,MDAMB231,"(np.float64(0.003), np.float64(0.1), np.float64(0.3), np.float64(1.0), np.float64(3.0), np.float64(10.0), np.float64(30.0))",192,164,192,176,0.017661279871822016,0.001162356724672718,False
Trametinib,MDAMB231,"(np.float64(0.003), np.float64(0.1), np.float64(0.3), np.float64(1.0), np.float64(3.0), np.float64(10.0), np.float64(30.0))",192,164,192,177,0.0583016254002378,-0.041819222895120065,False
Trametinib,MDAMB231,"(np.float64(0.003), np.float64(0.1), np.float64(0.3), np.float64(1.0), np.float64(3.0), np.float64(10.0), np.float64(30.0))",192,164,192,178,0.04301721226712075,0.03376797389846954,False
Trametinib,MDAMB231,"(np.float64(0.003), np.float64(0.1), np.float64(0.3), np.float64(1.0), np.float64(3.0), np.float64(10.0), np.float64(30.0))",192,165,192,166,0.0870487762114044,0.08178727309090454,False
Trametinib,MDAMB231,"(np.float64(0.003), np.float64(0.1), np.float64(0.3), np.float64(1.0), np.float64(3.0), np.float64(10.0), np.float64(30.0))",192,165,192,167,0.11177677670537876,0.10091784387311685,False
Trametinib,MDAMB231,"(np.float64(0.003), np.float64(0.1), np.float64(0.3), np.float64(1.0), np.float64(3.0), np.float64(10.0), np.float64(30.0))",192,165,192,168,0.06347434011701096,0.057218704001406114,False
Trametinib,MDAMB231,"(np.float64(0.003), np.float64(0.1), np.float64(0.3), np.float64(1.0), np.float64(3.0), np.float64(10.0), np.float64(30.0))",192,165,192,169,0.05161875599312362,0.012120054273005236,False
Trametinib,MDAMB231,"(np.float64(0.003), np.float64(0.1), np.float64(0.3), np.float64(1.0), np.float64(3.0), np.float64(10.0), np.float64(30.0))",192,165,192,170,0.040622811690832615,0.031886769569136865,False
Trametinib,MDAMB231,"(np.float64(0.003), np.float64(0.1), np.float64(0.3), np.float64(1.0), np.float64(3.0), np.float64(10.0), np.float64(30.0))",192,165,192,171,0.02451646876645897,0.011234059148713085,False
Trametinib,MDAMB231,"(np.float64(0.003), np.float64(0.1), np.float64(0.3), np.float64(1.0), np.float64(3.0), np.float64(10.0), np.float64(30.0))",192,165,192,172,0.07350524130514151,0.0673881019800144,False
Trametinib,MDAMB231,"(np.float64(0.003), np.float64(0.1), np.float64(0.3), np.float64(1.0), np.float64(3.0), np.float64(10.0), np.float64(30.0))",192,165,192,173,0.07919319888017433,0.07349982760591926,False
Trametinib,MDAMB231,"(np.float64(0.003), np.float64(0.1), np.float64(0.3), np.float64(1.0), np.float64(3.0), np.float64(10.0), np.float64(30.0))",192,165,192,174,0.05682660163734104,0.047974144001887965,False
Trametinib,MDAMB231,"(np.float64(0.003), np.float64(0.1), np.float64(0.3), np.float64(1.0), np.float64(3.0), np.float64(10.0), np.float64(30.0))",192,165,192,176,0.05820089821424308,0.05271607546985001,False
Trametinib,MDAMB231,"(np.float64(0.003), np.float64(0.1), np.float64(0.3), np.float64(1.0), np.float64(3.0), np.float64(10.0), np.float64(30.0))",192,165,192,177,0.030992715679027755,0.009734495850057225,False
Trametinib,MDAMB231,"(np.float64(0.003), np.float64(0.1), np.float64(0.3), np.float64(1.0), np.float64(3.0), np.float64(10.0), np.float64(30.0))",192,165,192,178,0.09434181847422886,0.08532169264364683,False
Trametinib,MDAMB231,"(np.float64(0.003), np.float64(0.1), np.float64(0.3), np.float64(1.0), np.float64(3.0), np.float64(10.0), np.float64(30.0))",192,166,192,167,0.038266531605099595,0.0191305707822123,False
Trametinib,MDAMB231,"(np.float64(0.003), np.float64(0.1), np.float64(0.3), np.float64(1.0), np.float64(3.0), np.float64(10.0), np.float64(30.0))",192,166,192,168,0.03471069844994758,-0.02456856908949843,False
Trametinib,MDAMB231,"(np.float64(0.003), np.float64(0.1), np.float64(0.3), np.float64(1.0), np.float64(3.0), np.float64(10.0), np.float64(30.0))",192,166,192,169,0.07376919550760692,-0.0696672188178993,False
Trametinib,MDAMB231,"(np.float64(0.003), np.float64(0.1), np.float64(0.3), np.float64(1.0), np.float64(3.0), np.float64(10.0), np.float64(30.0))",192,166,192,170,0.056946131262073485,-0.04990050352176768,False
Trametinib,MDAMB231,"(np.float64(0.003), np.float64(0.1), np.float64(0.3), np.float64(1.0), np.float64(3.0), np.float64(10.0), np.float64(30.0))",192,166,192,171,0.077602915028284,-0.07055321394219147,False
Trametinib,MDAMB231,"(np.float64(0.003), np.float64(0.1), np.float64(0.3), np.float64(1.0), np.float64(3.0), np.float64(10.0), np.float64(30.0))",192,166,192,172,0.0223263820240951,-0.014399171110890159,False
Trametinib,MDAMB231,"(np.float64(0.003), np.float64(0.1), np.float64(0.3), np.float64(1.0), np.float64(3.0), np.float64(10.0), np.float64(30.0))",192,166,192,173,0.0166226475672903,-0.008287445484985279,False
Trametinib,MDAMB231,"(np.float64(0.003), np.float64(0.1), np.float64(0.3), np.float64(1.0), np.float64(3.0), np.float64(10.0), np.float64(30.0))",192,166,192,174,0.04223113308229744,-0.03381312908901658,False
Trametinib,MDAMB231,"(np.float64(0.003), np.float64(0.1), np.float64(0.3), np.float64(1.0), np.float64(3.0), np.float64(10.0), np.float64(30.0))",192,166,192,176,0.0363146286473198,-0.02907119762105454,False
Trametinib,MDAMB231,"(np.float64(0.003), np.float64(0.1), np.float64(0.3), np.float64(1.0), np.float64(3.0), np.float64(10.0), np.float64(30.0))",192,166,192,177,0.08454854390989155,-0.07205277724084733,False
Trametinib,MDAMB231,"(np.float64(0.003), np.float64(0.1), np.float64(0.3), np.float64(1.0), np.float64(3.0), np.float64(10.0), np.float64(30.0))",192,166,192,178,0.022480177834151918,0.0035344195527422834,False
Trametinib,MDAMB231,"(np.float64(0.003), np.float64(0.1), np.float64(0.3), np.float64(1.0), np.float64(3.0), np.float64(10.0), np.float64(30.0))",192,167,192,168,0.06022066847894955,-0.043699139871710736,False
Trametinib,MDAMB231,"(np.float64(0.003), np.float64(0.1), np.float64(0.3), np.float64(1.0), np.float64(3.0), np.float64(10.0), np.float64(30.0))",192,167,192,169,0.09957808271433004,-0.08879778960011162,False
Trametinib,MDAMB231,"(np.float64(0.003), np.float64(0.1), np.float64(0.3), np.float64(1.0), np.float64(3.0), np.float64(10.0), np.float64(30.0))",192,167,192,170,0.0835889866939398,-0.06903107430397999,False
Trametinib,MDAMB231,"(np.float64(0.003), np.float64(0.1), np.float64(0.3), np.float64(1.0), np.float64(3.0), np.float64(10.0), np.float64(30.0))",192,167,192,171,0.10196896266166294,-0.08968378472440376,False
Trametinib,MDAMB231,"(np.float64(0.003), np.float64(0.1), np.float64(0.3), np.float64(1.0), np.float64(3.0), np.float64(10.0), np.float64(30.0))",192,167,192,172,0.05252309938926259,-0.03352974189310246,False
Trametinib,MDAMB231,"(np.float64(0.003), np.float64(0.1), np.float64(0.3), np.float64(1.0), np.float64(3.0), np.float64(10.0), np.float64(30.0))",192,167,192,173,0.046112320126941865,-0.02741801626719758,False
Trametinib,MDAMB231,"(np.float64(0.003), np.float64(0.1), np.float64(0.3), np.float64(1.0), np.float64(3.0), np.float64(10.0), np.float64(30.0))",192,167,192,174,0.07002366315748103,-0.052943699871228884,False
Trametinib,MDAMB231,"(np.float64(0.003), np.float64(0.1), np.float64(0.3), np.float64(1.0), np.float64(3.0), np.float64(10.0), np.float64(30.0))",192,167,192,176,0.06927223518521633,-0.04820176840326684,False
Trametinib,MDAMB231,"(np.float64(0.003), np.float64(0.1), np.float64(0.3), np.float64(1.0), np.float64(3.0), np.float64(10.0), np.float64(30.0))",192,167,192,177,0.1065950424969128,-0.09118334802305962,False
Trametinib,MDAMB231,"(np.float64(0.003), np.float64(0.1), np.float64(0.3), np.float64(1.0), np.float64(3.0), np.float64(10.0), np.float64(30.0))",192,167,192,178,0.032166448333811284,-0.015596151229470017,False
Trametinib,MDAMB231,"(np.float64(0.003), np.float64(0.1), np.float64(0.3), np.float64(1.0), np.float64(3.0), np.float64(10.0), np.float64(30.0))",192,168,192,169,0.05670577878009312,-0.04509864972840088,False
Trametinib,MDAMB231,"(np.float64(0.003), np.float64(0.1), np.float64(0.3), np.float64(1.0), np.float64(3.0), np.float64(10.0), np.float64(30.0))",192,168,192,170,0.04583288647986433,-0.025331934432269252,False
Trametinib,MDAMB231,"(np.float64(0.003), np.float64(0.1), np.float64(0.3), np.float64(1.0), np.float64(3.0), np.float64(10.0), np.float64(30.0))",192,168,192,171,0.049268905734799154,-0.04598464485269303,False
Trametinib,MDAMB231,"(np.float64(0.003), np.float64(0.1), np.float64(0.3), np.float64(1.0), np.float64(3.0), np.float64(10.0), np.float64(30.0))",192,168,192,172,0.024434324403355794,0.010169397978608274,False
Trametinib,MDAMB231,"(np.float64(0.003), np.float64(0.1), np.float64(0.3), np.float64(1.0), np.float64(3.0), np.float64(10.0), np.float64(30.0))",192,168,192,173,0.02071727955549135,0.016281123604513153,False
Trametinib,MDAMB231,"(np.float64(0.003), np.float64(0.1), np.float64(0.3), np.float64(1.0), np.float64(3.0), np.float64(10.0), np.float64(30.0))",192,168,192,174,0.017557315950324136,-0.009244559999518152,False
Trametinib,MDAMB231,"(np.float64(0.003), np.float64(0.1), np.float64(0.3), np.float64(1.0), np.float64(3.0), np.float64(10.0), np.float64(30.0))",192,168,192,176,0.017789792042190635,-0.004502628531556109,False
Trametinib,MDAMB231,"(np.float64(0.003), np.float64(0.1), np.float64(0.3), np.float64(1.0), np.float64(3.0), np.float64(10.0), np.float64(30.0))",192,168,192,177,0.05702337858462076,-0.04748420815134889,False
Trametinib,MDAMB231,"(np.float64(0.003), np.float64(0.1), np.float64(0.3), np.float64(1.0), np.float64(3.0), np.float64(10.0), np.float64(30.0))",192,168,192,178,0.04635113726262154,0.028102988642240718,False
Trametinib,MDAMB231,"(np.float64(0.003), np.float64(0.1), np.float64(0.3), np.float64(1.0), np.float64(3.0), np.float64(10.0), np.float64(30.0))",192,169,192,170,0.04925704315009217,0.019766715296131627,False
Trametinib,MDAMB231,"(np.float64(0.003), np.float64(0.1), np.float64(0.3), np.float64(1.0), np.float64(3.0), np.float64(10.0), np.float64(30.0))",192,169,192,171,0.047845321291400296,-0.0008859951242921525,False
Trametinib,MDAMB231,"(np.float64(0.003), np.float64(0.1), np.float64(0.3), np.float64(1.0), np.float64(3.0), np.float64(10.0), np.float64(30.0))",192,169,192,172,0.062424918969655734,0.05526804770700915,False
Trametinib,MDAMB231,"(np.float64(0.003), np.float64(0.1), np.float64(0.3), np.float64(1.0), np.float64(3.0), np.float64(10.0), np.float64(30.0))",192,169,192,173,0.06645458924823266,0.061379773332914035,False
Trametinib,MDAMB231,"(np.float64(0.003), np.float64(0.1), np.float64(0.3), np.float64(1.0), np.float64(3.0), np.float64(10.0), np.float64(30.0))",192,169,192,174,0.04787631360660495,0.035854089728882724,False
Trametinib,MDAMB231,"(np.float64(0.003), np.float64(0.1), np.float64(0.3), np.float64(1.0), np.float64(3.0), np.float64(10.0), np.float64(30.0))",192,169,192,176,0.0508978150031879,0.040596021196844766,False
Trametinib,MDAMB231,"(np.float64(0.003), np.float64(0.1), np.float64(0.3), np.float64(1.0), np.float64(3.0), np.float64(10.0), np.float64(30.0))",192,169,192,177,0.056799228059808124,-0.002385558422948012,False
Trametinib,MDAMB231,"(np.float64(0.003), np.float64(0.1), np.float64(0.3), np.float64(1.0), np.float64(3.0), np.float64(10.0), np.float64(30.0))",192,169,192,178,0.08239371639323964,0.0732016383706416,False
Trametinib,MDAMB231,"(np.float64(0.003), np.float64(0.1), np.float64(0.3), np.float64(1.0), np.float64(3.0), np.float64(10.0), np.float64(30.0))",192,170,192,171,0.04528242387805696,-0.020652710420423777,False
Trametinib,MDAMB231,"(np.float64(0.003), np.float64(0.1), np.float64(0.3), np.float64(1.0), np.float64(3.0), np.float64(10.0), np.float64(30.0))",192,170,192,172,0.04326990038278817,0.03550133241087753,False
Trametinib,MDAMB231,"(np.float64(0.003), np.float64(0.1), np.float64(0.3), np.float64(1.0), np.float64(3.0), np.float64(10.0), np.float64(30.0))",192,170,192,173,0.052491570205925785,0.041613058036782405,False
Trametinib,MDAMB231,"(np.float64(0.003), np.float64(0.1), np.float64(0.3), np.float64(1.0), np.float64(3.0), np.float64(10.0), np.float64(30.0))",192,170,192,174,0.04476550584929766,0.0160873744327511,False
Trametinib,MDAMB231,"(np.float64(0.003), np.float64(0.1), np.float64(0.3), np.float64(1.0), np.float64(3.0), np.float64(10.0), np.float64(30.0))",192,170,192,176,0.03809423420906668,0.020829305900713142,False
Trametinib,MDAMB231,"(np.float64(0.003), np.float64(0.1), np.float64(0.3), np.float64(1.0), np.float64(3.0), np.float64(10.0), np.float64(30.0))",192,170,192,177,0.05365794376180782,-0.022152273719079636,False
Trametinib,MDAMB231,"(np.float64(0.003), np.float64(0.1), np.float64(0.3), np.float64(1.0), np.float64(3.0), np.float64(10.0), np.float64(30.0))",192,170,192,178,0.0692199212083608,0.05343492307450997,False
Trametinib,MDAMB231,"(np.float64(0.003), np.float64(0.1), np.float64(0.3), np.float64(1.0), np.float64(3.0), np.float64(10.0), np.float64(30.0))",192,171,192,172,0.06310818299301643,0.05615404283130131,False
Trametinib,MDAMB231,"(np.float64(0.003), np.float64(0.1), np.float64(0.3), np.float64(1.0), np.float64(3.0), np.float64(10.0), np.float64(30.0))",192,171,192,173,0.06742289793214636,0.06226576845720618,False
Trametinib,MDAMB231,"(np.float64(0.003), np.float64(0.1), np.float64(0.3), np.float64(1.0), np.float64(3.0), np.float64(10.0), np.float64(30.0))",192,171,192,174,0.04513464934331542,0.03674008485317488,False
Trametinib,MDAMB231,"(np.float64(0.003), np.float64(0.1), np.float64(0.3), np.float64(1.0), np.float64(3.0), np.float64(10.0), np.float64(30.0))",192,171,192,176,0.047935989854631655,0.04148201632113692,False
Trametinib,MDAMB231,"(np.float64(0.003), np.float64(0.1), np.float64(0.3), np.float64(1.0), np.float64(3.0), np.float64(10.0), np.float64(30.0))",192,171,192,177,0.03279438875280473,-0.0014995632986558594,False
Trametinib,MDAMB231,"(np.float64(0.003), np.float64(0.1), np.float64(0.3), np.float64(1.0), np.float64(3.0), np.float64(10.0), np.float64(30.0))",192,171,192,178,0.08396782619201022,0.07408763349493375,False
Trametinib,MDAMB231,"(np.float64(0.003), np.float64(0.1), np.float64(0.3), np.float64(1.0), np.float64(3.0), np.float64(10.0), np.float64(30.0))",192,172,192,173,0.01661979327022158,0.00611172562590488,False
Trametinib,MDAMB231,"(np.float64(0.003), np.float64(0.1), np.float64(0.3), np.float64(1.0), np.float64(3.0), np.float64(10.0), np.float64(30.0))",192,172,192,174,0.0357110046245706,-0.019413957978126426,False
Trametinib,MDAMB231,"(np.float64(0.003), np.float64(0.1), np.float64(0.3), np.float64(1.0), np.float64(3.0), np.float64(10.0), np.float64(30.0))",192,172,192,176,0.02520303754898916,-0.014672026510164384,False
Trametinib,MDAMB231,"(np.float64(0.003), np.float64(0.1), np.float64(0.3), np.float64(1.0), np.float64(3.0), np.float64(10.0), np.float64(30.0))",192,172,192,177,0.0747329608102833,-0.057653606129957166,False
Trametinib,MDAMB231,"(np.float64(0.003), np.float64(0.1), np.float64(0.3), np.float64(1.0), np.float64(3.0), np.float64(10.0), np.float64(30.0))",192,172,192,178,0.0399827671295196,0.017933590663632443,False
Trametinib,MDAMB231,"(np.float64(0.003), np.float64(0.1), np.float64(0.3), np.float64(1.0), np.float64(3.0), np.float64(10.0), np.float64(30.0))",192,173,192,174,0.03140845461393092,-0.025525683604031308,False
Trametinib,MDAMB231,"(np.float64(0.003), np.float64(0.1), np.float64(0.3), np.float64(1.0), np.float64(3.0), np.float64(10.0), np.float64(30.0))",192,173,192,176,0.026773646509625857,-0.020783752136069263,False
Trametinib,MDAMB231,"(np.float64(0.003), np.float64(0.1), np.float64(0.3), np.float64(1.0), np.float64(3.0), np.float64(10.0), np.float64(30.0))",192,173,192,177,0.07481248470239385,-0.06376533175586205,False
Trametinib,MDAMB231,"(np.float64(0.003), np.float64(0.1), np.float64(0.3), np.float64(1.0), np.float64(3.0), np.float64(10.0), np.float64(30.0))",192,173,192,178,0.03346917502630025,0.011821865037727562,False
Trametinib,MDAMB231,"(np.float64(0.003), np.float64(0.1), np.float64(0.3), np.float64(1.0), np.float64(3.0), np.float64(10.0), np.float64(30.0))",192,174,192,176,0.016142607535502868,0.004741931467962043,False
Trametinib,MDAMB231,"(np.float64(0.003), np.float64(0.1), np.float64(0.3), np.float64(1.0), np.float64(3.0), np.float64(10.0), np.float64(30.0))",192,174,192,177,0.046788225131855474,-0.03823964815183074,False
Trametinib,MDAMB231,"(np.float64(0.003), np.float64(0.1), np.float64(0.3), np.float64(1.0), np.float64(3.0), np.float64(10.0), np.float64(30.0))",192,174,192,178,0.05222958438811707,0.03734754864175887,False
Trametinib,MDAMB231,"(np.float64(0.003), np.float64(0.1), np.float64(0.3), np.float64(1.0), np.float64(3.0), np.float64(10.0), np.float64(30.0))",192,176,192,177,0.05487612188086617,-0.04298157961979278,False
Trametinib,MDAMB231,"(np.float64(0.003), np.float64(0.1), np.float64(0.3), np.float64(1.0), np.float64(3.0), np.float64(10.0), np.float64(30.0))",192,176,192,178,0.05071596168645617,0.03260561717379683,False
Trametinib,MDAMB231,"(np.float64(0.003), np.float64(0.1), np.float64(0.3), np.float64(1.0), np.float64(3.0), np.float64(10.0), np.float64(30.0))",192,177,192,178,0.09120506783510787,0.0755871967935896,False
Trametinib,MFM-223,"(np.float64(0.03), np.float64(0.1), np.float64(0.3), np.float64(1.0), np.float64(3.0), np.float64(10.0), np.float64(30.0))",192,182,192,185,0.024663845540492835,-0.006497638073138253,False
Trametinib,MFM-223,"(np.float64(0.03), np.float64(0.1), np.float64(0.3), np.float64(1.0), np.float64(3.0), np.float64(10.0), np.float64(30.0))",192,182,192,186,0.03398886723558881,-0.013241226651410714,False
Trametinib,MFM-223,"(np.float64(0.03), np.float64(0.1), np.float64(0.3), np.float64(1.0), np.float64(3.0), np.float64(10.0), np.float64(30.0))",192,182,192,187,0.0715425277476763,-0.06897573538667638,False
Trametinib,MFM-223,"(np.float64(0.03), np.float64(0.1), np.float64(0.3), np.float64(1.0), np.float64(3.0), np.float64(10.0), np.float64(30.0))",192,182,192,188,0.057190199981262485,-0.047722548936815996,False
Trametinib,MFM-223,"(np.float64(0.03), np.float64(0.1), np.float64(0.3), np.float64(1.0), np.float64(3.0), np.float64(10.0), np.float64(30.0))",192,182,192,189,0.1399808311470859,-0.1191879338460673,False
Trametinib,MFM-223,"(np.float64(0.03), np.float64(0.1), np.float64(0.3), np.float64(1.0), np.float64(3.0), np.float64(10.0), np.float64(30.0))",192,182,192,190,0.033310024442871865,0.004371999195073584,False
Trametinib,MFM-223,"(np.float64(0.03), np.float64(0.1), np.float64(0.3), np.float64(1.0), np.float64(3.0), np.float64(10.0), np.float64(30.0))",192,182,192,191,0.03436354478001528,0.012094495010144877,False
Trametinib,MFM-223,"(np.float64(0.03), np.float64(0.1), np.float64(0.3), np.float64(1.0), np.float64(3.0), np.float64(10.0), np.float64(30.0))",192,182,192,192,0.049406666480442306,0.011185966090724864,False
Trametinib,MFM-223,"(np.float64(0.03), np.float64(0.1), np.float64(0.3), np.float64(1.0), np.float64(3.0), np.float64(10.0), np.float64(30.0))",192,185,192,186,0.03872603305080175,-0.00674358857827246,False
Trametinib,MFM-223,"(np.float64(0.03), np.float64(0.1), np.float64(0.3), np.float64(1.0), np.float64(3.0), np.float64(10.0), np.float64(30.0))",192,185,192,187,0.06966878317229555,-0.062478097313538136,False
Trametinib,MFM-223,"(np.float64(0.03), np.float64(0.1), np.float64(0.3), np.float64(1.0), np.float64(3.0), np.float64(10.0), np.float64(30.0))",192,185,192,188,0.053788660476224034,-0.041224910863677744,False
Trametinib,MFM-223,"(np.float64(0.03), np.float64(0.1), np.float64(0.3), np.float64(1.0), np.float64(3.0), np.float64(10.0), np.float64(30.0))",192,185,192,189,0.12990082504404005,-0.11269029577292904,False
Trametinib,MFM-223,"(np.float64(0.03), np.float64(0.1), np.float64(0.3), np.float64(1.0), np.float64(3.0), np.float64(10.0), np.float64(30.0))",192,185,192,190,0.041395080336072934,0.010869637268211838,False
Trametinib,MFM-223,"(np.float64(0.03), np.float64(0.1), np.float64(0.3), np.float64(1.0), np.float64(3.0), np.float64(10.0), np.float64(30.0))",192,185,192,191,0.03880029012018546,0.01859213308328313,False
Trametinib,MFM-223,"(np.float64(0.03), np.float64(0.1), np.float64(0.3), np.float64(1.0), np.float64(3.0), np.float64(10.0), np.float64(30.0))",192,185,192,192,0.05230606668232842,0.017683604163863116,False
Trametinib,MFM-223,"(np.float64(0.03), np.float64(0.1), np.float64(0.3), np.float64(1.0), np.float64(3.0), np.float64(10.0), np.float64(30.0))",192,186,192,187,0.07179659509817116,-0.05573450873526568,False
Trametinib,MFM-223,"(np.float64(0.03), np.float64(0.1), np.float64(0.3), np.float64(1.0), np.float64(3.0), np.float64(10.0), np.float64(30.0))",192,186,192,188,0.06313671406072563,-0.034481322285405284,False
Trametinib,MFM-223,"(np.float64(0.03), np.float64(0.1), np.float64(0.3), np.float64(1.0), np.float64(3.0), np.float64(10.0), np.float64(30.0))",192,186,192,189,0.1222969653552489,-0.10594670719465658,False
Trametinib,MFM-223,"(np.float64(0.03), np.float64(0.1), np.float64(0.3), np.float64(1.0), np.float64(3.0), np.float64(10.0), np.float64(30.0))",192,186,192,190,0.06045139139422598,0.0176132258464843,False
Trametinib,MFM-223,"(np.float64(0.03), np.float64(0.1), np.float64(0.3), np.float64(1.0), np.float64(3.0), np.float64(10.0), np.float64(30.0))",192,186,192,191,0.04729768435567195,0.02533572166155559,False
Trametinib,MFM-223,"(np.float64(0.03), np.float64(0.1), np.float64(0.3), np.float64(1.0), np.float64(3.0), np.float64(10.0), np.float64(30.0))",192,186,192,192,0.08156835255491907,0.02442719274213558,False
Trametinib,MFM-223,"(np.float64(0.03), np.float64(0.1), np.float64(0.3), np.float64(1.0), np.float64(3.0), np.float64(10.0), np.float64(30.0))",192,187,192,188,0.046203298133113364,0.02125318644986039,False
Trametinib,MFM-223,"(np.float64(0.03), np.float64(0.1), np.float64(0.3), np.float64(1.0), np.float64(3.0), np.float64(10.0), np.float64(30.0))",192,187,192,189,0.10036650918012131,-0.05021219845939091,False
Trametinib,MFM-223,"(np.float64(0.03), np.float64(0.1), np.float64(0.3), np.float64(1.0), np.float64(3.0), np.float64(10.0), np.float64(30.0))",192,187,192,190,0.0809816627057118,0.07334773458174997,False
Trametinib,MFM-223,"(np.float64(0.03), np.float64(0.1), np.float64(0.3), np.float64(1.0), np.float64(3.0), np.float64(10.0), np.float64(30.0))",192,187,192,191,0.0908097368711077,0.08107023039682126,False
Trametinib,MFM-223,"(np.float64(0.03), np.float64(0.1), np.float64(0.3), np.float64(1.0), np.float64(3.0), np.float64(10.0), np.float64(30.0))",192,187,192,192,0.08993870675182246,0.08016170147740125,False
Trametinib,MFM-223,"(np.float64(0.03), np.float64(0.1), np.float64(0.3), np.float64(1.0), np.float64(3.0), np.float64(10.0), np.float64(30.0))",192,188,192,189,0.09869854270507333,-0.07146538490925129,False
Trametinib,MFM-223,"(np.float64(0.03), np.float64(0.1), np.float64(0.3), np.float64(1.0), np.float64(3.0), np.float64(10.0), np.float64(30.0))",192,188,192,190,0.067050241464373,0.05209454813188958,False
Trametinib,MFM-223,"(np.float64(0.03), np.float64(0.1), np.float64(0.3), np.float64(1.0), np.float64(3.0), np.float64(10.0), np.float64(30.0))",192,188,192,191,0.07948270654177954,0.05981704394696087,False
Trametinib,MFM-223,"(np.float64(0.03), np.float64(0.1), np.float64(0.3), np.float64(1.0), np.float64(3.0), np.float64(10.0), np.float64(30.0))",192,188,192,192,0.07322467162152452,0.05890851502754086,False
Trametinib,MFM-223,"(np.float64(0.03), np.float64(0.1), np.float64(0.3), np.float64(1.0), np.float64(3.0), np.float64(10.0), np.float64(30.0))",192,189,192,190,0.15150068342262055,0.12355993304114088,False
Trametinib,MFM-223,"(np.float64(0.03), np.float64(0.1), np.float64(0.3), np.float64(1.0), np.float64(3.0), np.float64(10.0), np.float64(30.0))",192,189,192,191,0.15104836578209166,0.13128242885621216,False
Trametinib,MFM-223,"(np.float64(0.03), np.float64(0.1), np.float64(0.3), np.float64(1.0), np.float64(3.0), np.float64(10.0), np.float64(30.0))",192,189,192,192,0.16645424920562704,0.13037389993679216,False
Trametinib,MFM-223,"(np.float64(0.03), np.float64(0.1), np.float64(0.3), np.float64(1.0), np.float64(3.0), np.float64(10.0), np.float64(30.0))",192,190,192,191,0.031066459577381834,0.007722495815071292,False
Trametinib,MFM-223,"(np.float64(0.03), np.float64(0.1), np.float64(0.3), np.float64(1.0), np.float64(3.0), np.float64(10.0), np.float64(30.0))",192,190,192,192,0.03881899184862839,0.00681396689565128,False
Trametinib,MFM-223,"(np.float64(0.03), np.float64(0.1), np.float64(0.3), np.float64(1.0), np.float64(3.0), np.float64(10.0), np.float64(30.0))",192,191,192,192,0.06205518701340274,-0.000908528919420012,False
